section_id,donor_id,representation,backend,seed,n_spots,raw_accuracy,raw_ari,raw_nmi,refined_accuracy,refined_ari,refined_nmi
151507,1,R1,kmeans,0,4221,0.3920871831319592,0.18530406046346684,0.2065551940008681,0.4361525704809287,0.24373262573645793,0.26047078138964064
151507,1,R1,kmeans,1,4221,0.3037194977493485,0.12612331857591494,0.19446002158215095,0.32669983416252074,0.14926457525212491,0.22705041246396504
151507,1,R1,kmeans,2,4221,0.376924899312959,0.18334505732953055,0.19421907820131049,0.4214641080312722,0.24495928101481826,0.25044403005286264
151507,1,R1,kmeans,3,4221,0.3705283108268183,0.1731432804138737,0.2033245335509643,0.421937929400616,0.24411689969774145,0.2704572678959215
151507,1,R1,kmeans,4,4221,0.37337123904288083,0.17827505440949434,0.19687319851593885,0.4207533759772566,0.2470242260043797,0.262439201951487
151507,1,R1,kmeans,5,4221,0.3582089552238806,0.1663669673806206,0.18665268308535465,0.4018005212035063,0.2233776209350459,0.23800944761907608
151507,1,R1,kmeans,6,4221,0.32551528073916136,0.13326907620179748,0.19710570974128755,0.3619995261786307,0.16411358340408355,0.2334377248707037
151507,1,R1,kmeans,7,4221,0.3792940061596778,0.1754975298591037,0.19740781451165376,0.42217484008528783,0.2352245520352962,0.25426099703068167
151507,1,R1,kmeans,8,4221,0.373134328358209,0.17774280611121,0.19291112832109267,0.4124615020137408,0.23069867056707083,0.24435925722621535
151507,1,R1,kmeans,9,4221,0.37550343520492774,0.17188779345850455,0.20026536109194232,0.42383321487799097,0.23950494716745405,0.2616858436719816
151507,1,R1,gmm,0,4221,0.3039564084340204,0.032593947024036465,0.09360154365780192,0.33285951196398955,0.03438181984618034,0.09645752177494299
151507,1,R1,gmm,1,4221,0.27197346600331673,0.04923002257107253,0.10764397097738662,0.28476664297559817,0.05538167107145285,0.11784961341902891
151507,1,R1,gmm,2,4221,0.2703150912106136,0.05432332539291301,0.11075976766381843,0.304667140488036,0.06503281406519196,0.11790868574905837
151507,1,R1,gmm,3,4221,0.26794598436389483,0.047449082882981324,0.1106110977094003,0.2823975361288794,0.04843614657352919,0.1105371930770452
151507,1,R1,gmm,4,4221,0.2748163942193793,0.0494225792814492,0.10259276443718097,0.3039564084340204,0.05833799518373005,0.11754878022881152
151507,1,R1,gmm,5,4221,0.2705520018952855,0.0410378248421752,0.10393991229514166,0.28879412461502013,0.040602088132799204,0.10542685171732008
151507,1,R1,gmm,6,4221,0.3011134802179578,0.07847331353191565,0.15061254607839103,0.33854536839611465,0.09869232718341067,0.1771544128898605
151507,1,R1,gmm,7,4221,0.2745794835347074,0.05885976577982611,0.11930514800622885,0.3058516939113954,0.07406583935297924,0.13735574972694506
151507,1,R1,gmm,8,4221,0.263681592039801,0.06337028585743178,0.12194570581169795,0.2866619284529732,0.07081202672126577,0.13672536436072308
151507,1,R1,gmm,9,4221,0.3089315328121298,0.056217306270142466,0.12834109028402618,0.3473110637289742,0.06568418013610196,0.1388003294596899
151507,1,R1,leiden,0,4221,0.3411513859275053,0.11165346107042731,0.11352635790957974,0.37763563136697464,0.15134342398669667,0.16859855913470648
151507,1,R1,leiden,1,4221,0.3551291163231462,0.1165070763055624,0.1188133708119898,0.392561004501303,0.15607765521888525,0.1739233175818125
151507,1,R1,leiden,2,4221,0.34399431414356785,0.11203334958416702,0.11320403808353534,0.38474295190713104,0.1557903587220552,0.17074087350965553
151507,1,R1,leiden,3,4221,0.3468372423596304,0.11648683235272668,0.11859926297013555,0.3859275053304904,0.1591375270945852,0.17860838250799282
151507,1,R1,leiden,4,4221,0.3380715470267709,0.11020043613185647,0.11169580572083697,0.38118929163705284,0.15618889046426743,0.1708902890855432
151507,1,R1,leiden,5,4221,0.3416252072968491,0.11157264924393452,0.11267496012627216,0.38403221985311536,0.15810262382921814,0.17339180313061642
151507,1,R1,leiden,6,4221,0.34352049277422414,0.11452840728168869,0.11718457937451378,0.38545368396114665,0.15775192811657002,0.17683416230750218
151507,1,R1,leiden,7,4221,0.33641317223406775,0.1093637008811924,0.10979905874859502,0.38521677327647474,0.15825370279297463,0.17323372871858658
151507,1,R1,leiden,8,4221,0.3416252072968491,0.10937915386270068,0.11039856677800175,0.38095238095238093,0.15300969641940743,0.16996189637294776
151507,1,R1,leiden,9,4221,0.3449419568822554,0.11325352668884058,0.11478387553958903,0.38332148779909975,0.1539981609275546,0.17322134161631234
151507,1,R2,kmeans,0,4221,0.2959014451551765,0.12908721276529964,0.1778154374451357,0.32883203032456765,0.16649850654628487,0.20041390612263818
151507,1,R2,kmeans,1,4221,0.29661217720919214,0.1297929752465852,0.1779687315850852,0.3290689410092395,0.16669017603501468,0.2002632524494326
151507,1,R2,kmeans,2,4221,0.2959014451551765,0.12908721276529964,0.17781543744513567,0.32883203032456765,0.16649850654628487,0.20041390612263815
151507,1,R2,kmeans,3,4221,0.2961383558398484,0.12924344860753229,0.1778521013565253,0.3290689410092395,0.16676922537775693,0.2004866189255055
151507,1,R2,kmeans,4,4221,0.2959014451551765,0.12908721276529964,0.17781543744513564,0.32883203032456765,0.16649850654628487,0.20041390612263815
151507,1,R2,kmeans,5,4221,0.2959014451551765,0.12908721276529964,0.17781543744513567,0.32883203032456765,0.16649850654628487,0.20041390612263815
151507,1,R2,kmeans,6,4221,0.2959014451551765,0.12908721276529964,0.17781543744513564,0.32883203032456765,0.16649850654628487,0.20041390612263812
151507,1,R2,kmeans,7,4221,0.2959014451551765,0.12908721276529964,0.17781543744513564,0.32883203032456765,0.16649850654628487,0.20041390612263815
151507,1,R2,kmeans,8,4221,0.296849087893864,0.1301988972428454,0.1782597288317476,0.3293058516939114,0.16758767450695966,0.2009816986056672
151507,1,R2,kmeans,9,4221,0.2959014451551765,0.12908721276529964,0.17781543744513567,0.32883203032456765,0.16649850654628487,0.20041390612263818
151507,1,R2,gmm,0,4221,0.28760957119166075,0.12803486042042259,0.17572026627240112,0.31627576403695806,0.16413065755701728,0.19663629841201694
151507,1,R2,gmm,1,4221,0.2828713574982232,0.12235368608430416,0.17675926465158953,0.3101160862354892,0.15289810332728845,0.19700011729968558
151507,1,R2,gmm,2,4221,0.2828713574982232,0.12235368608430416,0.17675926465158956,0.3101160862354892,0.15289810332728845,0.1970001172996856
151507,1,R2,gmm,3,4221,0.28547737502961384,0.1254485296342779,0.17500033752293973,0.3139066571902393,0.159967827603594,0.19563870781723972
151507,1,R2,gmm,4,4221,0.28760957119166075,0.12803486042042259,0.1757202662724011,0.31627576403695806,0.16413065755701728,0.19663629841201694
151507,1,R2,gmm,5,4221,0.2828713574982232,0.12235368608430416,0.17675926465158956,0.3101160862354892,0.15289810332728845,0.1970001172996856
151507,1,R2,gmm,6,4221,0.2828713574982232,0.12235368608430416,0.17675926465158956,0.3101160862354892,0.15289810332728845,0.1970001172996856
151507,1,R2,gmm,7,4221,0.2828713574982232,0.12235368608430416,0.17675926465158953,0.3101160862354892,0.15289810332728845,0.19700011729968564
151507,1,R2,gmm,8,4221,0.2828713574982232,0.12235368608430416,0.17675926465158956,0.3101160862354892,0.15289810332728845,0.19700011729968558
151507,1,R2,gmm,9,4221,0.2828713574982232,0.12235368608430416,0.17675926465158956,0.3101160862354892,0.15289810332728845,0.1970001172996856
151507,1,R2,leiden,0,4221,0.2681828950485667,0.1031914509042465,0.17330822769393994,0.2809760720208481,0.11355599300573721,0.1841463969426913
151507,1,R2,leiden,1,4221,0.31532812129827054,0.13801084156312202,0.18128898796314413,0.3430466714048804,0.1747981779519111,0.21115018340485125
151507,1,R2,leiden,2,4221,0.27078891257995735,0.10329098718417896,0.1730621758257878,0.28547737502961384,0.11377518640625861,0.18384556370350746
151507,1,R2,leiden,3,4221,0.28950485666903575,0.13610182690142783,0.17629771997415047,0.3167495854063018,0.17610188944277583,0.20110608105282538
151507,1,R2,leiden,4,4221,0.3167495854063018,0.1402969351299404,0.1816814131783866,0.343757403458896,0.17689191785176822,0.21101866016670875
151507,1,R2,leiden,5,4221,0.2923477848850983,0.13245027833148257,0.17597710022825427,0.3150912106135987,0.16715527819259135,0.1974519020961191
151507,1,R2,leiden,6,4221,0.2923477848850983,0.11314476396831763,0.18187013680596056,0.3094053541814736,0.12753160044503123,0.19814871950326932
151507,1,R2,leiden,7,4221,0.27410566216536364,0.10491030365356926,0.17332612606410575,0.28832030324567637,0.11462143316128062,0.18431320675585666
151507,1,R2,leiden,8,4221,0.28476664297559817,0.11048992424097501,0.18076912718985386,0.29850746268656714,0.12143174107228392,0.194234343155168
151507,1,R2,leiden,9,4221,0.3167495854063018,0.12345608471234257,0.1828357091633636,0.3394930111348022,0.1378826246865985,0.19984189339838385
151507,1,R3,kmeans,0,4221,0.439469320066335,0.15858914922678957,0.26708267093992727,0.4494195688225539,0.17002091528505167,0.2942256461821187
151507,1,R3,kmeans,1,4221,0.43994314143567875,0.1600374192188642,0.2696904904549311,0.45036721156124143,0.17060475072831824,0.29667926496824176
151507,1,R3,kmeans,2,4221,0.4051172707889126,0.14195062815653955,0.2569842553602398,0.4129353233830846,0.14806000960668703,0.2804546889721107
151507,1,R3,kmeans,3,4221,0.43757403458895994,0.15818397274419566,0.262503845272012,0.4479981047145226,0.16935711664659991,0.294372048219974
151507,1,R3,kmeans,4,4221,0.4039327173655532,0.14327754559820072,0.2565493309266827,0.41222459132906897,0.1497476978907108,0.2819791165071754
151507,1,R3,kmeans,5,4221,0.4036958066808813,0.1432346787276598,0.25630533358338303,0.4124615020137408,0.14976045690716275,0.28166140393283523
151507,1,R3,kmeans,6,4221,0.43994314143567875,0.1600374192188642,0.2696904904549311,0.45036721156124143,0.17060475072831824,0.2966792649682417
151507,1,R3,kmeans,7,4221,0.40345889599620943,0.14455560319302038,0.24543279551553993,0.42217484008528783,0.1637119847296474,0.2750155921827186
151507,1,R3,kmeans,8,4221,0.35110163468372424,0.12277334651550936,0.23654443360990382,0.3579720445392087,0.12848036139277647,0.2617638535634944
151507,1,R3,kmeans,9,4221,0.43994314143567875,0.1600374192188642,0.2696904904549311,0.45036721156124143,0.17060475072831824,0.29667926496824176
151507,1,R3,gmm,0,4221,0.3338071547026771,0.13198004914474296,0.2169589468186674,0.3447050461975835,0.1413490441222856,0.23310514989284667
151507,1,R3,gmm,1,4221,0.3333333333333333,0.13208609301018776,0.21753505434964468,0.34280976072020847,0.14101888217893688,0.23441153943085238
151507,1,R3,gmm,2,4221,0.3335702440180052,0.13211682011467246,0.21745461077851608,0.34423122482823976,0.14136167118567206,0.23481201728966936
151507,1,R3,gmm,3,4221,0.33001658374792703,0.13040691568594134,0.21502271682386478,0.3392561004501303,0.13912457773155074,0.2295974911356909
151507,1,R3,gmm,4,4221,0.334044065387349,0.1320978866150643,0.21734558310208282,0.3449419568822554,0.14161741772102102,0.23484811041583112
151507,1,R3,gmm,5,4221,0.3338071547026771,0.13200798992006438,0.21700900007648655,0.3447050461975835,0.14137613469077956,0.23314963834256744
151507,1,R3,gmm,6,4221,0.334044065387349,0.1319215919011151,0.21692886661900343,0.3451788675669273,0.14131219436185838,0.23308598784783036
151507,1,R3,gmm,7,4221,0.3338071547026771,0.13192333879927268,0.21720605343007143,0.3447050461975835,0.14135031480757695,0.2330322215977075
151507,1,R3,gmm,8,4221,0.35536602700781805,0.15508120901875835,0.23150927857875409,0.369106846718787,0.17042605126029475,0.25528480815112964
151507,1,R3,gmm,9,4221,0.3333333333333333,0.13208609301018776,0.21753505434964468,0.34280976072020847,0.14101888217893688,0.23441153943085236
151507,1,R3,leiden,0,4221,0.400379057095475,0.22814439851172147,0.35166870982477505,0.42122719734660036,0.25337713269257867,0.39354362187031716
151507,1,R3,leiden,1,4221,0.4487088367685383,0.23690666086070217,0.35633046444709116,0.4716891731817105,0.26989534954320443,0.3950091269854542
151507,1,R3,leiden,2,4221,0.36886993603411516,0.19552101088555227,0.3153021498354643,0.38261075574508413,0.2092510866655425,0.3379457574478779
151507,1,R3,leiden,3,4221,0.4200426439232409,0.2298078978890193,0.34226838680207894,0.4408907841743663,0.2560717410913352,0.3765439611707152
151507,1,R3,leiden,4,4221,0.42170101871594406,0.23011290426075162,0.36056535945051005,0.4458659085524757,0.25960286678949795,0.4000762529827328
151507,1,R3,leiden,5,4221,0.4136460554371002,0.22865039306645327,0.36632724803105093,0.42857142857142855,0.24483699163405892,0.395524861609101
151507,1,R3,leiden,6,4221,0.41459369817578773,0.2272744220123158,0.34207154512790977,0.4382847666429756,0.2545690842859663,0.37340209599815466
151507,1,R3,leiden,7,4221,0.41554134091447525,0.24291071513945206,0.3675044233536857,0.429755981994788,0.2614232156109417,0.3954004630385174
151507,1,R3,leiden,8,4221,0.43425728500355365,0.22318204749144804,0.3484646145009257,0.4584221748400853,0.26014098600240493,0.39644941793867966
151507,1,R3,leiden,9,4221,0.46292347784885096,0.2719137657527657,0.37871152635969174,0.47547974413646055,0.2929462612637908,0.41483109165517434
151507,1,R4,kmeans,0,4221,0.3946932006633499,0.19676822501189756,0.28733770691739924,0.4247808576166785,0.22666148259718213,0.33366407589364805
151507,1,R4,kmeans,1,4221,0.39445628997867804,0.19628426022205284,0.28711088428504766,0.4247808576166785,0.2261466516623148,0.3333996658718763
151507,1,R4,kmeans,2,4221,0.39232409381663114,0.1955878401880418,0.28660896121111473,0.42099028666192845,0.22440928293761309,0.3315588141124619
151507,1,R4,kmeans,3,4221,0.3949301113480218,0.1965500608890251,0.2872477836185046,0.4250177683013504,0.2263252638753779,0.33342982459963033
151507,1,R4,kmeans,4,4221,0.3946932006633499,0.19667308884870896,0.28725660782876594,0.4247808576166785,0.2265493394255415,0.3335836212546281
151507,1,R4,kmeans,5,4221,0.3946932006633499,0.19638764035195663,0.28710359450353573,0.4247808576166785,0.22606298073413317,0.3332161530702383
151507,1,R4,kmeans,6,4221,0.3935086472399905,0.19594404370751808,0.2867368135540942,0.4228855721393035,0.22538433644132794,0.33332213120506343
151507,1,R4,kmeans,7,4221,0.3927979151859749,0.19610179145411544,0.28768276651353325,0.421937929400616,0.2256296516840014,0.3336493127207434
151507,1,R4,kmeans,8,4221,0.3946932006633499,0.19676822501189756,0.2873377069173992,0.4247808576166785,0.22666148259718213,0.333664075893648
151507,1,R4,kmeans,9,4221,0.3920871831319592,0.19541001716097955,0.2864911066877727,0.42122719734660036,0.22446253930766086,0.331523486352383
151507,1,R4,gmm,0,4221,0.3096422648661455,0.13220390866142992,0.1833610043980427,0.3361762615493959,0.16434126300575017,0.20468902226862815
151507,1,R4,gmm,1,4221,0.3037194977493485,0.13910969346518307,0.181250663622275,0.33214877990997393,0.17650212865011214,0.2055617074421076
151507,1,R4,gmm,2,4221,0.3037194977493485,0.13910969346518307,0.18125066362227504,0.33214877990997393,0.17650212865011214,0.20556170744210764
151507,1,R4,gmm,3,4221,0.29874437337123905,0.1323912169119643,0.18227898527178288,0.32527837005448945,0.16547229564570065,0.20312559866030588
151507,1,R4,gmm,4,4221,0.3096422648661455,0.13219461650230804,0.18337499778371388,0.3361762615493959,0.1643606206802604,0.2046934663165993
151507,1,R4,gmm,5,4221,0.3037194977493485,0.1390585406777817,0.18121974741320873,0.33238569059464584,0.17643276865218874,0.20553734421936012
151507,1,R4,gmm,6,4221,0.3037194977493485,0.13910969346518307,0.18125066362227504,0.33214877990997393,0.17650212865011214,0.2055617074421076
151507,1,R4,gmm,7,4221,0.3096422648661455,0.13219461650230804,0.18337499778371386,0.3361762615493959,0.1643606206802604,0.2046934663165993
151507,1,R4,gmm,8,4221,0.3037194977493485,0.13906815529034214,0.18124429556566996,0.33238569059464584,0.17643610019656317,0.20555887616443091
151507,1,R4,gmm,9,4221,0.3037194977493485,0.13910969346518307,0.181250663622275,0.33214877990997393,0.17650212865011214,0.2055617074421076
151507,1,R4,leiden,0,4221,0.4939587775408671,0.3108736718589598,0.32701814736782825,0.5418147358445866,0.36993279567981896,0.3956849787314437
151507,1,R4,leiden,1,4221,0.4262023217247098,0.24392716121880362,0.3353300987938558,0.4728737266050699,0.3022545852520244,0.4058911211533514
151507,1,R4,leiden,2,4221,0.5046197583511016,0.30848128255507773,0.33394548808476154,0.5517649846008055,0.3693548918270839,0.39654699059338894
151507,1,R4,leiden,3,4221,0.5043828476664297,0.3099051533419189,0.3553462588445158,0.5517649846008055,0.3763153187207258,0.4326268134478063
151507,1,R4,leiden,4,4221,0.40985548448235015,0.215543709362306,0.2973803309726476,0.4541577825159915,0.26454435414304883,0.3503552402344099
151507,1,R4,leiden,5,4221,0.44325989102108504,0.2621258878706644,0.3231252110255534,0.4683724235963042,0.2861752776577455,0.3671212122882515
151507,1,R4,leiden,6,4221,0.4361525704809287,0.2425641291736563,0.3330716779343023,0.48258706467661694,0.30204775210893414,0.3965706384053654
151507,1,R4,leiden,7,4221,0.4380478559583037,0.2584473047353223,0.33529516912317,0.48471926083866385,0.3204691913901853,0.3994286070317918
151507,1,R4,leiden,8,4221,0.3937455579246624,0.1982415167719973,0.30401212120397875,0.42217484008528783,0.22487366410206183,0.34828991195202796
151507,1,R4,leiden,9,4221,0.431651267472163,0.24841787117635933,0.3278395009942473,0.4738213693437574,0.302754047483469,0.38712286474834046
151507,1,R5,kmeans,0,4221,0.43923240938166314,0.20463770308825607,0.29664948338982666,0.4806917791992419,0.24296491549115667,0.35731045982005405
151507,1,R5,kmeans,1,4221,0.46552949538024163,0.22353674141601487,0.303006087678754,0.5105425254678986,0.26571797268536845,0.37514217775189046
151507,1,R5,kmeans,2,4221,0.464818763326226,0.22325803362666968,0.3021865881222673,0.509594882729211,0.26495864506594663,0.37400950145125933
151507,1,R5,kmeans,3,4221,0.4662402274342573,0.22370177447374012,0.30380816077063183,0.511727078891258,0.26642736079522633,0.37692417862649447
151507,1,R5,kmeans,4,4221,0.4641080312722104,0.22311974474101948,0.30198983321520867,0.5088841506751954,0.2649986211779943,0.3742275134505543
151507,1,R5,kmeans,5,4221,0.4660033167495854,0.2231973024986731,0.3041272354682845,0.5112532575219142,0.26569140804379854,0.3767408119561859
151507,1,R5,kmeans,6,4221,0.46458185264155416,0.22305738711625736,0.3017914353936537,0.5093579720445393,0.264926551087832,0.3739472134318332
151507,1,R5,kmeans,7,4221,0.46576640606491354,0.22309016064682996,0.3037306943733798,0.5107794361525705,0.2655601768595795,0.3762987339238391
151507,1,R5,kmeans,8,4221,0.46766169154228854,0.2234259947440986,0.30449041542506866,0.5122009002606017,0.26627271072039366,0.3763980820702791
151507,1,R5,kmeans,9,4221,0.4641080312722104,0.22307005797638138,0.30227606714687577,0.5088841506751954,0.264915144928426,0.3744985437464797
151507,1,R5,gmm,0,4221,0.2790807865434731,0.11583158853015159,0.18003559933372193,0.30656242596541106,0.1386057316962531,0.19551146073517173
151507,1,R5,gmm,1,4221,0.2790807865434731,0.11584718937605921,0.17998898492979282,0.3067993366500829,0.13862251586701504,0.19557199874506148
151507,1,R5,gmm,2,4221,0.28050225065150436,0.11825052835775707,0.17900473617052742,0.3067993366500829,0.14521954711807203,0.197549778543438
151507,1,R5,gmm,3,4221,0.2790807865434731,0.11584718937605921,0.1799889849297928,0.3067993366500829,0.13862251586701504,0.1955719987450615
151507,1,R5,gmm,4,4221,0.3032456763800047,0.13883180433875877,0.19441576369895386,0.3368869936034115,0.17168779974466614,0.2165721065667979
151507,1,R5,gmm,5,4221,0.279317697228145,0.11579269011917656,0.17997969318183976,0.3067993366500829,0.13856307852685112,0.19543638136139732
151507,1,R5,gmm,6,4221,0.3032456763800047,0.13885668298440212,0.19445805041144623,0.3368869936034115,0.17170006779100735,0.21660939857080289
151507,1,R5,gmm,7,4221,0.279317697228145,0.1158729167929845,0.18006187516490513,0.3070362473347548,0.13864317847505442,0.19563998162333907
151507,1,R5,gmm,8,4221,0.2790807865434731,0.11582589478894051,0.179967598440566,0.3075100687040986,0.13868937961050665,0.19548934350328218
151507,1,R5,gmm,9,4221,0.3032456763800047,0.13883515454049317,0.194385720514399,0.3368869936034115,0.1716660462418426,0.21655982271276966
151507,1,R5,leiden,0,4221,0.43923240938166314,0.23819435667435848,0.32764202304477547,0.4892205638474295,0.29143905762678446,0.3756918130724832
151507,1,R5,leiden,1,4221,0.4695569770196636,0.27432992579458493,0.3227901364986887,0.5167022032693674,0.32976460442604816,0.3783339488236364
151507,1,R5,leiden,2,4221,0.4603174603174603,0.24060704938050598,0.3199504763120464,0.501776830135039,0.2774171082252236,0.3724898888747172
151507,1,R5,leiden,3,4221,0.468846244965648,0.24830417731075666,0.3275942594380582,0.5015399194503672,0.2771483824668628,0.3678510347248378
151507,1,R5,leiden,4,4221,0.44776119402985076,0.2444493130004244,0.3249811859903362,0.49774934849561714,0.30093350477024466,0.377405897985048
151507,1,R5,leiden,5,4221,0.4773750296138356,0.28453647776719715,0.33530795127765484,0.5219142383321488,0.3316818166189985,0.38356781278086943
151507,1,R5,leiden,6,4221,0.43449419568822556,0.23887111921982676,0.33222423770003495,0.4892205638474295,0.3009430983750463,0.3886355172652864
151507,1,R5,leiden,7,4221,0.3937455579246624,0.20632803630775642,0.31339523053290586,0.4200426439232409,0.23165278849732884,0.3487712487995663
151507,1,R5,leiden,8,4221,0.47998104714522627,0.25281554299005443,0.3355829463705255,0.5091210613598673,0.27777168962171944,0.3818942707764301
151507,1,R5,leiden,9,4221,0.41554134091447525,0.20157053351957363,0.3129851041624843,0.44965647950722576,0.2295995085213997,0.3508418193618836
151507,1,R6,kmeans,0,4221,0.46458185264155416,0.22305738711625736,0.3017914353936537,0.5093579720445393,0.264926551087832,0.3739472134318332
151507,1,R6,kmeans,1,4221,0.4660033167495854,0.2232456240722487,0.30473089340509374,0.5112532575219142,0.265607910803955,0.377012399120388
151507,1,R6,kmeans,2,4221,0.464818763326226,0.22310326156826635,0.3021341001488468,0.509594882729211,0.26495864506594663,0.37400950145125933
151507,1,R6,kmeans,3,4221,0.4674247808576167,0.22348197314743992,0.3052874670668873,0.5126747216299455,0.2665811773257036,0.37740264913264476
151507,1,R6,kmeans,4,4221,0.4660033167495854,0.2235203971236033,0.30457748578026006,0.5114901682065861,0.2663153558188357,0.3774352079920863
151507,1,R6,kmeans,5,4221,0.4641080312722104,0.22307005797638138,0.3022760671468758,0.5088841506751954,0.264915144928426,0.3744985437464797
151507,1,R6,kmeans,6,4221,0.4641080312722104,0.22307005797638138,0.3022760671468758,0.5088841506751954,0.264915144928426,0.37449854374647956
151507,1,R6,kmeans,7,4221,0.4652925846955698,0.22325983980183797,0.3029689922603184,0.5107794361525705,0.2659482094082467,0.3755656035011367
151507,1,R6,kmeans,8,4221,0.4660033167495854,0.2231973024986731,0.30412723546828446,0.5112532575219142,0.26569140804379854,0.376740811956186
151507,1,R6,kmeans,9,4221,0.4641080312722104,0.22307005797638138,0.3022760671468758,0.5088841506751954,0.264915144928426,0.3744985437464797
151507,1,R6,gmm,0,4221,0.33285951196398955,0.12581227879820947,0.21444623142761743,0.34399431414356785,0.1346016264075764,0.2276252971383284
151507,1,R6,gmm,1,4221,0.33285951196398955,0.12597650310723382,0.21474855297010792,0.34352049277422414,0.1344406161738068,0.2276059209259232
151507,1,R6,gmm,2,4221,0.33025349443259894,0.1401133481055009,0.21859614195893165,0.33783463634209904,0.14707780861914282,0.22939270303781872
151507,1,R6,gmm,3,4221,0.33214877990997393,0.12559856770511763,0.21450543383245133,0.34280976072020847,0.13415104732509991,0.22752387616260292
151507,1,R6,gmm,4,4221,0.3338071547026771,0.12626348158871709,0.2156870449685543,0.34328358208955223,0.13474563047808646,0.22846474222398516
151507,1,R6,gmm,5,4221,0.33285951196398955,0.12589561107875125,0.21460770608184632,0.34399431414356785,0.1346656290770813,0.22766460062706492
151507,1,R6,gmm,6,4221,0.33025349443259894,0.1401133481055009,0.21859614195893165,0.33783463634209904,0.14707780861914282,0.22939270303781872
151507,1,R6,gmm,7,4221,0.33238569059464584,0.12594378004649284,0.21505319532513215,0.3430466714048804,0.13447788810441147,0.2281442904732906
151507,1,R6,gmm,8,4221,0.3335702440180052,0.12600792837620609,0.21543267626101578,0.3425728500355366,0.13422292509918513,0.22819305116141003
151507,1,R6,gmm,9,4221,0.34328358208955223,0.13681113888806812,0.2189809495316484,0.35868277659322434,0.15048125469590432,0.23713946227836033
151507,1,R6,leiden,0,4221,0.4479981047145226,0.25053295791024516,0.3128651751237606,0.4906420279554608,0.2969851465646329,0.3609011816871105
151507,1,R6,leiden,1,4221,0.4989339019189765,0.2829524049574115,0.3434767860939982,0.5484482350153992,0.33765125056176526,0.4003185005382636
151507,1,R6,leiden,2,4221,0.3927979151859749,0.2076305661207202,0.3187372466530919,0.4129353233830846,0.22897291999694713,0.3531278143557173
151507,1,R6,leiden,3,4221,0.46363420990286663,0.2684201252430884,0.321503297062,0.5107794361525705,0.32081088794321155,0.37272927464077693
151507,1,R6,leiden,4,4221,0.4633972992181947,0.24538434006025756,0.32530132745453666,0.49774934849561714,0.27562826638590715,0.37268873160094473
151507,1,R6,leiden,5,4221,0.43236199952617865,0.24124716048424139,0.3217896617708354,0.4534470504619758,0.2598433147231171,0.35538627313410104
151507,1,R6,leiden,6,4221,0.4171997157071784,0.2030425355064984,0.3152429699397982,0.45036721156124143,0.23045630753678192,0.35312691773348687
151507,1,R6,leiden,7,4221,0.4207533759772566,0.21966002669283713,0.31748840915016047,0.4612651030561478,0.2564294524796351,0.35415659086487206
151507,1,R6,leiden,8,4221,0.4842454394693201,0.2842332769223892,0.3359796780341314,0.5294953802416489,0.33674456290179205,0.3885949601629182
151507,1,R6,leiden,9,4221,0.3939824686093343,0.20119858938027013,0.31344595227290395,0.4169628050225065,0.2208878953620511,0.3454600548152593
151507,1,R7,kmeans,0,4221,0.27765932243544184,0.11926150012766822,0.17842695210860318,0.30229803364131724,0.14345652874257714,0.2038299241706027
151507,1,R7,kmeans,1,4221,0.279317697228145,0.11987174947292505,0.17817855771761693,0.29850746268656714,0.1424196550139861,0.20144549345645127
151507,1,R7,kmeans,2,4221,0.279317697228145,0.1196698541693082,0.17825061724944902,0.29874437337123905,0.1422236784425994,0.20104495311739956
151507,1,R7,kmeans,3,4221,0.28310826818289503,0.1187606216950183,0.1776273247008762,0.2992181947405828,0.14125788910812348,0.20225382310157594
151507,1,R7,kmeans,4,4221,0.2823975361288794,0.11880546684995337,0.1777922687629812,0.2982705520018953,0.14083785988189645,0.20152551544258587
151507,1,R7,kmeans,5,4221,0.27979151859748874,0.1204792087469879,0.17877757203730002,0.30300876569533286,0.1437817952273983,0.20191636494678492
151507,1,R7,kmeans,6,4221,0.2795546079128169,0.12009340403408535,0.17829970846210053,0.302771855010661,0.14363391590392627,0.2017215253577173
151507,1,R7,kmeans,7,4221,0.27837005448945745,0.12034925005111446,0.17849919701100161,0.3011134802179578,0.1435753683538795,0.2015568175913332
151507,1,R7,kmeans,8,4221,0.279317697228145,0.11800352444027332,0.1770445632543708,0.3034825870646766,0.14315072570608597,0.20249053785003296
151507,1,R7,kmeans,9,4221,0.2816868040748638,0.1183489958454778,0.17736479914428804,0.2977967306325515,0.14073850051716205,0.20172454191691422
151507,1,R7,gmm,0,4221,0.2745794835347074,0.10459084819613348,0.16833651458662646,0.28760957119166075,0.1194718392318145,0.1857092793906243
151507,1,R7,gmm,1,4221,0.2745794835347074,0.10459084819613348,0.1683365145866264,0.28760957119166075,0.1194718392318145,0.1857092793906243
151507,1,R7,gmm,2,4221,0.27434257285003555,0.10459718995818158,0.168348655031105,0.287135749822317,0.11942927996569049,0.18569876833622956
151507,1,R7,gmm,3,4221,0.27434257285003555,0.1045638177401559,0.16834122248453487,0.28737266050698884,0.11939588206011861,0.1856928823644175
151507,1,R7,gmm,4,4221,0.2767116796967543,0.09726742113283794,0.1698230864900227,0.2992181947405828,0.11025646101522225,0.18538723655701586
151507,1,R7,gmm,5,4221,0.2745794835347074,0.10459084819613348,0.16833651458662643,0.28760957119166075,0.1194718392318145,0.1857092793906243
151507,1,R7,gmm,6,4221,0.2745794835347074,0.10458424232271607,0.16836606620959657,0.2878464818763326,0.1194583963073021,0.18572457416136826
151507,1,R7,gmm,7,4221,0.27434257285003555,0.10456772444820768,0.16830811175710036,0.287135749822317,0.11938083776889549,0.18564450560482415
151507,1,R7,gmm,8,4221,0.2767116796967543,0.09817227298324074,0.17068842909170193,0.29850746268656714,0.11079052012501273,0.1859724174803712
151507,1,R7,gmm,9,4221,0.2745794835347074,0.10459084819613348,0.16833651458662646,0.28760957119166075,0.1194718392318145,0.18570927939062432
151507,1,R7,leiden,0,4221,0.2914001421464108,0.1046724564868596,0.17894102190376202,0.33096422648661455,0.12807180948683886,0.2014945502650952
151507,1,R7,leiden,1,4221,0.2859511963989576,0.11041406373920507,0.17102327339205603,0.3037194977493485,0.1244911625374667,0.19009077370329133
151507,1,R7,leiden,2,4221,0.26439232409381663,0.11022484650385052,0.16876911820921875,0.2705520018952855,0.12117199756367655,0.18466586782289338
151507,1,R7,leiden,3,4221,0.2724472873726605,0.09970016267087947,0.17128614843179302,0.3101160862354892,0.1202173226339261,0.18852182594459815
151507,1,R7,leiden,4,4221,0.2771855010660981,0.10912945853679992,0.16868895369789463,0.2899786780383795,0.12059094858968289,0.18519189718936457
151507,1,R7,leiden,5,4221,0.2546789860222696,0.10284668227814675,0.16259023910797046,0.2904524994077233,0.139507968350778,0.18074410068262486
151507,1,R7,leiden,6,4221,0.3025349443259891,0.11785466123348441,0.17212462620156513,0.3558398483771618,0.1662836768760784,0.20210016298411512
151507,1,R7,leiden,7,4221,0.27647476901208246,0.11108802224588633,0.1701673167027853,0.2928216062544421,0.12473002400156374,0.18757820110133433
151507,1,R7,leiden,8,4221,0.2703150912106136,0.10055904346293867,0.17332000668790337,0.3060886045960673,0.12026197760585362,0.19211182436311644
151507,1,R7,leiden,9,4221,0.25965411040037906,0.09744735589082998,0.17148073564216418,0.294953802416489,0.11681152023177449,0.1894875128515715
151507,1,R8,kmeans,0,4221,0.37763563136697464,0.18387858092150192,0.2851076135982759,0.40345889599620943,0.20453692659543365,0.31570828943503076
151507,1,R8,kmeans,1,4221,0.373134328358209,0.17885962023655202,0.2814217463834431,0.4010897891494906,0.1944362189128226,0.3095710113515486
151507,1,R8,kmeans,2,4221,0.38474295190713104,0.1851223594633067,0.2893202048607399,0.4150675195451315,0.20631136313874923,0.32472305270009993
151507,1,R8,kmeans,3,4221,0.37645107794361526,0.18467917338551154,0.28713063459431143,0.39327173655531866,0.20029500087511923,0.31028195577021184
151507,1,R8,kmeans,4,4221,0.3773987206823028,0.18427361311407187,0.28545090432525505,0.40298507462686567,0.20559652385347502,0.3167209883548308
151507,1,R8,kmeans,5,4221,0.376924899312959,0.18140062791273082,0.28328927900425305,0.4072494669509595,0.19875613233773004,0.31216500398316305
151507,1,R8,kmeans,6,4221,0.3752665245202559,0.18081201997070734,0.2845650336961165,0.40298507462686567,0.1971925870015431,0.3131617222455626
151507,1,R8,kmeans,7,4221,0.38758588012319356,0.1865774212782027,0.29020685977494687,0.4157782515991471,0.2055380441452133,0.32338906091445235
151507,1,R8,kmeans,8,4221,0.3781094527363184,0.18439991584014664,0.2861076284610676,0.3984837716181,0.20245306896668916,0.31115806199992213
151507,1,R8,kmeans,9,4221,0.3773987206823028,0.18429984493509147,0.2864701193270411,0.39990523572613124,0.20186200481690197,0.31112910410750816
151507,1,R8,gmm,0,4221,0.3634209902866619,0.17298634187067635,0.26845043430759064,0.3864013266998342,0.1969006133433118,0.29492774601679544
151507,1,R8,gmm,1,4221,0.369106846718787,0.17309324811995067,0.270575779552571,0.4048803601042407,0.20291311537268755,0.3072784355761203
151507,1,R8,gmm,2,4221,0.37621416725894335,0.17918562910547894,0.2827371062656224,0.40014214641080315,0.196318086050037,0.30592601265539293
151507,1,R8,gmm,3,4221,0.35749822316986496,0.17465575856470983,0.2886885456241254,0.37574034588959965,0.19347963217542907,0.3219090090838621
151507,1,R8,gmm,4,4221,0.36673773987206826,0.17068304609715504,0.268564106979839,0.4010897891494906,0.20051044946040222,0.30412222878581113
151507,1,R8,gmm,5,4221,0.41530443022980335,0.2250241585962626,0.2932351970636901,0.44468135512911633,0.25666996857842117,0.3286564575995571
151507,1,R8,gmm,6,4221,0.41411987680644397,0.22431287498753597,0.29323069971378174,0.4449182658137882,0.2566382916104553,0.3279671814063576
151507,1,R8,gmm,7,4221,0.36673773987206826,0.1756298190265044,0.2719713029882295,0.3989575929874437,0.20253116909941035,0.3033200354278471
151507,1,R8,gmm,8,4221,0.3634209902866619,0.17298634187067635,0.26845043430759064,0.3864013266998342,0.1969006133433118,0.2949277460167954
151507,1,R8,gmm,9,4221,0.37787254205164655,0.18391961893700493,0.28044264172884276,0.3994314143567875,0.20405156645551556,0.30292895216649035
151507,1,R8,leiden,0,4221,0.42667614309405355,0.22674194486538002,0.30873693532470997,0.4416015162283819,0.23914087616631965,0.3282652515546072
151507,1,R8,leiden,1,4221,0.4228855721393035,0.2290157001116469,0.30962997736922854,0.4451551764984601,0.24353534121537035,0.3385138600810276
151507,1,R8,leiden,2,4221,0.4235963041933191,0.22581465509453574,0.3127878166123337,0.4401800521203506,0.23865465658823667,0.3303546970435941
151507,1,R8,leiden,3,4221,0.4200426439232409,0.22420681062461062,0.3091361062175705,0.44539208718313195,0.23899981915337043,0.33160523573689427
151507,1,R8,leiden,4,4221,0.40085287846481876,0.2032165120021464,0.30436741015629765,0.42312248282397535,0.21833815259070488,0.33135710198433893
151507,1,R8,leiden,5,4221,0.40914475242833453,0.23093257338753323,0.31993040421939667,0.42335939350864726,0.24165011030248032,0.3381694959094766
151507,1,R8,leiden,6,4221,0.4115138592750533,0.22685957025621084,0.3037584949531236,0.43212508884150674,0.24389347519445126,0.33426445290044965
151507,1,R8,leiden,7,4221,0.41743662639185025,0.22982769234575567,0.3122836950329268,0.4361525704809287,0.24344468688144774,0.34184659363127196
151507,1,R8,leiden,8,4221,0.3859275053304904,0.20438828190142286,0.3126973393712264,0.40701255626628763,0.21918757470597605,0.33322672570305234
151507,1,R8,leiden,9,4221,0.43567874911158494,0.26723376559543566,0.30918778049904444,0.44965647950722576,0.2839705118057376,0.34267974071598845
151507,1,R9,kmeans,0,4221,0.37645107794361526,0.19473300443633193,0.27172141598088956,0.42383321487799097,0.2389498994513054,0.30793763610766467
151507,1,R9,kmeans,1,4221,0.37834636342099026,0.19515849311076408,0.2724586005389414,0.42454394693200664,0.23888872114313114,0.30826765999352057
151507,1,R9,kmeans,2,4221,0.3773987206823028,0.19430755948110257,0.2722448535440427,0.4247808576166785,0.23797063926961745,0.30771453159597967
151507,1,R9,kmeans,3,4221,0.4183842691305378,0.23764754788444006,0.28360010237902505,0.4626865671641791,0.2833912850198438,0.324392529316786
151507,1,R9,kmeans,4,4221,0.37550343520492774,0.1955868498576812,0.27337006867927405,0.42027955460791283,0.23909622697560948,0.3084525976173443
151507,1,R9,kmeans,5,4221,0.37645107794361526,0.19436736265098978,0.2725591737040057,0.4214641080312722,0.23618682605510058,0.3052713878321381
151507,1,R9,kmeans,6,4221,0.3759772565742715,0.1951078800764187,0.27240286724851304,0.42217484008528783,0.2387179738708594,0.3069525309639167
151507,1,R9,kmeans,7,4221,0.3745557924662402,0.19330581985011713,0.27231596523789964,0.4200426439232409,0.23540360623677176,0.3054064585051797
151507,1,R9,kmeans,8,4221,0.38000473821369346,0.19582601294079008,0.273024147400985,0.42525467898602226,0.23891763635807794,0.30735686278594315
151507,1,R9,kmeans,9,4221,0.3582089552238806,0.17483473434931984,0.27360630878344383,0.40014214641080315,0.2036727327905081,0.30363958573068994
151507,1,R9,gmm,0,4221,0.3558398483771618,0.17336573726046361,0.287635442470678,0.3984837716181,0.20065995101272172,0.32070455779689666
151507,1,R9,gmm,1,4221,0.37763563136697464,0.17980282887873003,0.2592560114803051,0.42643923240938164,0.22616345798160845,0.30057315345795643
151507,1,R9,gmm,2,4221,0.35749822316986496,0.17321846260853757,0.28676474280957553,0.3994314143567875,0.1998074876255773,0.3180957213604802
151507,1,R9,gmm,3,4221,0.39090262970859985,0.19836215120801842,0.2756228971400371,0.44325989102108504,0.2474287092040009,0.3152648499725415
151507,1,R9,gmm,4,4221,0.32243544183842693,0.15838446764961422,0.23610444371448225,0.35749822316986496,0.18525386923333903,0.26397877089634936
151507,1,R9,gmm,5,4221,0.3572613124851931,0.1731064305909693,0.28650896212687404,0.39990523572613124,0.2000511396337706,0.31792181914727324
151507,1,R9,gmm,6,4221,0.4150675195451315,0.20015706247805734,0.2736804630587582,0.4598436389481166,0.2572313899744848,0.32217885713417627
151507,1,R9,gmm,7,4221,0.3229092632077707,0.15874280569810362,0.2364065421142489,0.35891968727789625,0.18601305686608716,0.2637371818433191
151507,1,R9,gmm,8,4221,0.41459369817578773,0.2003008149878879,0.27359276118075593,0.45865908552475715,0.255557338793621,0.3203613017857985
151507,1,R9,gmm,9,4221,0.37858327410566217,0.19237791293849543,0.2751187911340559,0.4247808576166785,0.23571571299787258,0.31105827557446913
151507,1,R9,leiden,0,4221,0.44965647950722576,0.26905210056182194,0.31713329658846345,0.464818763326226,0.2912527724291784,0.3479722122256525
151507,1,R9,leiden,1,4221,0.42430703624733473,0.26649739725994576,0.3138190210075873,0.44989339019189767,0.28872250661871623,0.3439903059680344
151507,1,R9,leiden,2,4221,0.42241175076995974,0.26773864764077693,0.309390574729121,0.4463397299218195,0.2879187002075156,0.3400581111304198
151507,1,R9,leiden,3,4221,0.3859275053304904,0.2208735890256921,0.305385632841135,0.41672589433783463,0.25225430381383884,0.3423581226431461
151507,1,R9,leiden,4,4221,0.4368633025349443,0.2753500797291602,0.3201315638658518,0.4624496564795072,0.29729449188441887,0.35184681621965247
151507,1,R9,leiden,5,4221,0.4318881781568349,0.2775272389518878,0.3124723616364114,0.45107794361525705,0.29635910383371805,0.34338082038568024
151507,1,R9,leiden,6,4221,0.4337834636342099,0.2730362505038663,0.31083680336360187,0.45889599620942906,0.29317224653189866,0.34071975291888446
151507,1,R9,leiden,7,4221,0.43283582089552236,0.27558517863257104,0.31553244731865937,0.4527363184079602,0.29572430092593804,0.3477467572459619
151507,1,R9,leiden,8,4221,0.4387585880123194,0.2766673577760825,0.3171628672149521,0.4560530679933665,0.29582135148548533,0.34800827997095296
151507,1,R9,leiden,9,4221,0.4444444444444444,0.2752170908538561,0.3207388135869097,0.4619758351101635,0.29829839010100123,0.3546496815798663
151507,1,R10,kmeans,0,4221,0.35204927742241177,0.17998002383859407,0.2841019876938373,0.3920871831319592,0.2047014002783586,0.3104479284454299
151507,1,R10,kmeans,1,4221,0.3577351338545368,0.18234930083085568,0.2830691541591546,0.4006159677801469,0.21132014517097306,0.3111344373696492
151507,1,R10,kmeans,2,4221,0.3636579009713338,0.18487883656272075,0.2879510879505622,0.4079601990049751,0.21563347061795946,0.3157561014143125
151507,1,R10,kmeans,3,4221,0.3582089552238806,0.18279134840628494,0.28404319795643473,0.3991945036721156,0.21158310704453978,0.3112315594487144
151507,1,R10,kmeans,4,4221,0.3570244018005212,0.18235271388981908,0.2836798573999644,0.4036958066808813,0.21175607033661464,0.3109755900244561
151507,1,R10,kmeans,5,4221,0.35678749111584934,0.18229625652421785,0.28394506918054313,0.4036958066808813,0.2118231271193183,0.31126154568029124
151507,1,R10,kmeans,6,4221,0.35749822316986496,0.18234803585969,0.28412844586337294,0.40440653873489696,0.21201850706410771,0.3116973862919097
151507,1,R10,kmeans,7,4221,0.3492063492063492,0.18152957000914835,0.2860162380172571,0.38687514806917794,0.2093138267653228,0.3157978882154163
151507,1,R10,kmeans,8,4221,0.3529969201610993,0.18018292006624512,0.2839631985304774,0.3961146647713812,0.205193547147715,0.30948870111033594
151507,1,R10,kmeans,9,4221,0.40416962805022505,0.23450039105162257,0.275653742914911,0.4361525704809287,0.26890382800511237,0.31102647338025813
151507,1,R10,gmm,0,4221,0.2788438758588012,0.11406092132712552,0.1860304671508761,0.2937692489931296,0.12581309419613107,0.20331389939675987
151507,1,R10,gmm,1,4221,0.3122482823975361,0.14491974770829896,0.25824587111878783,0.34067756455816156,0.16329001011588362,0.289447992249061
151507,1,R10,gmm,2,4221,0.28429282160625446,0.11276070365311498,0.18452768036464134,0.2992181947405828,0.12381744775116789,0.2007145360840606
151507,1,R10,gmm,3,4221,0.27979151859748874,0.11374333796895729,0.18563374274133596,0.2947168917318171,0.12494642647899439,0.20237468029851508
151507,1,R10,gmm,4,4221,0.2859511963989576,0.1136174258589689,0.18536805356083116,0.30206112295664533,0.12489367928726197,0.20189744601169468
151507,1,R10,gmm,5,4221,0.287135749822317,0.11013959801752862,0.20904617519645294,0.31201137171286425,0.12860558500108443,0.22983140388536838
151507,1,R10,gmm,6,4221,0.2845297322909263,0.11305577735595083,0.184771511990236,0.29945510542525466,0.12380335027154997,0.20068360316714914
151507,1,R10,gmm,7,4221,0.28618810708362946,0.11366421525393446,0.18541405851015022,0.30206112295664533,0.12495974828452851,0.20194623608337944
151507,1,R10,gmm,8,4221,0.2816868040748638,0.11494368881115515,0.18679919245433396,0.29329542762378585,0.12521137546101194,0.20299525615703343
151507,1,R10,gmm,9,4221,0.28524046434494194,0.11468535448680886,0.1867665304049784,0.3006396588486141,0.12549473261105326,0.2035219425958418
151507,1,R10,leiden,0,4221,0.43236199952617865,0.2750666875081773,0.3179868625593289,0.43923240938166314,0.28780404164363244,0.3439929510753273
151507,1,R10,leiden,1,4221,0.4408907841743663,0.27548998219156856,0.3257141818242952,0.45321013977730396,0.29152998186476703,0.3556431530930708
151507,1,R10,leiden,2,4221,0.43710021321961623,0.2743674831944351,0.322964962651865,0.45107794361525705,0.28913549891006357,0.35236883058487234
151507,1,R10,leiden,3,4221,0.439469320066335,0.28028553200457407,0.33156634868055573,0.45226249703861643,0.2926778173595577,0.35893917515136037
151507,1,R10,leiden,4,4221,0.42857142857142855,0.27555738304090943,0.32364515348198214,0.4494195688225539,0.2887137897703055,0.3501394062236106
151507,1,R10,leiden,5,4221,0.4292821606254442,0.2725404442203946,0.31841566096511836,0.4451551764984601,0.2864310275989199,0.34595711033714904
151507,1,R10,leiden,6,4221,0.4416015162283819,0.282229916911506,0.3308873012022627,0.4709784411276949,0.2972776506419492,0.36700691773191135
151507,1,R10,leiden,7,4221,0.4283345178867567,0.27294424925966215,0.3141623300160629,0.4463397299218195,0.29093030617904253,0.3461258184182973
151507,1,R10,leiden,8,4221,0.4423122482823975,0.27391497357872724,0.3210452227810581,0.4577114427860697,0.2893709696386892,0.3483901196608932
151507,1,R10,leiden,9,4221,0.43923240938166314,0.27746704462040883,0.3201854781314566,0.44989339019189767,0.29131162253584725,0.3515268422156862
151507,1,R11,kmeans,0,4221,0.353470741530443,0.18377456565740274,0.2868174879069323,0.40227434257285005,0.21643009465576868,0.31940034208098117
151507,1,R11,kmeans,1,4221,0.35678749111584934,0.18733931012627117,0.2897864312452072,0.39516702203269366,0.21740570776428708,0.32690938011163967
151507,1,R11,kmeans,2,4221,0.3582089552238806,0.18258810246300908,0.28395450189117977,0.40298507462686567,0.21196795778167396,0.31110047214605696
151507,1,R11,kmeans,3,4221,0.3563136697465056,0.1818326370645871,0.28746556888650543,0.40085287846481876,0.2081946147137936,0.3131074968315944
151507,1,R11,kmeans,4,4221,0.3529969201610993,0.1799650677683518,0.28288484246294954,0.39658848614072495,0.20577949408064647,0.3095463263610314
151507,1,R11,kmeans,5,4221,0.35678749111584934,0.18223219715463423,0.28364668896857764,0.4036958066808813,0.21172967362740394,0.3109688251276229
151507,1,R11,kmeans,6,4221,0.35749822316986496,0.18228206224579713,0.28391033979911084,0.4036958066808813,0.2118465996315146,0.3112473767141222
151507,1,R11,kmeans,7,4221,0.40227434257285005,0.2424674609195648,0.2843779136193426,0.431651267472163,0.2744120375416526,0.3165966728410511
151507,1,R11,kmeans,8,4221,0.37005448945747454,0.19016024614326824,0.2940033971533932,0.40653873489694387,0.22069826579399837,0.3312158202130857
151507,1,R11,kmeans,9,4221,0.35394456289978676,0.1812429628450972,0.28627479416153645,0.39327173655531866,0.20601574550718965,0.31249657836022277
151507,1,R11,gmm,0,4221,0.31343283582089554,0.12992696032558312,0.23506260178380697,0.3402037431888178,0.15269186321584993,0.2600836250210128
151507,1,R11,gmm,1,4221,0.31414356787491116,0.12842009626616793,0.23476586350611398,0.34067756455816156,0.15086873399863307,0.2590530564616863
151507,1,R11,gmm,2,4221,0.3139066571902393,0.10087276954656349,0.20440343266554956,0.35086472399905233,0.12875721960145167,0.23819186401381817
151507,1,R11,gmm,3,4221,0.3158019426676143,0.10227623426146144,0.20455614904498662,0.34991708126036486,0.126885730179634,0.23581372544090592
151507,1,R11,gmm,4,4221,0.3075100687040986,0.1046426242706905,0.20994364759797235,0.33451788675669275,0.1309285915341227,0.24219972768462322
151507,1,R11,gmm,5,4221,0.2835820895522388,0.11462748702697953,0.21270722217862215,0.3060886045960673,0.1375286520827942,0.23806834121802545
151507,1,R11,gmm,6,4221,0.28760957119166075,0.11335249955074375,0.2100918858596393,0.3060886045960673,0.13642093954013707,0.23412806994573215
151507,1,R11,gmm,7,4221,0.31840796019900497,0.12356558051129594,0.2241201923526826,0.343757403458896,0.1449591562438171,0.25282185843045774
151507,1,R11,gmm,8,4221,0.3172234067756456,0.1041499012989354,0.20613829647920134,0.3529969201610993,0.12901789806852237,0.23600386490771025
151507,1,R11,gmm,9,4221,0.3075100687040986,0.07970911991588352,0.18866306791321824,0.3326226012793177,0.09934333477780376,0.21667772251846618
151507,1,R11,leiden,0,4221,0.4295190713101161,0.2760414220056937,0.31986900312485655,0.449182658137882,0.2899937279789005,0.3474929123094198
151507,1,R11,leiden,1,4221,0.429755981994788,0.2723809045566147,0.315186019230017,0.44752428334517885,0.2904911337679041,0.3473472298192643
151507,1,R11,leiden,2,4221,0.4347311063728974,0.2731072079403307,0.316172378158644,0.4479981047145226,0.29113103760778314,0.3485803621092399
151507,1,R11,leiden,3,4221,0.4325989102108505,0.2731894710988263,0.31556877650032644,0.4458659085524757,0.28986293781314554,0.34575056600648874
151507,1,R11,leiden,4,4221,0.4311774461028192,0.27179439556160667,0.3212142311506557,0.4423122482823975,0.2866315850885539,0.35088964909045284
151507,1,R11,leiden,5,4221,0.43283582089552236,0.27611979801642983,0.3183379281249941,0.4539208718313196,0.2906381696005648,0.3468374220835223
151507,1,R11,leiden,6,4221,0.4494195688225539,0.27275411758172796,0.31579962902531633,0.47192608386638235,0.28911980474021437,0.3518646102203493
151507,1,R11,leiden,7,4221,0.4290452499407723,0.2710898080957555,0.31400901834193423,0.44325989102108504,0.28617023937605984,0.34324593284475113
151507,1,R11,leiden,8,4221,0.4359156597962568,0.2751823764935924,0.3243893363414276,0.4534470504619758,0.28811465816500836,0.351651211857618
151507,1,R11,leiden,9,4221,0.4347311063728974,0.2768109035687016,0.31981682124973376,0.44112769485903813,0.2921225241410039,0.3493236279699999
151508,1,R1,kmeans,0,4381,0.36315909609678154,0.16630182194618906,0.19528834745499798,0.4051586395800046,0.23100131235387197,0.2613544720837493
151508,1,R1,kmeans,1,4381,0.3517461766719927,0.16213675174863942,0.19725860904518938,0.3994521798676101,0.23286075402731057,0.26426507572656105
151508,1,R1,kmeans,2,4381,0.3403332572472038,0.15790617691544978,0.18431084787295388,0.3914631362702579,0.23223162640689238,0.2576470317129448
151508,1,R1,kmeans,3,4381,0.33622460625427986,0.13772916233647678,0.17388124218599008,0.38438712622688886,0.20959190543031397,0.23898572488737843
151508,1,R1,kmeans,4,4381,0.31317050901620636,0.11796142831305935,0.1690520310051175,0.35585482766491666,0.16222623570929226,0.21962193873519478
151508,1,R1,kmeans,5,4381,0.33211595526135584,0.14993851559946572,0.19545268333354907,0.36521342159324355,0.20650433644430094,0.246446603737295
151508,1,R1,kmeans,6,4381,0.36818078064368864,0.1705575570683791,0.19469787276520395,0.4158867838393061,0.24018653459760786,0.262591474533829
151508,1,R1,kmeans,7,4381,0.31682264323213877,0.12385155776013262,0.18427047714627295,0.35813741154987444,0.15999651816335214,0.23291358280322907
151508,1,R1,kmeans,8,4381,0.3389637069162292,0.1517164135338517,0.18300547411535797,0.3857566765578635,0.22310488012065438,0.2501833352894392
151508,1,R1,kmeans,9,4381,0.3490070760100434,0.16798999722115754,0.18983944242215156,0.3848436430038804,0.2299712594106331,0.2497720079531453
151508,1,R1,gmm,0,4381,0.2878338278931751,0.06830545581858624,0.12275928328580452,0.32686601232595297,0.0888928551688585,0.13794925707901518
151508,1,R1,gmm,1,4381,0.2748230997489158,0.05204370180736426,0.1006705252821779,0.30677927413832456,0.06716750954139315,0.11871027826190682
151508,1,R1,gmm,2,4381,0.2636384387126227,0.058887601403322797,0.10465108494485495,0.29171422049760326,0.07124181948893939,0.12077503612618708
151508,1,R1,gmm,3,4381,0.28920337822414977,0.06890044362429355,0.12179909452522275,0.32618123716046565,0.08550377917513213,0.13803528591250253
151508,1,R1,gmm,4,4381,0.2855512440082173,0.07753787336559918,0.12543033424514094,0.3129422506277106,0.09445883076999914,0.14162460686105086
151508,1,R1,gmm,5,4381,0.28440995206573844,0.05202893397552395,0.0984311434146433,0.31317050901620636,0.06323145941216783,0.10573871518556348
151508,1,R1,gmm,6,4381,0.26089933805067334,0.06460457463976545,0.1072905723226105,0.2672905729285551,0.07540925575348506,0.12416169196149225
151508,1,R1,gmm,7,4381,0.28509472723122575,0.07033348227258225,0.13058901878267615,0.3108879251312486,0.08201635670479998,0.14908235627700628
151508,1,R1,gmm,8,4381,0.2983337137639808,0.06597721830481049,0.11978791740339789,0.3373658981967587,0.08666913837645682,0.14300435186490718
151508,1,R1,gmm,9,4381,0.26569276420908466,0.058774248162001164,0.09896159673324317,0.2885186030586624,0.07368730031307615,0.11835146988850664
151508,1,R1,leiden,0,4381,0.2999315224834513,0.07802528448527596,0.09322459873060943,0.35813741154987444,0.13552240533959972,0.15098617733778733
151508,1,R1,leiden,1,4381,0.2876055695046793,0.07365194044607558,0.0856814096276187,0.34649623373658983,0.13119230494016768,0.1442667295866543
151508,1,R1,leiden,2,4381,0.2668340561515636,0.07171062377417574,0.08265865233779557,0.31522483451266836,0.11960749586088205,0.13028652706822597
151508,1,R1,leiden,3,4381,0.30540972380734993,0.08337610954645773,0.08937390795246371,0.3690938141976718,0.14467839065704954,0.14567612619160658
151508,1,R1,leiden,4,4381,0.30814882446929925,0.09031381621079991,0.09697638296232075,0.3798219584569733,0.164095938719152,0.16608661762523796
151508,1,R1,leiden,5,4381,0.2997032640949555,0.07847629434538596,0.09045533025443378,0.3597352202693449,0.14019147129481144,0.14513638553359248
151508,1,R1,leiden,6,4381,0.2825838849577722,0.07450042614718135,0.0888437605181892,0.333028988815339,0.1254352112204845,0.14604057240997134
151508,1,R1,leiden,7,4381,0.2958228714905273,0.07429306543925142,0.08682157005566911,0.3556265692764209,0.1313667295724059,0.14198650724593428
151508,1,R1,leiden,8,4381,0.25838849577721984,0.0620063112081634,0.07945697045607682,0.30518146541885416,0.10605901086231465,0.12599183923033594
151508,1,R1,leiden,9,4381,0.2912577037206117,0.07795993928862012,0.09069677785819164,0.3487788176215476,0.13541825057104123,0.14584551321579797
151508,1,R2,kmeans,0,4381,0.28235562656927643,0.11305908631952935,0.16920190729825899,0.3092901164117781,0.13913413551475806,0.19471330723458652
151508,1,R2,kmeans,1,4381,0.28235562656927643,0.11305908631952935,0.16920190729825899,0.3092901164117781,0.13913413551475806,0.19471330723458646
151508,1,R2,kmeans,2,4381,0.28235562656927643,0.11305908631952935,0.16920190729825899,0.3092901164117781,0.13913413551475806,0.1947133072345865
151508,1,R2,kmeans,3,4381,0.28235562656927643,0.11305908631952935,0.16920190729825899,0.3092901164117781,0.13913413551475806,0.1947133072345865
151508,1,R2,kmeans,4,4381,0.28235562656927643,0.11305908631952935,0.16920190729825899,0.3092901164117781,0.13913413551475806,0.19471330723458646
151508,1,R2,kmeans,5,4381,0.28235562656927643,0.11305908631952935,0.16920190729825899,0.3092901164117781,0.13913413551475806,0.1947133072345865
151508,1,R2,kmeans,6,4381,0.28235562656927643,0.11305908631952935,0.16920190729825899,0.3092901164117781,0.13913413551475806,0.19471330723458652
151508,1,R2,kmeans,7,4381,0.2825838849577722,0.11319300936842738,0.16935721388128477,0.30974663318876966,0.1392899896481483,0.19474606189364735
151508,1,R2,kmeans,8,4381,0.28235562656927643,0.11305908631952935,0.16920190729825899,0.3092901164117781,0.13913413551475806,0.1947133072345865
151508,1,R2,kmeans,9,4381,0.28235562656927643,0.11305908631952935,0.16920190729825899,0.3092901164117781,0.13913413551475806,0.1947133072345865
151508,1,R2,gmm,0,4381,0.27733394202236933,0.1080530002456747,0.16783767369120808,0.3065510157498288,0.13435862202584753,0.1905875366487415
151508,1,R2,gmm,1,4381,0.27733394202236933,0.1080530002456747,0.16783767369120803,0.3065510157498288,0.13435862202584753,0.19058753664874148
151508,1,R2,gmm,2,4381,0.27733394202236933,0.1080530002456747,0.16783767369120808,0.3065510157498288,0.13435862202584753,0.19058753664874148
151508,1,R2,gmm,3,4381,0.27733394202236933,0.1080530002456747,0.16783767369120808,0.3065510157498288,0.13435862202584753,0.19058753664874148
151508,1,R2,gmm,4,4381,0.27733394202236933,0.1080530002456747,0.16783767369120808,0.3065510157498288,0.13435862202584753,0.19058753664874148
151508,1,R2,gmm,5,4381,0.2761926500798904,0.10835950128767477,0.16776060848127766,0.3058662405843415,0.1340511210406152,0.19023374069770746
151508,1,R2,gmm,6,4381,0.2755078749144031,0.10842865207961011,0.16777504361182488,0.3058662405843415,0.1346026953980363,0.19051374077841995
151508,1,R2,gmm,7,4381,0.2761926500798904,0.10835950128767477,0.1677606084812777,0.3058662405843415,0.1340511210406152,0.19023374069770746
151508,1,R2,gmm,8,4381,0.2761926500798904,0.10835950128767477,0.16776060848127766,0.3058662405843415,0.1340511210406152,0.19023374069770746
151508,1,R2,gmm,9,4381,0.2761926500798904,0.10835950128767477,0.16776060848127766,0.3058662405843415,0.1340511210406152,0.19023374069770743
151508,1,R2,leiden,0,4381,0.29605112987902304,0.11823909904812362,0.16983521755650877,0.32344213649851633,0.14934362252485447,0.19650923004358947
151508,1,R2,leiden,1,4381,0.2903446701666286,0.10019995163967395,0.16753444182639735,0.3229856197215248,0.12495224316708642,0.18673280247123866
151508,1,R2,leiden,2,4381,0.27299703264094954,0.09973844594295173,0.16855906593033895,0.2978771969869893,0.11819421866993235,0.18905507924867665
151508,1,R2,leiden,3,4381,0.2864642775622004,0.11284448846582386,0.17044598505633707,0.31522483451266836,0.13842038180735852,0.1962280370884021
151508,1,R2,leiden,4,4381,0.2761926500798904,0.10287913642725226,0.16815769133458197,0.3044966902533668,0.12122826657101239,0.18771680714155595
151508,1,R2,leiden,5,4381,0.2618123716046565,0.10154464443804904,0.1667189889933896,0.28943163661264554,0.11908113613104054,0.18517017156422066
151508,1,R2,leiden,6,4381,0.272540515863958,0.10879894229909792,0.1694529322073258,0.29399680438256104,0.13119910076783414,0.19389383412947825
151508,1,R2,leiden,7,4381,0.25405158639580006,0.10019011434803575,0.16595972526396247,0.2798447842958229,0.11807926657070766,0.18392670758930596
151508,1,R2,leiden,8,4381,0.27505135813741155,0.1032863402652377,0.16866924828304453,0.3033553983108879,0.12237785539615618,0.18892983464183488
151508,1,R2,leiden,9,4381,0.28007304268431865,0.1026915644854704,0.16804689811487492,0.30244236475690484,0.12114343803020393,0.18796189401710814
151508,1,R3,kmeans,0,4381,0.54918968272084,0.4145530094625314,0.4510653952874004,0.5635699611960739,0.4359050314926852,0.4738397170202059
151508,1,R3,kmeans,1,4381,0.5489614243323442,0.4133747011580795,0.45007893945761185,0.5626569276420909,0.43411450169257343,0.4730234188823252
151508,1,R3,kmeans,2,4381,0.5482766491668569,0.4134367418113751,0.45002739509504547,0.5633417028075782,0.43528492658258694,0.47309581260602795
151508,1,R3,kmeans,3,4381,0.5489614243323442,0.4133747011580795,0.45007893945761185,0.5626569276420909,0.43411450169257343,0.47302341888232513
151508,1,R3,kmeans,4,4381,0.5462223236703949,0.41123913544255186,0.4479922400027688,0.560374343757133,0.4315914101653571,0.4695154148477326
151508,1,R3,kmeans,5,4381,0.54918968272084,0.41362607866055123,0.4501646713088011,0.5628851860305866,0.43437412681613174,0.47310781320322587
151508,1,R3,kmeans,6,4381,0.5489614243323442,0.4133747011580795,0.4500789394576118,0.5626569276420909,0.43411450169257343,0.4730234188823252
151508,1,R3,kmeans,7,4381,0.5482766491668569,0.4136727538437395,0.44998122777515803,0.5631134444190824,0.43549642834592694,0.4729344755399711
151508,1,R3,kmeans,8,4381,0.5482766491668569,0.4136727538437395,0.44998122777515803,0.5631134444190824,0.43549642834592694,0.47293447553997103
151508,1,R3,kmeans,9,4381,0.5482766491668569,0.4136727538437395,0.44998122777515814,0.5631134444190824,0.43549642834592694,0.4729344755399711
151508,1,R3,gmm,0,4381,0.4051586395800046,0.20745859871476088,0.27764204980398766,0.421136726774709,0.22736650569040748,0.2973129136495854
151508,1,R3,gmm,1,4381,0.4051586395800046,0.20746668794435447,0.27777565991215275,0.421136726774709,0.22736927478949906,0.2974362612087042
151508,1,R3,gmm,2,4381,0.4049303811915088,0.20715019074405722,0.2770291444985159,0.42068020999771744,0.22715771722719777,0.2965655633441209
151508,1,R3,gmm,3,4381,0.3058662405843415,0.10344722902071804,0.18098761529040303,0.31613786806665145,0.11276022183891397,0.19739494109615882
151508,1,R3,gmm,4,4381,0.3058662405843415,0.10342888260993403,0.18113119207677053,0.31613786806665145,0.11274670205482891,0.1975190944978265
151508,1,R3,gmm,5,4381,0.4049303811915088,0.20715019074405722,0.27702914449851584,0.42068020999771744,0.22715771722719777,0.2965655633441209
151508,1,R3,gmm,6,4381,0.404702122803013,0.20709427037246983,0.2768048029048791,0.42068020999771744,0.22715510956454862,0.29644243616684796
151508,1,R3,gmm,7,4381,0.3079205660808035,0.1032021790521084,0.18043158671368423,0.31682264323213877,0.11313347808683569,0.19757996452893511
151508,1,R3,gmm,8,4381,0.404702122803013,0.20709427037246983,0.27680480290487897,0.42068020999771744,0.22715510956454862,0.296442436166848
151508,1,R3,gmm,9,4381,0.404702122803013,0.20709427037246983,0.2768048029048791,0.42068020999771744,0.22715510956454862,0.2964424361668479
151508,1,R3,leiden,0,4381,0.53891805523853,0.4225674226161607,0.5022147629975203,0.5432549646199498,0.4302864735798928,0.5135480079124439
151508,1,R3,leiden,1,4381,0.5494179411093357,0.419982087149304,0.507120400994746,0.5475918740013695,0.42432379056730707,0.5158652996508798
151508,1,R3,leiden,2,4381,0.49714677014380276,0.3363222842070643,0.4631361765966105,0.5001141291942479,0.34176315168120286,0.4706264178904688
151508,1,R3,leiden,3,4381,0.5558091759872176,0.41394950342774717,0.4858361499514874,0.5571787263181922,0.4178247069793996,0.49349897427547273
151508,1,R3,leiden,4,4381,0.4556037434375713,0.3325377574059932,0.4757878753375199,0.46108194476146996,0.33989383284942526,0.48615021981453693
151508,1,R3,leiden,5,4381,0.4738644145172335,0.3186595595620578,0.4523683474987409,0.4802556493951153,0.3272989411556689,0.4620469568765391
151508,1,R3,leiden,6,4381,0.5464505820588906,0.40266573275449374,0.48231324287710103,0.551244008217302,0.408670490959523,0.48939854281531425
151508,1,R3,leiden,7,4381,0.5510157498288062,0.4185773884932088,0.5020681814338416,0.5537548504907556,0.4231565121988595,0.5112783828227727
151508,1,R3,leiden,8,4381,0.5544396256562428,0.4050612080309096,0.481223757149773,0.5569504679296964,0.4123453712563944,0.49081505760543015
151508,1,R3,leiden,9,4381,0.49554896142433236,0.35270368947556824,0.474128711988826,0.49920109564026477,0.35689410930967636,0.48295489972936384
151508,1,R4,kmeans,0,4381,0.469299246747318,0.27882051943025127,0.36549526946443067,0.5039945217986761,0.3249680203314975,0.4249358469328563
151508,1,R4,kmeans,1,4381,0.46952750513581376,0.2789603209220374,0.36550724549782376,0.5042227801871719,0.3252730800046872,0.4252421096015086
151508,1,R4,kmeans,2,4381,0.46952750513581376,0.27917589955867533,0.3657057064012468,0.5042227801871719,0.32549263703535253,0.42542666231292925
151508,1,R4,kmeans,3,4381,0.46975576352430953,0.27882124518689166,0.3658897685201518,0.5044510385756676,0.32494223297474667,0.42546624154880375
151508,1,R4,kmeans,4,4381,0.4702122803013011,0.280497215580546,0.3667256657249194,0.5044510385756676,0.32631298029326544,0.4261865406886294
151508,1,R4,kmeans,5,4381,0.469299246747318,0.27875468189161035,0.3654817395488318,0.5039945217986761,0.32506810814702614,0.4251965134721012
151508,1,R4,kmeans,6,4381,0.469299246747318,0.27882051943025127,0.36549526946443067,0.5039945217986761,0.3249680203314975,0.4249358469328563
151508,1,R4,kmeans,7,4381,0.469299246747318,0.27882051943025127,0.3654952694644306,0.5039945217986761,0.3249680203314975,0.42493584693285624
151508,1,R4,kmeans,8,4381,0.469299246747318,0.27882051943025127,0.36549526946443067,0.5039945217986761,0.3249680203314975,0.42493584693285624
151508,1,R4,kmeans,9,4381,0.46975576352430953,0.27959204005497296,0.36594930183690205,0.5044510385756676,0.3256607218950678,0.4253302610835398
151508,1,R4,gmm,0,4381,0.308377082857795,0.12435709859795503,0.17502343319645655,0.34352887468614474,0.1548002237104412,0.2045684005866229
151508,1,R4,gmm,1,4381,0.36726774708970555,0.18009511373458056,0.24674475778893984,0.41337594156585256,0.2319283180729888,0.29749326099593365
151508,1,R4,gmm,2,4381,0.3115727002967359,0.1261292373141438,0.17530675139748372,0.3460397169595983,0.1575573745374756,0.20583673164248575
151508,1,R4,gmm,3,4381,0.304268431864871,0.11403505530219153,0.19738425740151433,0.33508331431180094,0.1347266931154965,0.22863241869777204
151508,1,R4,gmm,4,4381,0.3670394887012098,0.18037837275314506,0.24718939306550944,0.412919424788861,0.23210890065193965,0.29781477140294743
151508,1,R4,gmm,5,4381,0.308377082857795,0.12435709859795503,0.17502343319645658,0.34352887468614474,0.1548002237104412,0.2045684005866229
151508,1,R4,gmm,6,4381,0.3115727002967359,0.12597450852441625,0.1751062090692735,0.3458114585711025,0.15743648032206728,0.2055164535959642
151508,1,R4,gmm,7,4381,0.30404017347637524,0.12380246586927772,0.17599912332386566,0.34147454918968273,0.15482628979862384,0.2074322160213404
151508,1,R4,gmm,8,4381,0.30814882446929925,0.12411424877452382,0.17484756985407673,0.34352887468614474,0.15485717736392904,0.20477902331027392
151508,1,R4,gmm,9,4381,0.3115727002967359,0.12612329804200723,0.1753106935025226,0.3460397169595983,0.15753730025919663,0.20582843452120977
151508,1,R4,leiden,0,4381,0.47181008902077154,0.2766695001923764,0.3533442612891447,0.524537776763296,0.3462122951117837,0.424373984790679
151508,1,R4,leiden,1,4381,0.5199726089933805,0.3423570463880869,0.4147571300645157,0.5366354713535723,0.3728103091156939,0.4665681839513841
151508,1,R4,leiden,2,4381,0.4131476831773568,0.22792840815486,0.3655612793282356,0.45742981054553755,0.2779797293750897,0.4219472682351686
151508,1,R4,leiden,3,4381,0.49577721981282813,0.3204955649044039,0.3904203232569681,0.5366354713535723,0.3660570353998108,0.44474898259834666
151508,1,R4,leiden,4,4381,0.4960054782013239,0.31747790201926146,0.38702436304435756,0.5396028304040174,0.36620710117187694,0.4417563637758551
151508,1,R4,leiden,5,4381,0.4839077836110477,0.29662805022405053,0.37142162211719004,0.5247660351517919,0.34954822308156863,0.42703726950020787
151508,1,R4,leiden,6,4381,0.4880164346039717,0.3119447460123971,0.37728665785065923,0.51837480027391,0.34915479345135875,0.4214046147986338
151508,1,R4,leiden,7,4381,0.4626797534809404,0.2707724934189366,0.34981045919057085,0.5078749144031043,0.3309812349247746,0.41710817079331364
151508,1,R4,leiden,8,4381,0.40059347181008903,0.21073771716060433,0.344512762067542,0.4428212736818078,0.2550776667034252,0.39634265201351127
151508,1,R4,leiden,9,4381,0.48116868294909837,0.29461973983260004,0.360164491871197,0.524537776763296,0.3451919395448998,0.42048143951912625
151508,1,R5,kmeans,0,4381,0.523624743209313,0.2958761778138233,0.3579701888926772,0.5521570417712851,0.32718667476915897,0.40953597507209494
151508,1,R5,kmeans,1,4381,0.523624743209313,0.2958761778138233,0.3579701888926772,0.5521570417712851,0.32718667476915897,0.409535975072095
151508,1,R5,kmeans,2,4381,0.5240812599863045,0.29628542371684946,0.3583504036741875,0.5526135585482767,0.32735812623970467,0.409859675264256
151508,1,R5,kmeans,3,4381,0.5238530015978087,0.29621904392723586,0.35821658244454535,0.5521570417712851,0.32718667476915897,0.40953597507209494
151508,1,R5,kmeans,4,4381,0.5238530015978087,0.29621904392723586,0.35821658244454535,0.5521570417712851,0.32718667476915897,0.40953597507209494
151508,1,R5,kmeans,5,4381,0.523624743209313,0.2958761778138233,0.3579701888926772,0.5521570417712851,0.32718667476915897,0.4095359750720949
151508,1,R5,kmeans,6,4381,0.5222551928783383,0.29555457634129595,0.3583604010636588,0.5501027162748231,0.32628886976817234,0.40921224997913025
151508,1,R5,kmeans,7,4381,0.5240812599863045,0.29628542371684946,0.3583504036741875,0.5526135585482767,0.32735812623970467,0.4098596752642561
151508,1,R5,kmeans,8,4381,0.523624743209313,0.2958761778138233,0.3579701888926772,0.5521570417712851,0.32718667476915897,0.40953597507209494
151508,1,R5,kmeans,9,4381,0.5238530015978087,0.29621904392723586,0.35821658244454535,0.5521570417712851,0.32718667476915897,0.40953597507209494
151508,1,R5,gmm,0,4381,0.27413832458342846,0.10559695583012672,0.1676203839092224,0.30175758959141746,0.1283957384873033,0.1886668776429581
151508,1,R5,gmm,1,4381,0.27413832458342846,0.10559695583012672,0.1676203839092224,0.30175758959141746,0.1283957384873033,0.18866687764295806
151508,1,R5,gmm,2,4381,0.2739100661949327,0.10544289538016632,0.16763655880217376,0.30107281442593015,0.12834678472705338,0.18780056762386355
151508,1,R5,gmm,3,4381,0.27413832458342846,0.10562107139668345,0.16769715108637945,0.3015293312029217,0.12851809241138398,0.1878409128380424
151508,1,R5,gmm,4,4381,0.27505135813741155,0.10530815987741604,0.16718484047838542,0.30015978087194706,0.12820054473964138,0.18743658102822713
151508,1,R5,gmm,5,4381,0.27413832458342846,0.10559695583012672,0.16762038390922243,0.30175758959141746,0.1283957384873033,0.18866687764295806
151508,1,R5,gmm,6,4381,0.27505135813741155,0.10521735315052633,0.16714688472476696,0.3008445560374344,0.12826229671168768,0.18726148383808686
151508,1,R5,gmm,7,4381,0.2739100661949327,0.10552605500117877,0.16765511221280271,0.30107281442593015,0.12838217373249253,0.18780088494003072
151508,1,R5,gmm,8,4381,0.2739100661949327,0.10544289538016632,0.1676365588021738,0.30107281442593015,0.12834678472705338,0.18780056762386355
151508,1,R5,gmm,9,4381,0.27505135813741155,0.10530815987741604,0.1671848404783854,0.30015978087194706,0.12820054473964138,0.18743658102822716
151508,1,R5,leiden,0,4381,0.5727002967359051,0.3927888657290618,0.4429000609810875,0.5921022597580461,0.41990269779942707,0.47466921262899614
151508,1,R5,leiden,1,4381,0.521570417712851,0.3690022145333506,0.4475957931851754,0.5473636156128737,0.39230197515642934,0.47903686054703143
151508,1,R5,leiden,2,4381,0.5886783839306095,0.44146125149053145,0.45983680936128885,0.6140150650536407,0.4718164523721713,0.49223621911407084
151508,1,R5,leiden,3,4381,0.5825154074412234,0.42325650337941756,0.47726528712042493,0.6057977630677928,0.4460122545461796,0.503469682359815
151508,1,R5,leiden,4,4381,0.5720155215704177,0.4076605965159517,0.46247228222251496,0.5962109107509701,0.43275609646252794,0.49121182462033375
151508,1,R5,leiden,5,4381,0.5028532298561972,0.3288055420619675,0.4525414199709838,0.5284181693677242,0.35626511237970465,0.4792854763063192
151508,1,R5,leiden,6,4381,0.5076466560146086,0.3581469142333912,0.44801697542696056,0.5384615384615384,0.3848871848848499,0.47107252285832263
151508,1,R5,leiden,7,4381,0.505135813741155,0.3271300632782023,0.4491565792542559,0.5307007532526821,0.35412481053454564,0.47500776338708367
151508,1,R5,leiden,8,4381,0.507190139237617,0.34590998806213646,0.43471245127968033,0.5293312029217073,0.36455267618569703,0.46323806853514704
151508,1,R5,leiden,9,4381,0.5546678840447387,0.3809748939793518,0.4427115694875907,0.580917598721753,0.4137734232785469,0.47957668927211883
151508,1,R6,kmeans,0,4381,0.5240812599863045,0.29628542371684946,0.3583504036741875,0.5526135585482767,0.32735812623970467,0.40985967526425604
151508,1,R6,kmeans,1,4381,0.523624743209313,0.2958761778138233,0.3579701888926772,0.5521570417712851,0.32718667476915897,0.409535975072095
151508,1,R6,kmeans,2,4381,0.5240812599863045,0.29628542371684946,0.3583504036741875,0.5526135585482767,0.32735812623970467,0.409859675264256
151508,1,R6,kmeans,3,4381,0.5238530015978087,0.29621904392723586,0.35821658244454535,0.5521570417712851,0.32718667476915897,0.40953597507209494
151508,1,R6,kmeans,4,4381,0.5240812599863045,0.29628542371684946,0.3583504036741875,0.5526135585482767,0.32735812623970467,0.40985967526425604
151508,1,R6,kmeans,5,4381,0.5240812599863045,0.2964725017942244,0.35859154442873364,0.5521570417712851,0.32707430429058776,0.4096726388044429
151508,1,R6,kmeans,6,4381,0.5268203606482538,0.29971341166172094,0.3609210600470519,0.5560374343757133,0.3316504819086248,0.4129870960779514
151508,1,R6,kmeans,7,4381,0.5240812599863045,0.29628542371684946,0.3583504036741875,0.5526135585482767,0.32735812623970467,0.4098596752642561
151508,1,R6,kmeans,8,4381,0.523624743209313,0.2958761778138233,0.3579701888926772,0.5521570417712851,0.32718667476915897,0.40953597507209494
151508,1,R6,kmeans,9,4381,0.5238530015978087,0.29621904392723586,0.35821658244454535,0.5521570417712851,0.32718667476915897,0.40953597507209494
151508,1,R6,gmm,0,4381,0.41063684090390323,0.20000653380082947,0.2629084826649327,0.4346039716959598,0.2296417351491291,0.2937265301497894
151508,1,R6,gmm,1,4381,0.3106596667427528,0.09581919172358157,0.16977001622299814,0.32549646199497834,0.10579923846881475,0.1848040124690388
151508,1,R6,gmm,2,4381,0.3106596667427528,0.09567169020113532,0.16963834321061227,0.32526820360648256,0.10554080140119478,0.18459109647477695
151508,1,R6,gmm,3,4381,0.3179639351746177,0.10324657382352935,0.2105914534198081,0.3293768545994065,0.11200304340213145,0.2236214025765399
151508,1,R6,gmm,4,4381,0.31819219356311346,0.10327099067710115,0.21063192742069126,0.32983337137639807,0.11216238807381149,0.22380092450954045
151508,1,R6,gmm,5,4381,0.3106596667427528,0.09578346329819419,0.16970551990304775,0.32526820360648256,0.10571660149515283,0.18467847443095967
151508,1,R6,gmm,6,4381,0.4101803241269117,0.19925239021975488,0.2624283427998946,0.43437571330746405,0.22929570625682996,0.2935155397891611
151508,1,R6,gmm,7,4381,0.3179639351746177,0.10324657382352935,0.2105914534198081,0.3293768545994065,0.11200304340213145,0.22362140257653987
151508,1,R6,gmm,8,4381,0.3179639351746177,0.10307016376182507,0.21016363797020757,0.3293768545994065,0.11200304340213145,0.2236214025765399
151508,1,R6,gmm,9,4381,0.41063684090390323,0.19995268738488517,0.26253882331553013,0.43528874686144714,0.23017025699610158,0.29418737412455964
151508,1,R6,leiden,0,4381,0.5845697329376854,0.42613648148138655,0.4823399461631396,0.597352202693449,0.44535927300190203,0.51021356499351
151508,1,R6,leiden,1,4381,0.5950696188084912,0.45314437402079655,0.47669816021618894,0.6010043369093814,0.46649977298761836,0.49734327670066875
151508,1,R6,leiden,2,4381,0.5160922163889523,0.3364030523256388,0.4308331712093087,0.5336681123031272,0.3506273735404844,0.46049406497237355
151508,1,R6,leiden,3,4381,0.5765806893403332,0.41122666648285877,0.46837619098664174,0.595297877196987,0.43033521826607873,0.49150131384569035
151508,1,R6,leiden,4,4381,0.5756676557863502,0.4188676964084194,0.4764133607572861,0.5854827664916685,0.4334030200577048,0.4987055411216203
151508,1,R6,leiden,5,4381,0.4619949783154531,0.3064069852894439,0.41420239063925096,0.4880164346039717,0.3262594565184341,0.44070192308015066
151508,1,R6,leiden,6,4381,0.5765806893403332,0.4179850478788196,0.4710646484889654,0.6000913033553983,0.4404589354520415,0.49695770713277465
151508,1,R6,leiden,7,4381,0.6010043369093814,0.45883126073215674,0.4743088961497679,0.6172106824925816,0.48814523091544065,0.5104489777354158
151508,1,R6,leiden,8,4381,0.5434832230084455,0.3694208252461394,0.4427363612768187,0.5494179411093357,0.3783341907046031,0.47265047011977246
151508,1,R6,leiden,9,4381,0.4953207030358366,0.3350712240652977,0.4280546904005558,0.5220269344898425,0.3583199769360633,0.45430443101611756
151508,1,R7,kmeans,0,4381,0.2796165259073271,0.10731665276707446,0.16847081052676213,0.29011641177813285,0.12522193253636008,0.1916445109595233
151508,1,R7,kmeans,1,4381,0.2919424788860991,0.10775303563479115,0.16591557101127075,0.3092901164117781,0.12427347041996992,0.1886506731080054
151508,1,R7,kmeans,2,4381,0.2818991097922849,0.10767700415133971,0.1682874994824871,0.2928555124400822,0.1261989829821077,0.19223666202315814
151508,1,R7,kmeans,3,4381,0.28007304268431865,0.10721685136851603,0.1685744102313924,0.2903446701666286,0.12488684775328696,0.19164259832305902
151508,1,R7,kmeans,4,4381,0.2789317507418398,0.10673933244073833,0.16820357450435694,0.28920337822414977,0.12479079679981886,0.19120805377025257
151508,1,R7,kmeans,5,4381,0.28007304268431865,0.10739873122721712,0.1688482902318453,0.29011641177813285,0.12513347664892177,0.1919110577542535
151508,1,R7,kmeans,6,4381,0.28098607623830174,0.10764593312809706,0.16832369581174944,0.2898881533896371,0.12599029693223235,0.19178583683924852
151508,1,R7,kmeans,7,4381,0.27916000913033556,0.10672132102279015,0.16823151273285009,0.28920337822414977,0.12475892152914841,0.19119876192935636
151508,1,R7,kmeans,8,4381,0.28235562656927643,0.10760747874445771,0.16843204805572226,0.2928555124400822,0.12612766709691206,0.19239171700253574
151508,1,R7,kmeans,9,4381,0.2825838849577722,0.10770910909320153,0.16835038067475758,0.29308377082857795,0.12612417757196054,0.1923708586271753
151508,1,R7,gmm,0,4381,0.29171422049760326,0.0930159910744923,0.167363455400382,0.32344213649851633,0.11312815343253527,0.18866834465284157
151508,1,R7,gmm,1,4381,0.2898881533896371,0.09477773501816425,0.16780146311051328,0.316594384843643,0.11549671048942578,0.18935168341430492
151508,1,R7,gmm,2,4381,0.2898881533896371,0.09762399504861931,0.16902699119912462,0.3195617438940881,0.11848967960708787,0.19106028890721438
151508,1,R7,gmm,3,4381,0.2885186030586624,0.09562100798870452,0.16773374321518583,0.314540059347181,0.11457914761755196,0.18837795670184637
151508,1,R7,gmm,4,4381,0.2878338278931751,0.093668843924779,0.1666551694546931,0.31613786806665145,0.11505163026245745,0.18863537967902538
151508,1,R7,gmm,5,4381,0.2898881533896371,0.09476759710303032,0.1677284638571927,0.3172791600091303,0.11573309720832878,0.18940600177971503
151508,1,R7,gmm,6,4381,0.29217073727459486,0.09294972495772492,0.1673132274341026,0.3245834284409952,0.11448428576258411,0.19002007359510498
151508,1,R7,gmm,7,4381,0.2926272540515864,0.09290154908338882,0.16700157240107547,0.32503994521798674,0.1149216252962735,0.19001913481065674
151508,1,R7,gmm,8,4381,0.2903446701666286,0.09271615903762451,0.16748940428097836,0.320703035836567,0.11101541849065455,0.18827560863845824
151508,1,R7,gmm,9,4381,0.29011641177813285,0.09766910296862842,0.16896761738839558,0.3195617438940881,0.11829408490136395,0.1908372593749187
151508,1,R7,leiden,0,4381,0.3026706231454006,0.09797679183055018,0.17249717006430268,0.3325724720383474,0.11510832514420144,0.19286666674536307
151508,1,R7,leiden,1,4381,0.30015978087194706,0.10026406370525534,0.16633662794479656,0.3346267975348094,0.12480745489492995,0.18862789220514442
151508,1,R7,leiden,2,4381,0.30221410636840906,0.10125671164916122,0.1675239694443837,0.3426158411321616,0.13027306215700662,0.1974716273080737
151508,1,R7,leiden,3,4381,0.31111618351974435,0.11600537876387058,0.1692193105700011,0.3588221867153618,0.16292727079745822,0.20661459996232634
151508,1,R7,leiden,4,4381,0.29536635471353573,0.11249281997725766,0.1698277343972912,0.3177356767861219,0.13737872040491603,0.2012790608464258
151508,1,R7,leiden,5,4381,0.3156813512896599,0.111593164063861,0.1688703056154048,0.364756904816252,0.16121720141277435,0.2070644774977341
151508,1,R7,leiden,6,4381,0.27459484136042,0.10737678542588829,0.16831727460665402,0.2864642775622004,0.12627426101337505,0.1952907626706769
151508,1,R7,leiden,7,4381,0.3108879251312486,0.11614579969250903,0.1726228066421673,0.3403332572472038,0.14489127962348472,0.2031359172085479
151508,1,R7,leiden,8,4381,0.3266377539374572,0.12665519795994262,0.1690770264954188,0.3686372974206802,0.1784934279335415,0.2085125961364432
151508,1,R7,leiden,9,4381,0.29742068020999773,0.10166930414523707,0.16676638539527974,0.3353115727002967,0.12985254014498437,0.19085317541563454
151508,1,R8,kmeans,0,4381,0.4049303811915088,0.20831202557530526,0.3141863710449298,0.4195389180552385,0.23035623299838756,0.3429764532388264
151508,1,R8,kmeans,1,4381,0.4051586395800046,0.20870977789043466,0.3144082706097559,0.4195389180552385,0.23068314217311567,0.3430748407267858
151508,1,R8,kmeans,2,4381,0.404702122803013,0.20807847731755222,0.31373330673690353,0.4197671764437343,0.23067665038949603,0.3432149224220042
151508,1,R8,kmeans,3,4381,0.404702122803013,0.20807847731755222,0.31373330673690353,0.4197671764437343,0.23067665038949603,0.34321492242200424
151508,1,R8,kmeans,4,4381,0.4044738644145172,0.20806841876869953,0.31415319413691195,0.419082401278247,0.22980312214303997,0.3433228588288568
151508,1,R8,kmeans,5,4381,0.4044738644145172,0.20806006303541671,0.31406707177369275,0.419082401278247,0.22997592952624796,0.34347749980936854
151508,1,R8,kmeans,6,4381,0.404702122803013,0.20807847731755222,0.31373330673690353,0.4197671764437343,0.23067665038949603,0.34321492242200424
151508,1,R8,kmeans,7,4381,0.40401734763752567,0.20771019688037912,0.3138714523303292,0.4188541428897512,0.22979323738426685,0.3433796339052419
151508,1,R8,kmeans,8,4381,0.404702122803013,0.20838348309862098,0.3139055531092329,0.4195389180552385,0.23076950928588272,0.34325860214002024
151508,1,R8,kmeans,9,4381,0.4049303811915088,0.20836246804179515,0.3142288036094175,0.41931065966674275,0.23024387500353694,0.34287672735454117
151508,1,R8,gmm,0,4381,0.5115270486190368,0.2735458968316956,0.3626565011110369,0.5384615384615384,0.31108009361438904,0.4057786546675774
151508,1,R8,gmm,1,4381,0.42798447842958226,0.19047556936204205,0.3021229224323208,0.4448755991782698,0.21275628984042885,0.33456045510898086
151508,1,R8,gmm,2,4381,0.42798447842958226,0.19047556936204205,0.30212292243232086,0.4448755991782698,0.21275628984042885,0.3345604551089809
151508,1,R8,gmm,3,4381,0.3827893175074184,0.20056203371392334,0.316529598507405,0.398539146313627,0.2214539643389175,0.34493681823675365
151508,1,R8,gmm,4,4381,0.3827893175074184,0.2003536209593605,0.31640176521564944,0.39831088792513125,0.22139682214636416,0.34488001844035643
151508,1,R8,gmm,5,4381,0.5115270486190368,0.2735458968316956,0.3626565011110368,0.5384615384615384,0.31108009361438904,0.40577865466757734
151508,1,R8,gmm,6,4381,0.38256105911892263,0.19974955635582997,0.3154905298850875,0.3980826295366355,0.22042240536712462,0.34359770802835327
151508,1,R8,gmm,7,4381,0.507190139237617,0.28976491547410155,0.3585282467770846,0.5275051358137411,0.32190508174328264,0.4020753342928811
151508,1,R8,gmm,8,4381,0.3827893175074184,0.20056203371392334,0.316529598507405,0.398539146313627,0.2214539643389175,0.3449368182367536
151508,1,R8,gmm,9,4381,0.38233280073042686,0.1994393761445808,0.31513769717134316,0.39739785437114816,0.2196545864166644,0.34268305050535874
151508,1,R8,leiden,0,4381,0.40835425701894545,0.19183570519918217,0.3579727762446834,0.41931065966674275,0.19939708270035775,0.37061362301576406
151508,1,R8,leiden,1,4381,0.39420223693220724,0.1953008303632259,0.3678304567832859,0.4051586395800046,0.20424886874271367,0.38310490945853504
151508,1,R8,leiden,2,4381,0.398539146313627,0.18771529223577632,0.34969506575029535,0.40698470668797077,0.19508509825372095,0.36279011093975794
151508,1,R8,leiden,3,4381,0.4031043140835426,0.19181962556337648,0.3506871091278392,0.41428897511983565,0.20067572526683589,0.3666627895775118
151508,1,R8,leiden,4,4381,0.3960283040401735,0.18468562391489696,0.3451202878867965,0.4035608308605341,0.19232796553409479,0.35967483675948975
151508,1,R8,leiden,5,4381,0.5014836795252225,0.29542306019069375,0.394647317949453,0.5099292398995663,0.30643282653576576,0.41532879017051794
151508,1,R8,leiden,6,4381,0.4715818306322757,0.2743784515054533,0.39664483031839043,0.47979913261812374,0.2824238400255444,0.41332499379683607
151508,1,R8,leiden,7,4381,0.4227345354941794,0.18218163764807205,0.3155560694410572,0.4368865555809176,0.19253226317275043,0.3289755752232546
151508,1,R8,leiden,8,4381,0.48619036749600547,0.3183977661092853,0.3981760303440898,0.5046792969641635,0.3496696478401175,0.42702966302786155
151508,1,R8,leiden,9,4381,0.5567222095412007,0.4013610029339431,0.440446365326489,0.571787263181922,0.43256719759441187,0.4736801845975544
151508,1,R9,kmeans,0,4381,0.35151791828349693,0.16990150460251682,0.2606839310650306,0.38233280073042686,0.19553086928846383,0.2950430746720596
151508,1,R9,kmeans,1,4381,0.37662634101803244,0.19774314761858855,0.27057322418963714,0.404702122803013,0.2408045014878448,0.3032723659856037
151508,1,R9,kmeans,2,4381,0.37822414973750285,0.18662485918185986,0.26572770122864053,0.41702807578178497,0.22106165122491384,0.29389440752370954
151508,1,R9,kmeans,3,4381,0.3757133074640493,0.19515171517445312,0.2694709499864652,0.404702122803013,0.237731991962307,0.30273747821303193
151508,1,R9,kmeans,4,4381,0.3784524081259986,0.19676298362165048,0.2698067086687842,0.4078977402419539,0.241458408873137,0.3042704969417438
151508,1,R9,kmeans,5,4381,0.35243095183748,0.16962489793003788,0.2599209433672427,0.3837023510614015,0.19478215444536123,0.29301232154107687
151508,1,R9,kmeans,6,4381,0.3786806665144944,0.1990368765663913,0.2715929159891929,0.4094955489614243,0.24412587024561763,0.30515433230188843
151508,1,R9,kmeans,7,4381,0.3763980826295366,0.19539228167911563,0.2696667882729565,0.4058434147454919,0.23817472292074088,0.30286694591936797
151508,1,R9,kmeans,8,4381,0.3768545994065282,0.19748166821503238,0.27086005800996793,0.4074412234649623,0.24047496364208382,0.30317879696036015
151508,1,R9,kmeans,9,4381,0.35243095183748,0.1717635382130083,0.26360363089524136,0.3830175758959142,0.19717390907506066,0.2977021175062035
151508,1,R9,gmm,0,4381,0.3526592102259758,0.16672705154760692,0.27709030895705566,0.3967130792056608,0.20443749860919197,0.31570772136256314
151508,1,R9,gmm,1,4381,0.36658297192421824,0.1869711580126293,0.27844260953473715,0.3958000456516777,0.21718359158421147,0.31169141700200037
151508,1,R9,gmm,2,4381,0.375028532298562,0.18007332191350547,0.2857829583062164,0.40835425701894545,0.2121316542495756,0.32704189342964
151508,1,R9,gmm,3,4381,0.35083314311800956,0.16495664015397404,0.2760864651888767,0.39420223693220724,0.20245648769281194,0.31558964393115746
151508,1,R9,gmm,4,4381,0.3569961196073956,0.17771827111951685,0.2760116167814854,0.38119150878794794,0.2003475971229786,0.30892727624631705
151508,1,R9,gmm,5,4381,0.3569961196073956,0.17759732125094221,0.2830273938541317,0.3857566765578635,0.20436832398312818,0.3208547121587991
151508,1,R9,gmm,6,4381,0.35631134444190826,0.17774443186328073,0.2761883310650553,0.3834740926729057,0.20087187161737166,0.3095448023109632
151508,1,R9,gmm,7,4381,0.35722437799589135,0.17786628143329913,0.276086970790912,0.38119150878794794,0.2003475971229786,0.308927276246317
151508,1,R9,gmm,8,4381,0.3656699383702351,0.1857652779327701,0.27830186929540424,0.3951152704861904,0.2137537198674952,0.31082799745017586
151508,1,R9,gmm,9,4381,0.35722437799589135,0.17786628143329913,0.2760869707909121,0.38119150878794794,0.2003475971229786,0.308927276246317
151508,1,R9,leiden,0,4381,0.4241040858251541,0.2139993552261513,0.35028698838493766,0.44829947500570644,0.24805975702973723,0.3855347763719227
151508,1,R9,leiden,1,4381,0.4165715590047934,0.21538869406014674,0.35474342291134037,0.4412234649623374,0.24624484569558344,0.38994245209171924
151508,1,R9,leiden,2,4381,0.4551472266605798,0.2780643870742834,0.3544013455637933,0.48413604199954346,0.3091808591987981,0.3848991976115675
151508,1,R9,leiden,3,4381,0.43825610591189224,0.22686732019379607,0.33902576961614106,0.45606026021456286,0.24594028570330062,0.3658248980197232
151508,1,R9,leiden,4,4381,0.47181008902077154,0.25904441879803203,0.34652513314633565,0.48915772654645057,0.28818246056681557,0.38015979312262543
151508,1,R9,leiden,5,4381,0.49258160237388726,0.30582907860455516,0.37202512894954937,0.5142661492809861,0.33528490926326115,0.41336143600546577
151508,1,R9,leiden,6,4381,0.4195389180552385,0.2227171918677632,0.3464417926690291,0.4339191965304725,0.23997558158247048,0.3704508857902881
151508,1,R9,leiden,7,4381,0.4298105455375485,0.23692863412095047,0.3479174253765306,0.45240812599863045,0.2696721296379025,0.390779503740698
151508,1,R9,leiden,8,4381,0.4786578406756448,0.2639780470793379,0.3584125849626928,0.5028532298561972,0.2998574801326209,0.39351352966388436
151508,1,R9,leiden,9,4381,0.408810773795937,0.22598372448526893,0.35604824496203014,0.42844099520657386,0.2491396239763675,0.3969609163479829
151508,1,R10,kmeans,0,4381,0.350376626341018,0.17928427846397607,0.2786134050435721,0.3866697101118466,0.20788956585021856,0.31362593012831524
151508,1,R10,kmeans,1,4381,0.35083314311800956,0.1780634342681905,0.2792826805542423,0.3900935859392833,0.20921152916483704,0.3167219293539333
151508,1,R10,kmeans,2,4381,0.34124629080118696,0.16083863985067118,0.2772244390492124,0.37251769002510843,0.1889537922806842,0.3135768301277177
151508,1,R10,kmeans,3,4381,0.3407897740241954,0.17430690069157614,0.27869740998336273,0.37320246519059574,0.2028461851657038,0.31396578115563706
151508,1,R10,kmeans,4,4381,0.37525679068705775,0.18749199596596539,0.2710121289261468,0.41999543483223006,0.22085043549108874,0.29773344174504834
151508,1,R10,kmeans,5,4381,0.34010499885870804,0.15973623990250455,0.27644663267586767,0.3677242638666971,0.18699848314856932,0.3128868991767699
151508,1,R10,kmeans,6,4381,0.34124629080118696,0.15941339732504495,0.2762171396604191,0.3741154987445789,0.18832629482059363,0.3120493071188022
151508,1,R10,kmeans,7,4381,0.3405615156356996,0.15938377601356127,0.27595140744131025,0.37023510614015065,0.18703753686459487,0.3125984683076404
151508,1,R10,kmeans,8,4381,0.3410180324126912,0.16046169516765418,0.2762518254013194,0.37160465647112534,0.18959245726474525,0.31318599956373033
151508,1,R10,kmeans,9,4381,0.3373658981967587,0.15769699786263294,0.27562233983346757,0.3700068477516549,0.18702033997672765,0.312305279651182
151508,1,R10,gmm,0,4381,0.3273225291029445,0.13683172273739236,0.21440453701597326,0.35014836795252224,0.1577970221201995,0.23899707162158698
151508,1,R10,gmm,1,4381,0.31545309290116413,0.11194797708462417,0.19387229976184092,0.3519744350604885,0.13799633548978896,0.22033401736224276
151508,1,R10,gmm,2,4381,0.3108879251312486,0.11166032870538313,0.19327638267438577,0.3446701666286236,0.13799602687208068,0.22014665533715566
151508,1,R10,gmm,3,4381,0.3275507874914403,0.13693474394842142,0.21462949725224337,0.3506048847295138,0.15783937435628348,0.23910698087500973
151508,1,R10,gmm,4,4381,0.3115727002967359,0.11669214839675707,0.19695500376492517,0.3419310659666743,0.14172404089328752,0.2232499957228589
151508,1,R10,gmm,5,4381,0.3273225291029445,0.13674855830916716,0.21437428911744932,0.35014836795252224,0.15769847871988668,0.23895645578015337
151508,1,R10,gmm,6,4381,0.3273225291029445,0.13664934545229634,0.21404228924399207,0.3506048847295138,0.15751156644441594,0.23891275483161867
151508,1,R10,gmm,7,4381,0.3156813512896599,0.1335332121337245,0.2096053246855549,0.33280073042684316,0.15525895634764017,0.2377365803587765
151508,1,R10,gmm,8,4381,0.32709427071444874,0.13667035512877587,0.21401178234731366,0.35014836795252224,0.15754466120112617,0.23883777378091495
151508,1,R10,gmm,9,4381,0.3275507874914403,0.1367173186788932,0.2140828827721573,0.3510614015065054,0.15776342792739637,0.23916578318816997
151508,1,R10,leiden,0,4381,0.4327779045879936,0.20787440039074118,0.329152819502407,0.45469070988358823,0.2401393728115089,0.3671045363438211
151508,1,R10,leiden,1,4381,0.45309290116411777,0.2667385869898926,0.2956502977434568,0.4677014380278475,0.28786022223542473,0.33224979311845915
151508,1,R10,leiden,2,4381,0.4635927870349235,0.24773760031512684,0.3707636665845015,0.47934261584113214,0.26509702371513316,0.39601064400450486
151508,1,R10,leiden,3,4381,0.3713763980826295,0.17858405828865898,0.28204233014327357,0.39191965304724946,0.19745230012431417,0.31176865586335284
151508,1,R10,leiden,4,4381,0.46336452864642774,0.2859123244591821,0.3393984258447928,0.47477744807121663,0.3054332437242887,0.3766495989706957
151508,1,R10,leiden,5,4381,0.37388724035608306,0.1796269244431872,0.28006052089352,0.39694133759415656,0.2024690200869513,0.3109823426380628
151508,1,R10,leiden,6,4381,0.4412234649623374,0.25303300372509496,0.3304966513490538,0.45332115955261354,0.271133741889198,0.3544471105069861
151508,1,R10,leiden,7,4381,0.4526363843871262,0.2678189539058792,0.31126959312338626,0.4635927870349235,0.2829340931942171,0.3419023905414204
151508,1,R10,leiden,8,4381,0.45081031727916,0.2668072095514031,0.3039958995091638,0.4622232367039489,0.283054328807422,0.34106969112183844
151508,1,R10,leiden,9,4381,0.4519516092216389,0.26904770239138553,0.31731424813540016,0.4688427299703264,0.29425841511338724,0.3548164493912606
151508,1,R11,kmeans,0,4381,0.3779958913490071,0.18784415397454512,0.2676703403566134,0.42433234421364985,0.22389451067209384,0.2949958896957652
151508,1,R11,kmeans,1,4381,0.3407897740241954,0.15903702933962155,0.2757281081582565,0.3727459484136042,0.1884570751388604,0.31123736055636864
151508,1,R11,kmeans,2,4381,0.35631134444190826,0.17949183253984177,0.2739094257853804,0.39534352887468616,0.20447617455333844,0.30238032254992603
151508,1,R11,kmeans,3,4381,0.3624743209312942,0.17858550013442778,0.26617488891439167,0.40333257247203835,0.20894050280037005,0.2965680142099578
151508,1,R11,kmeans,4,4381,0.34626797534809406,0.16174984726539335,0.2778881233512662,0.37320246519059574,0.18878417075825885,0.3142862049945111
151508,1,R11,kmeans,5,4381,0.33485505592330517,0.15777567917381596,0.2757386943051147,0.3656699383702351,0.18719469034878855,0.3137510994421701
151508,1,R11,kmeans,6,4381,0.33850719013923763,0.15973309463311358,0.27536640908775123,0.3697785893631591,0.1879293651852474,0.312069080695649
151508,1,R11,kmeans,7,4381,0.3407897740241954,0.16030644708209685,0.2761272327886826,0.37091988130563797,0.18901333996151198,0.3124507947040869
151508,1,R11,kmeans,8,4381,0.34147454918968273,0.16053795744344615,0.27632119096919466,0.37228943163661266,0.1897671145768607,0.31332883303374387
151508,1,R11,kmeans,9,4381,0.33850719013923763,0.16044361129374657,0.27590406333145573,0.3684090390321844,0.18586654563017715,0.3096480915394901
151508,1,R11,gmm,0,4381,0.31819219356311346,0.10081242520922067,0.21118543087321318,0.3380506733622461,0.12499453957144042,0.24001855684266413
151508,1,R11,gmm,1,4381,0.30221410636840906,0.09571290536605602,0.2108535929658798,0.3229856197215248,0.11894402459765575,0.23873074494391447
151508,1,R11,gmm,2,4381,0.32526820360648256,0.11884653626012509,0.23270938952838374,0.3439853914631363,0.1443730980344914,0.26327224605323424
151508,1,R11,gmm,3,4381,0.3172791600091303,0.10106898956656098,0.21165903985726497,0.3357680894772883,0.12486775065798189,0.2398554161507532
151508,1,R11,gmm,4,4381,0.32983337137639807,0.09776312000434788,0.220456300587239,0.34421364985163205,0.1230696329722958,0.25479700880522427
151508,1,R11,gmm,5,4381,0.31750741839762614,0.09972305574072034,0.208997177723414,0.33508331431180094,0.12342986181865187,0.23848387381384797
151508,1,R11,gmm,6,4381,0.3172791600091303,0.09645304689618193,0.2388953419277356,0.3366811230312714,0.11822382236394781,0.2730733117925876
151508,1,R11,gmm,7,4381,0.3280073042684319,0.11849450914927666,0.23211739441184936,0.3474092672905729,0.14515932154091193,0.26403533908463167
151508,1,R11,gmm,8,4381,0.3325724720383474,0.11107720791630098,0.23350678918155443,0.3453549417941109,0.1400514397517633,0.2714270409265443
151508,1,R11,gmm,9,4381,0.3179639351746177,0.10166856865042638,0.2118892328855958,0.3375941565852545,0.12607636671032932,0.240568174481843
151508,1,R11,leiden,0,4381,0.45240812599863045,0.23247186288917662,0.349402258709093,0.46838621319333484,0.2540127721390167,0.3785067685062525
151508,1,R11,leiden,1,4381,0.3996804382561059,0.20993765319018012,0.32542775861200474,0.4245606026021456,0.24025369928880227,0.36709214280991165
151508,1,R11,leiden,2,4381,0.4001369550330975,0.1957851892226709,0.3023742699077691,0.41360419995434833,0.2112529497557138,0.3312328043904965
151508,1,R11,leiden,3,4381,0.39420223693220724,0.22053371217360895,0.3473885507842029,0.4145172335083314,0.2448907547040848,0.3806591814406108
151508,1,R11,leiden,4,4381,0.4145172335083314,0.22139732167951215,0.3517676686733299,0.4261584113216161,0.23410248601864875,0.3797220852221961
151508,1,R11,leiden,5,4381,0.4720383474092673,0.25289537922659244,0.32330381826103693,0.5099292398995663,0.29544558974931673,0.3692390733364489
151508,1,R11,leiden,6,4381,0.3599634786578407,0.18983677258528242,0.3098792524546387,0.38119150878794794,0.20573000338992287,0.3339366492515218
151508,1,R11,leiden,7,4381,0.444647340789774,0.2516856484934174,0.3099495831723123,0.45948413604199956,0.2715131382895749,0.3442676007832044
151508,1,R11,leiden,8,4381,0.3727459484136042,0.16803818832688494,0.2935030325042454,0.38438712622688886,0.17706985099317124,0.3069279388478618
151508,1,R11,leiden,9,4381,0.4619949783154531,0.28258138187395937,0.35700142446210664,0.47044053868979685,0.30091956019334365,0.3914802420160936
151509,1,R1,kmeans,0,4788,0.42293233082706766,0.21747973691061945,0.28635504509138926,0.4705513784461153,0.28301831508618075,0.3482369331270563
151509,1,R1,kmeans,1,4788,0.37009189640768586,0.19553739328863523,0.2747433245542765,0.42251461988304095,0.24367313576858987,0.3401016939567076
151509,1,R1,kmeans,2,4788,0.36716791979949875,0.17147929925717575,0.2519222810371942,0.4016290726817043,0.19952855038078496,0.29047397196959446
151509,1,R1,kmeans,3,4788,0.404344193817878,0.2090261720087852,0.282174742690322,0.4621971595655806,0.26359282461105493,0.34765725724890234
151509,1,R1,kmeans,4,4788,0.4202172096908939,0.21928786772951642,0.2812208836355063,0.47702589807852963,0.2977636888018544,0.35769653968864706
151509,1,R1,kmeans,5,4788,0.4342105263157895,0.22629684677187287,0.27698008617639275,0.49582289055973267,0.30910621031036806,0.3503041024331173
151509,1,R1,kmeans,6,4788,0.4214703425229741,0.21336704963940806,0.2702641322436981,0.4768170426065163,0.2837131107703474,0.335572062995931
151509,1,R1,kmeans,7,4788,0.40350877192982454,0.2039005778848907,0.2652032724745727,0.45760233918128657,0.27103725208994167,0.32776443560477236
151509,1,R1,kmeans,8,4788,0.41102756892230574,0.20880610664584948,0.2757894585225797,0.4578111946532999,0.28197669935533437,0.3455328455338233
151509,1,R1,kmeans,9,4788,0.40810359231411864,0.19585181963735052,0.27023562758743136,0.45551378446115287,0.2444098692390319,0.31855969988355864
151509,1,R1,gmm,0,4788,0.43567251461988304,0.1813376243083927,0.2169578919502037,0.5091896407685882,0.2582829031513779,0.2869143172131856
151509,1,R1,gmm,1,4788,0.34962406015037595,0.12457670423810296,0.21383964557351912,0.383249791144528,0.14888596670382162,0.2534521534674369
151509,1,R1,gmm,2,4788,0.35985797827903093,0.14312478347821073,0.19687052617434614,0.4216791979949875,0.2066211967340771,0.24358507211037847
151509,1,R1,gmm,3,4788,0.37218045112781956,0.1447866080850658,0.20559781298753277,0.4262740183792815,0.19862335792612587,0.25778459050458824
151509,1,R1,gmm,4,4788,0.4615705931495405,0.21968342234449062,0.2177836848760102,0.5695488721804511,0.35652941053810594,0.3258777644284739
151509,1,R1,gmm,5,4788,0.3817878028404344,0.12974752153582828,0.1868056111211806,0.4492481203007519,0.19024883531359021,0.24243024598937368
151509,1,R1,gmm,6,4788,0.44507101086048456,0.1777669120767513,0.2058744870660485,0.5515873015873016,0.3113629651100938,0.29825918802109214
151509,1,R1,gmm,7,4788,0.39097744360902253,0.16194203456233566,0.20744717019747644,0.4592731829573935,0.23202756033523078,0.26639385660347725
151509,1,R1,gmm,8,4788,0.3617376775271512,0.12396145221827465,0.18946993810979337,0.42815371762740184,0.18881335571306873,0.2484130805383453
151509,1,R1,gmm,9,4788,0.33187134502923976,0.10196680862312808,0.19736725868552976,0.347953216374269,0.10150406336286767,0.22011538601823902
151509,1,R1,leiden,0,4788,0.49101921470342524,0.21449826433249106,0.2101442463386394,0.5762322472848789,0.3178022779528057,0.31770552496015303
151509,1,R1,leiden,1,4788,0.4893483709273183,0.21886487769877866,0.21496280391736008,0.5756056808688388,0.3249363357072571,0.320579192442908
151509,1,R1,leiden,2,4788,0.49707602339181284,0.21498012572245115,0.21276943430783837,0.5806182121971596,0.3207221249172984,0.3201913022232925
151509,1,R1,leiden,3,4788,0.48600668337510444,0.2101412163260861,0.2116226696447409,0.5710108604845447,0.3166405323447877,0.31794747968722037
151509,1,R1,leiden,4,4788,0.49081035923141186,0.2161616343297159,0.21194006802161156,0.5781119465329991,0.3276200343917354,0.3173176458187824
151509,1,R1,leiden,5,4788,0.4893483709273183,0.21879170528545216,0.21490022126013747,0.5789473684210527,0.3297266015415586,0.3217382855295548
151509,1,R1,leiden,6,4788,0.47890559732664995,0.21537192790526313,0.204944896039547,0.5651629072681704,0.31854794525949137,0.30719449931800885
151509,1,R1,leiden,7,4788,0.5006265664160401,0.22048344613610216,0.21761748373727216,0.5860484544695072,0.3316573647250783,0.3269858496776185
151509,1,R1,leiden,8,4788,0.4979114452798663,0.21535415584237227,0.2167577729562381,0.5806182121971596,0.3164043288312643,0.32079924921068426
151509,1,R1,leiden,9,4788,0.49895572263993315,0.22435171922166416,0.2126506487160478,0.579156223893066,0.32723697043958017,0.32143505982082216
151509,1,R2,kmeans,0,4788,0.34398496240601506,0.18202924427993,0.22334909593279856,0.38471177944862156,0.21775754593749652,0.24785855258175554
151509,1,R2,kmeans,1,4788,0.3487886382623225,0.1851467549963886,0.22422286849047074,0.39243943191311614,0.223670845169443,0.25003653288406974
151509,1,R2,kmeans,2,4788,0.3437761069340017,0.18192160577650462,0.22333150798820914,0.38471177944862156,0.21753497510552813,0.24791491790782377
151509,1,R2,kmeans,3,4788,0.3487886382623225,0.1851467549963886,0.2242228684904708,0.39243943191311614,0.223670845169443,0.25003653288406974
151509,1,R2,kmeans,4,4788,0.3487886382623225,0.1851467549963886,0.22422286849047074,0.39243943191311614,0.223670845169443,0.2500365328840698
151509,1,R2,kmeans,5,4788,0.3487886382623225,0.1851467549963886,0.2242228684904708,0.39243943191311614,0.223670845169443,0.25003653288406974
151509,1,R2,kmeans,6,4788,0.3487886382623225,0.1851467549963886,0.2242228684904708,0.39243943191311614,0.223670845169443,0.25003653288406974
151509,1,R2,kmeans,7,4788,0.3483709273182957,0.1849433764841595,0.22414472291455476,0.3920217209690894,0.22307073318678342,0.24969286943129573
151509,1,R2,kmeans,8,4788,0.34398496240601506,0.18202924427993,0.22334909593279847,0.38471177944862156,0.21775754593749652,0.24785855258175554
151509,1,R2,kmeans,9,4788,0.347953216374269,0.18422964565061067,0.22384403406463907,0.39055973266499583,0.2223589981402364,0.2497348777004843
151509,1,R2,gmm,0,4788,0.30200501253132833,0.1564805010093872,0.21694273843924694,0.3235171261487051,0.17848926712317903,0.2369711079109611
151509,1,R2,gmm,1,4788,0.30388471177944865,0.15763126611032935,0.21706421002148713,0.32644110275689225,0.18026701676464157,0.23739847399501737
151509,1,R2,gmm,2,4788,0.30200501253132833,0.15652478078366167,0.21699303476121715,0.3233082706766917,0.1785069270742009,0.23702986145958993
151509,1,R2,gmm,3,4788,0.3034670008354219,0.1571482866690856,0.2169924593522987,0.325187969924812,0.1795821378182056,0.2371533229667078
151509,1,R2,gmm,4,4788,0.30409356725146197,0.15762715177577938,0.21705455942662244,0.32644110275689225,0.1802311661638903,0.2373513902572397
151509,1,R2,gmm,5,4788,0.30388471177944865,0.15761628226662563,0.21705734752479197,0.3262322472848789,0.18021166652602733,0.23738536855176315
151509,1,R2,gmm,6,4788,0.30388471177944865,0.15761628226662563,0.217057347524792,0.3262322472848789,0.18021166652602733,0.2373853685517632
151509,1,R2,gmm,7,4788,0.30409356725146197,0.15762715177577938,0.21705455942662244,0.32644110275689225,0.1802311661638903,0.23735139025723972
151509,1,R2,gmm,8,4788,0.30388471177944865,0.15763126611032935,0.21706421002148715,0.32644110275689225,0.18026701676464157,0.23739847399501737
151509,1,R2,gmm,9,4788,0.30409356725146197,0.15762715177577938,0.21705455942662244,0.32644110275689225,0.1802311661638903,0.23735139025723972
151509,1,R2,leiden,0,4788,0.3304093567251462,0.17211671691682087,0.21976741770115685,0.36466165413533835,0.2029023354196029,0.2431354493172899
151509,1,R2,leiden,1,4788,0.31620718462823727,0.16640081698386344,0.218694189625448,0.3410609857978279,0.19125127736120962,0.2410841436253824
151509,1,R2,leiden,2,4788,0.30994152046783624,0.16504815055170538,0.21961628437733188,0.3366750208855472,0.18849764315162645,0.2419067190749099
151509,1,R2,leiden,3,4788,0.3116123642439432,0.16571556236756071,0.21933337442417178,0.33208020050125314,0.18899475201742424,0.24048612960076432
151509,1,R2,leiden,4,4788,0.310359231411863,0.16521408847351762,0.21974567309325238,0.33751044277360065,0.1886475348886157,0.24182819122641638
151509,1,R2,leiden,5,4788,0.34022556390977443,0.17671101220957378,0.21930140142460175,0.3805346700083542,0.21463717239175184,0.2459924352735069
151509,1,R2,leiden,6,4788,0.3391812865497076,0.1766451961958931,0.22015849233217982,0.3794903926482874,0.21439555326228787,0.24629756784928114
151509,1,R2,leiden,7,4788,0.31140350877192985,0.16207218316945593,0.22076662172372188,0.3366750208855472,0.18421016399115908,0.24148006469495545
151509,1,R2,leiden,8,4788,0.34001670843776105,0.17695739061863242,0.22027431087789917,0.38032581453634084,0.2147991210248577,0.24638637020900556
151509,1,R2,leiden,9,4788,0.3383458646616541,0.1761493158634588,0.21944073210009288,0.3782372598162072,0.21376336872619542,0.2456357757970944
151509,1,R3,kmeans,0,4788,0.5041771094402674,0.287835376647407,0.2925374147105244,0.5229741019214703,0.3189739195456673,0.32362420246910045
151509,1,R3,kmeans,1,4788,0.5150375939849624,0.2966222493223945,0.29292727337136676,0.5325814536340853,0.3293984435181754,0.3260381491020593
151509,1,R3,kmeans,2,4788,0.5041771094402674,0.287835376647407,0.2925374147105244,0.5229741019214703,0.3189739195456673,0.32362420246910045
151509,1,R3,kmeans,3,4788,0.5041771094402674,0.287835376647407,0.29253741471052447,0.5229741019214703,0.3189739195456673,0.3236242024691005
151509,1,R3,kmeans,4,4788,0.5112781954887218,0.29512195137572095,0.2924719281797816,0.5294486215538847,0.32776239975001903,0.32540300093082836
151509,1,R3,kmeans,5,4788,0.5110693400167085,0.29514103127011326,0.29234938849842673,0.5292397660818714,0.3277834211210855,0.32526719331990106
151509,1,R3,kmeans,6,4788,0.503968253968254,0.2877269514217134,0.29172796481598695,0.5229741019214703,0.3191330581655669,0.32271478079626054
151509,1,R3,kmeans,7,4788,0.5041771094402674,0.287835376647407,0.2925374147105244,0.5229741019214703,0.3189739195456673,0.3236242024691005
151509,1,R3,kmeans,8,4788,0.503968253968254,0.2877269514217134,0.29172796481598695,0.5229741019214703,0.3191330581655669,0.3227147807962606
151509,1,R3,kmeans,9,4788,0.5146198830409356,0.2963757544108817,0.2927200992633994,0.5323725981620718,0.3287338570207729,0.3257075656279706
151509,1,R3,gmm,0,4788,0.34711779448621555,0.11857040936816841,0.1780695838490385,0.35651629072681706,0.1319486662191142,0.19826827303345995
151509,1,R3,gmm,1,4788,0.4137426900584795,0.191072804105884,0.2170908285797122,0.4352548036758563,0.21807202122447814,0.24469401448546624
151509,1,R3,gmm,2,4788,0.4068504594820384,0.17170326305557523,0.18270665099942737,0.4277360066833751,0.19431370995667652,0.20449498980080763
151509,1,R3,gmm,3,4788,0.4037176274018379,0.16955879983090114,0.18229635021671606,0.4277360066833751,0.19516010230391673,0.20634338765656368
151509,1,R3,gmm,4,4788,0.34732664995822893,0.11826374819407126,0.17795041054542918,0.3567251461988304,0.1317566648515388,0.19820337442114389
151509,1,R3,gmm,5,4788,0.34711779448621555,0.11857040936816841,0.1780695838490386,0.35651629072681706,0.1319486662191142,0.19826827303346
151509,1,R3,gmm,6,4788,0.34711779448621555,0.11857040936816841,0.17806958384903857,0.35651629072681706,0.1319486662191142,0.19826827303346
151509,1,R3,gmm,7,4788,0.34732664995822893,0.11822830979724197,0.17800016845746888,0.3567251461988304,0.13170818735684747,0.19824469043176499
151509,1,R3,gmm,8,4788,0.3467000835421888,0.11871389070267341,0.17808086961334585,0.35651629072681706,0.1323074676770253,0.19842640377361315
151509,1,R3,gmm,9,4788,0.34690893901420217,0.11856208311540707,0.1780357672349023,0.3563074352548037,0.13193317829183523,0.19821858571266052
151509,1,R3,leiden,0,4788,0.41604010025062654,0.22043760766651002,0.31438381226490036,0.42502088554720135,0.23001697590908132,0.3332105900179137
151509,1,R3,leiden,1,4788,0.3807435254803676,0.21706634898959284,0.3111284462225727,0.38596491228070173,0.22633482186469384,0.3273509577535771
151509,1,R3,leiden,2,4788,0.4415204678362573,0.2563959780466617,0.2948745123982833,0.45300751879699247,0.2691039718913795,0.3121031194562933
151509,1,R3,leiden,3,4788,0.4162489557226399,0.23077614178549666,0.3112227061964133,0.427109440267335,0.24496563299785598,0.3339092977821576
151509,1,R3,leiden,4,4788,0.4016290726817043,0.2110106522711264,0.2944817372965175,0.40977443609022557,0.21930691711497483,0.30969612208683606
151509,1,R3,leiden,5,4788,0.40497076023391815,0.19399184622873228,0.29093660557936546,0.4195906432748538,0.20967462301810297,0.3145559657418672
151509,1,R3,leiden,6,4788,0.3993316624895572,0.18908650780223304,0.2940216538683284,0.41040100250626566,0.20005878195947466,0.31343877257373026
151509,1,R3,leiden,7,4788,0.4465329991645781,0.22998974525014748,0.3005765925568194,0.45572263993316625,0.24512373063151727,0.3215638409939214
151509,1,R3,leiden,8,4788,0.4112364243943191,0.21611706701415753,0.31659212041955437,0.41791979949874686,0.224832267086093,0.3336438107428898
151509,1,R3,leiden,9,4788,0.3991228070175439,0.1893409015407345,0.29506413165666207,0.41102756892230574,0.2011348739602336,0.3162091847508059
151509,1,R4,kmeans,0,4788,0.4630325814536341,0.279306856835775,0.3311764669458918,0.5139933166248956,0.3476135554050761,0.4002454515809233
151509,1,R4,kmeans,1,4788,0.46345029239766083,0.2800368528933874,0.33315964368109136,0.5146198830409356,0.34814985979134105,0.401576196282869
151509,1,R4,kmeans,2,4788,0.45593149540517963,0.2688655401803472,0.3417965218707459,0.5077276524644946,0.3403643426855153,0.4233421049563148
151509,1,R4,kmeans,3,4788,0.4628237259816207,0.27929481635013426,0.33114753168905825,0.5137844611528822,0.3475250060486747,0.4000186260808157
151509,1,R4,kmeans,4,4788,0.46324143692564745,0.2794896717180406,0.3308255742876588,0.5144110275689223,0.34787256556333834,0.39995583642850113
151509,1,R4,kmeans,5,4788,0.4628237259816207,0.27929481635013426,0.33114753168905825,0.5137844611528822,0.3475250060486747,0.40001862608081573
151509,1,R4,kmeans,6,4788,0.4690893901420217,0.28777243349938825,0.3322347845441,0.525062656641604,0.361034420330609,0.4042783089974183
151509,1,R4,kmeans,7,4788,0.4628237259816207,0.27929481635013426,0.3311475316890582,0.5137844611528822,0.3475250060486747,0.4000186260808157
151509,1,R4,kmeans,8,4788,0.4628237259816207,0.27929481635013426,0.33114753168905825,0.5137844611528822,0.3475250060486747,0.4000186260808157
151509,1,R4,kmeans,9,4788,0.4628237259816207,0.27929481635013426,0.33114753168905825,0.5137844611528822,0.3475250060486747,0.4000186260808157
151509,1,R4,gmm,0,4788,0.40058479532163743,0.2225643050828267,0.2665084076086645,0.4628237259816207,0.29825324288078603,0.3202125406035271
151509,1,R4,gmm,1,4788,0.40810359231411864,0.22865430353560093,0.24489089842106165,0.4791144527986633,0.30389769475574513,0.2903109338624351
151509,1,R4,gmm,2,4788,0.3588137009189641,0.19272245666710391,0.24241053175303814,0.41290726817042606,0.24599679757917436,0.2784210327495856
151509,1,R4,gmm,3,4788,0.3845029239766082,0.21983689470804793,0.24689339777357466,0.44799498746867167,0.2922044580695826,0.2925730552329813
151509,1,R4,gmm,4,4788,0.40789473684210525,0.2285282871334321,0.24486216849328973,0.47890559732664995,0.30358663304840083,0.29014738818789254
151509,1,R4,gmm,5,4788,0.40789473684210525,0.2285431347578233,0.24486883430578454,0.4791144527986633,0.3037869739866728,0.2902041288858116
151509,1,R4,gmm,6,4788,0.40789473684210525,0.2285282871334321,0.2448621684932897,0.47890559732664995,0.30358663304840083,0.29014738818789254
151509,1,R4,gmm,7,4788,0.39097744360902253,0.2162110620665998,0.2640704608988523,0.4540517961570593,0.2852190336281219,0.31722073999515354
151509,1,R4,gmm,8,4788,0.32748538011695905,0.16384209993420792,0.2307088068494319,0.3636173767752715,0.2022306389965385,0.26918779911826046
151509,1,R4,gmm,9,4788,0.391812865497076,0.21694443220057488,0.2641980905494941,0.45509607351712617,0.28681548766471354,0.31804879170255584
151509,1,R4,leiden,0,4788,0.4321219715956558,0.24773076318056825,0.3187232563453066,0.4818295739348371,0.30268018177939343,0.3757136914045951
151509,1,R4,leiden,1,4788,0.46888053467000834,0.28708172877136107,0.31968819425072276,0.5231829573934837,0.3643689033221655,0.3921201107492651
151509,1,R4,leiden,2,4788,0.4227234753550543,0.2421809914591256,0.30984477198061644,0.46762740183792817,0.30033897130783377,0.3706355701314183
151509,1,R4,leiden,3,4788,0.46261487050960737,0.27990440802860445,0.32523569460292195,0.5162907268170426,0.35545171438870193,0.3963091488226934
151509,1,R4,leiden,4,4788,0.4494569757727652,0.2535836124742391,0.32506933793997583,0.5033416875522139,0.3207646366328598,0.3877328107050206
151509,1,R4,leiden,5,4788,0.41102756892230574,0.23162790016972237,0.3152805134782041,0.4578111946532999,0.2890109616769952,0.3758115120616816
151509,1,R4,leiden,6,4788,0.4068504594820384,0.2232996872414081,0.3147759732107518,0.45258980785296576,0.28104614307601583,0.3752810506246788
151509,1,R4,leiden,7,4788,0.41729323308270677,0.24417278747347454,0.32117772581151127,0.4672096908939014,0.3008158856437928,0.38312552834554436
151509,1,R4,leiden,8,4788,0.4906015037593985,0.28409465169496145,0.3265169552446153,0.5474101921470342,0.3670959831783077,0.4148046053188396
151509,1,R4,leiden,9,4788,0.4473684210526316,0.25733350645509195,0.31556722692759687,0.5027151211361738,0.32737845730315246,0.38290335970182376
151509,1,R5,kmeans,0,4788,0.5304928989139516,0.36070145779924456,0.34234306186359625,0.5620300751879699,0.41066409931172587,0.39993994279433026
151509,1,R5,kmeans,1,4788,0.5248538011695907,0.3548165085274141,0.3401200499791803,0.5557644110275689,0.40242980228537395,0.3969754188385465
151509,1,R5,kmeans,2,4788,0.5248538011695907,0.3547492798732331,0.34029676387072705,0.5553467000835421,0.40198691213063503,0.397096302345099
151509,1,R5,kmeans,3,4788,0.5304928989139516,0.3606742429860019,0.34210267614450224,0.5620300751879699,0.4106368652251853,0.3997038514857883
151509,1,R5,kmeans,4,4788,0.5248538011695907,0.3547492798732331,0.3402967638707269,0.5553467000835421,0.40198691213063503,0.397096302345099
151509,1,R5,kmeans,5,4788,0.5304928989139516,0.36070145779924456,0.34234306186359625,0.5620300751879699,0.41066409931172587,0.39993994279433026
151509,1,R5,kmeans,6,4788,0.5248538011695907,0.3547492798732331,0.34029676387072694,0.5553467000835421,0.40198691213063503,0.397096302345099
151509,1,R5,kmeans,7,4788,0.5263157894736842,0.35580446158982504,0.3403277552145876,0.5572263993316625,0.40334661147440387,0.3987376604820014
151509,1,R5,kmeans,8,4788,0.5248538011695907,0.3547492798732331,0.340296763870727,0.5553467000835421,0.40198691213063503,0.397096302345099
151509,1,R5,kmeans,9,4788,0.5263157894736842,0.35580446158982504,0.34032775521458764,0.5572263993316625,0.40334661147440387,0.3987376604820013
151509,1,R5,gmm,0,4788,0.3579782790309106,0.18565801434876084,0.22572190933485536,0.4039264828738513,0.22527255336790794,0.2546563181516295
151509,1,R5,gmm,1,4788,0.3579782790309106,0.18565801434876084,0.22572190933485542,0.4039264828738513,0.22527255336790794,0.2546563181516294
151509,1,R5,gmm,2,4788,0.3276942355889724,0.17241671114851956,0.22234403631108948,0.3556808688387636,0.19976394823575758,0.24900936138129914
151509,1,R5,gmm,3,4788,0.3579782790309106,0.18565801434876084,0.22572190933485536,0.4039264828738513,0.22527255336790794,0.2546563181516295
151509,1,R5,gmm,4,4788,0.3410609857978279,0.1752245638492575,0.2218104054656052,0.37280701754385964,0.20214822833481674,0.24689713053475681
151509,1,R5,gmm,5,4788,0.35714285714285715,0.18491297103310295,0.22542724514118592,0.402046783625731,0.2232920058727618,0.2551243812132678
151509,1,R5,gmm,6,4788,0.33395989974937346,0.17788038045426,0.22288107773449592,0.37259816207184626,0.21041638264970408,0.24871753763350507
151509,1,R5,gmm,7,4788,0.3567251461988304,0.1846025348505317,0.22535019984900967,0.402046783625731,0.22295164388094876,0.25493464123754667
151509,1,R5,gmm,8,4788,0.3579782790309106,0.18565801434876084,0.22572190933485536,0.4039264828738513,0.22527255336790794,0.2546563181516295
151509,1,R5,gmm,9,4788,0.34210526315789475,0.17562898083035006,0.22228416237406817,0.37406015037593987,0.20289502744038554,0.24773383623720038
151509,1,R5,leiden,0,4788,0.47598162071846284,0.29869188453037226,0.38101183702733715,0.5192147034252298,0.35830769600157397,0.4327169539749084
151509,1,R5,leiden,1,4788,0.42042606516290726,0.21517636893963882,0.3211744102249151,0.45509607351712617,0.2622702100359296,0.36126043313676287
151509,1,R5,leiden,2,4788,0.4058061821219716,0.24018682970989508,0.3508622786596139,0.4402673350041771,0.2737997068674709,0.3908984476830848
151509,1,R5,leiden,3,4788,0.45321637426900585,0.25183709488468053,0.33020376223933146,0.49122807017543857,0.30573729296155994,0.37644037167483
151509,1,R5,leiden,4,4788,0.4016290726817043,0.2368129585293376,0.35886409842467815,0.4237677527151211,0.2637066281521503,0.3945454471480777
151509,1,R5,leiden,5,4788,0.4402673350041771,0.27221231972365173,0.36820273732155256,0.46512113617376777,0.29890389582246557,0.4157663379783682
151509,1,R5,leiden,6,4788,0.45258980785296576,0.27349474943555746,0.3662653811246954,0.4876775271512114,0.3155511114075083,0.4158570592819682
151509,1,R5,leiden,7,4788,0.4515455304928989,0.2565359888857338,0.3411732579435434,0.497702589807853,0.31028214702009327,0.38876862007785945
151509,1,R5,leiden,8,4788,0.4112364243943191,0.25738088115357993,0.358910137627249,0.4398496240601504,0.2942809216248875,0.4067546284510792
151509,1,R5,leiden,9,4788,0.47013366750208857,0.2810765300950222,0.37254923430759634,0.5058479532163743,0.32004827727027674,0.41174838110987194
151509,1,R6,kmeans,0,4788,0.5304928989139516,0.36070145779924456,0.34234306186359625,0.5620300751879699,0.41066409931172587,0.39993994279433026
151509,1,R6,kmeans,1,4788,0.5248538011695907,0.3547492798732331,0.340296763870727,0.5553467000835421,0.40198691213063503,0.39709630234509913
151509,1,R6,kmeans,2,4788,0.5248538011695907,0.3547492798732331,0.34029676387072705,0.5553467000835421,0.40198691213063503,0.397096302345099
151509,1,R6,kmeans,3,4788,0.5436507936507936,0.37136285887562953,0.34508420252956773,0.5887635756056808,0.44228219762801585,0.42191445492262397
151509,1,R6,kmeans,4,4788,0.5263157894736842,0.3557650425173356,0.3401340700317698,0.5572263993316625,0.4033072941575131,0.3985593439348886
151509,1,R6,kmeans,5,4788,0.5263157894736842,0.35580446158982504,0.3403277552145876,0.5572263993316625,0.40334661147440387,0.3987376604820014
151509,1,R6,kmeans,6,4788,0.5302840434419381,0.3604771542241024,0.3423735813291589,0.5611946532999165,0.4095449582316221,0.3996246022299686
151509,1,R6,kmeans,7,4788,0.5248538011695907,0.3547492798732331,0.340296763870727,0.5553467000835421,0.40198691213063503,0.39709630234509896
151509,1,R6,kmeans,8,4788,0.5304928989139516,0.36070145779924456,0.34234306186359614,0.5620300751879699,0.41066409931172587,0.3999399427943303
151509,1,R6,kmeans,9,4788,0.5263157894736842,0.35580446158982504,0.34032775521458764,0.5572263993316625,0.40334661147440387,0.3987376604820013
151509,1,R6,gmm,0,4788,0.3538011695906433,0.10893726058995429,0.17573508749637187,0.3680033416875522,0.11965165042700793,0.196446190939009
151509,1,R6,gmm,1,4788,0.3467000835421888,0.11050693902050011,0.17622567732780983,0.3583959899749373,0.12298854240032496,0.1981901158479775
151509,1,R6,gmm,2,4788,0.3467000835421888,0.11011032538160496,0.17602844662397782,0.358187134502924,0.12256335626838044,0.19796243100972946
151509,1,R6,gmm,3,4788,0.3531746031746032,0.10839166831037138,0.17523435978633892,0.36737677527151213,0.11892654650031206,0.19579131549666404
151509,1,R6,gmm,4,4788,0.34649122807017546,0.11020637263663036,0.1760469943644067,0.3579782790309106,0.12287146179019476,0.19807554014592355
151509,1,R6,gmm,5,4788,0.3467000835421888,0.1100337014498134,0.17598084198275477,0.35776942355889724,0.12241670310169604,0.1977861794733634
151509,1,R6,gmm,6,4788,0.3531746031746032,0.10837684977237197,0.17535233260475136,0.36716791979949875,0.11879014382659112,0.1952791623474203
151509,1,R6,gmm,7,4788,0.40497076023391815,0.19091828308719577,0.21141288527140184,0.43065998329156224,0.22744767111386655,0.24596725156354723
151509,1,R6,gmm,8,4788,0.34649122807017546,0.11020637263663036,0.1760469943644067,0.3579782790309106,0.12287146179019476,0.1980755401459236
151509,1,R6,gmm,9,4788,0.3533834586466165,0.10844353258531017,0.17526885625565086,0.36737677527151213,0.11892654650031206,0.195791315496664
151509,1,R6,leiden,0,4788,0.4448621553884712,0.2586434903229065,0.3336231091166657,0.49456975772765244,0.3296527066034562,0.38511002956859697
151509,1,R6,leiden,1,4788,0.4417293233082707,0.24400435013671284,0.33274522399822726,0.4793233082706767,0.2915590869575738,0.37059746364809326
151509,1,R6,leiden,2,4788,0.4108187134502924,0.23499031287398922,0.3370827697566083,0.4402673350041771,0.2731602800088709,0.38266957027662946
151509,1,R6,leiden,3,4788,0.4118629908103592,0.2501355148081917,0.36410524668372535,0.4408939014202172,0.2767842386872518,0.39998067040471746
151509,1,R6,leiden,4,4788,0.47598162071846284,0.2865096099260736,0.3473068928069167,0.5175438596491229,0.35011931752343495,0.3972362955414294
151509,1,R6,leiden,5,4788,0.43107769423558895,0.249263047564458,0.3463948595022851,0.47368421052631576,0.29525213071175854,0.3851853312717894
151509,1,R6,leiden,6,4788,0.4195906432748538,0.2308216269346148,0.340135082287324,0.4615705931495405,0.28235371430180173,0.3812659799953781
151509,1,R6,leiden,7,4788,0.4139515455304929,0.24038898642359532,0.33484559044120177,0.43796992481203006,0.2718039077266429,0.3826606295206044
151509,1,R6,leiden,8,4788,0.39745196324143695,0.22654310147498874,0.3299727834981806,0.43755221386800336,0.2662625672294927,0.3699465032479134
151509,1,R6,leiden,9,4788,0.39536340852130325,0.21973893218224164,0.3439563982520603,0.4227234753550543,0.24982356790590304,0.3830455325305552
151509,1,R7,kmeans,0,4788,0.325187969924812,0.1592696292600533,0.22476820182398644,0.3567251461988304,0.1880054867907828,0.25939926509080424
151509,1,R7,kmeans,1,4788,0.325187969924812,0.16117900879255845,0.2245929464310812,0.35421888053467,0.1895102143946807,0.25879531101778275
151509,1,R7,kmeans,2,4788,0.32497911445279865,0.1614088610737548,0.22561298354232398,0.3535923141186299,0.18994389462880773,0.2605442446828709
151509,1,R7,kmeans,3,4788,0.3253968253968254,0.16192400161387097,0.22546280104930264,0.35401002506265666,0.19112633704849297,0.26078857920961546
151509,1,R7,kmeans,4,4788,0.3256056808688388,0.1615368160604497,0.22569515168169282,0.35484544695071013,0.1902565632663948,0.26060195522574026
151509,1,R7,kmeans,5,4788,0.32456140350877194,0.16195248275357546,0.22461723394956787,0.35233918128654973,0.19083320785011312,0.2590612228986071
151509,1,R7,kmeans,6,4788,0.3253968253968254,0.15935595517994183,0.22477988657390185,0.35714285714285715,0.18825379715629417,0.2594377389900875
151509,1,R7,kmeans,7,4788,0.325187969924812,0.1592696292600533,0.22476820182398644,0.3567251461988304,0.1880054867907828,0.2593992650908043
151509,1,R7,kmeans,8,4788,0.32435254803675856,0.16090926489068325,0.2242376407436954,0.35192147034252297,0.18916815232921116,0.2582885551460486
151509,1,R7,kmeans,9,4788,0.3256056808688388,0.15949780001623765,0.22494496891135135,0.3554720133667502,0.18748267997715018,0.25931011621413197
151509,1,R7,gmm,0,4788,0.3226817042606516,0.13655024517983172,0.2128826311806777,0.3586048454469507,0.16049262214205712,0.24125125745757559
151509,1,R7,gmm,1,4788,0.322890559732665,0.136632653056616,0.212838439046084,0.35902255639097747,0.16060296878472083,0.24124412996964922
151509,1,R7,gmm,2,4788,0.3191311612364244,0.13560142787139276,0.21163943139051802,0.35401002506265666,0.15931099041624783,0.24026988623940587
151509,1,R7,gmm,3,4788,0.3226817042606516,0.13666693380320932,0.2132306874630022,0.3583959899749373,0.1606813524759708,0.24180087253011265
151509,1,R7,gmm,4,4788,0.31370091896407687,0.1374616075036517,0.21356745055290005,0.341687552213868,0.16158133204956474,0.23697191807493895
151509,1,R7,gmm,5,4788,0.3226817042606516,0.1367413183109238,0.21283415361882,0.3588137009189641,0.16085503813586138,0.24147435448540905
151509,1,R7,gmm,6,4788,0.31370091896407687,0.13718970944800737,0.2134553612183444,0.341687552213868,0.16117776000543665,0.23684151432602443
151509,1,R7,gmm,7,4788,0.3226817042606516,0.1367413183109238,0.21283415361881997,0.3588137009189641,0.16085503813586138,0.24147435448540908
151509,1,R7,gmm,8,4788,0.3226817042606516,0.1367413183109238,0.21283415361881997,0.3588137009189641,0.16085503813586138,0.24147435448540908
151509,1,R7,gmm,9,4788,0.3226817042606516,0.13668447883111665,0.21279132829160927,0.3588137009189641,0.160837816082813,0.24147256175216128
151509,1,R7,leiden,0,4788,0.3335421888053467,0.13843338835762733,0.20901670826504734,0.37990810359231414,0.17641256952937626,0.24371881515056795
151509,1,R7,leiden,1,4788,0.40058479532163743,0.195339249702494,0.2311874373699108,0.4592731829573935,0.25413048107574393,0.2837924460834533
151509,1,R7,leiden,2,4788,0.37990810359231414,0.16667406218408964,0.2263073776376138,0.43003341687552216,0.21229619845144904,0.2684882573191504
151509,1,R7,leiden,3,4788,0.3237259816207185,0.15164138196391008,0.2202053177075861,0.35401002506265666,0.17794420450074902,0.25065456541655057
151509,1,R7,leiden,4,4788,0.36904761904761907,0.15891361365785844,0.21612557394855558,0.4202172096908939,0.20917320684685017,0.2630532589356929
151509,1,R7,leiden,5,4788,0.3932748538011696,0.18683443973624403,0.22356977678385498,0.4408939014202172,0.23942415027641845,0.27600001579149996
151509,1,R7,leiden,6,4788,0.33437761069340016,0.16161589316306874,0.2171700366399329,0.35776942355889724,0.18795529987438536,0.2568272777295377
151509,1,R7,leiden,7,4788,0.4227234753550543,0.20026103834734593,0.22948448024113338,0.48830409356725146,0.26770740234833784,0.29133367788228476
151509,1,R7,leiden,8,4788,0.38345864661654133,0.17921875355631522,0.22670793190556326,0.44110275689223055,0.23137120018448928,0.27902600577020775
151509,1,R7,leiden,9,4788,0.41248955722639935,0.18784052472124338,0.22470693840726524,0.474937343358396,0.25700725369463473,0.28107011246189445
151509,1,R8,kmeans,0,4788,0.4101921470342523,0.2057255031714515,0.31341919591426753,0.4317042606516291,0.22486368077393115,0.34144768191438674
151509,1,R8,kmeans,1,4788,0.41854636591478694,0.2125780226780427,0.3122834970399264,0.4421470342522974,0.2331093667806239,0.3420006355342605
151509,1,R8,kmeans,2,4788,0.39223057644110276,0.20218017107358544,0.3169798704266642,0.41499582289055975,0.22083224648303776,0.34707997777653754
151509,1,R8,kmeans,3,4788,0.41228070175438597,0.20765038805497973,0.31351808069566073,0.43358395989974935,0.22605068316533472,0.3405525796082342
151509,1,R8,kmeans,4,4788,0.39348370927318294,0.20286747752979678,0.31682331673949843,0.41562238930659984,0.2207383284999976,0.3467813287661888
151509,1,R8,kmeans,5,4788,0.39786967418546365,0.18230169270008645,0.281978561684744,0.42105263157894735,0.19850806563728957,0.3097575250837536
151509,1,R8,kmeans,6,4788,0.4116541353383459,0.20635148288812563,0.3174310327651263,0.4340016708437761,0.22638113672589746,0.34525015559471434
151509,1,R8,kmeans,7,4788,0.41060985797827904,0.20521512934884797,0.3169218483039833,0.43379281537176273,0.22473822265011387,0.3457494074716404
151509,1,R8,kmeans,8,4788,0.41499582289055975,0.2084843882116787,0.31512006786845326,0.4377610693400167,0.22832915055985914,0.34252471674449153
151509,1,R8,kmeans,9,4788,0.41499582289055975,0.2084843882116787,0.31512006786845326,0.4377610693400167,0.22832915055985914,0.3425247167444914
151509,1,R8,gmm,0,4788,0.4037176274018379,0.2076156196718531,0.27736421164139513,0.4308688387635756,0.23431276953103677,0.30939907078072293
151509,1,R8,gmm,1,4788,0.35463659147869675,0.17564179249313647,0.2886296641832239,0.36257309941520466,0.18786769418786362,0.3170454428861803
151509,1,R8,gmm,2,4788,0.43128654970760233,0.2275411560777544,0.3113069479123099,0.4603174603174603,0.2597841895018321,0.3492314255107554
151509,1,R8,gmm,3,4788,0.4317042606516291,0.22771396187386364,0.3116535270918756,0.46073517126148705,0.25998639911631705,0.3498568719721323
151509,1,R8,gmm,4,4788,0.35484544695071013,0.17579293727645232,0.28875859572540963,0.3631996658312448,0.18808646447586044,0.3172088791869186
151509,1,R8,gmm,5,4788,0.40476190476190477,0.2079304726716164,0.275481306286359,0.433375104427736,0.23491188790416376,0.3061673030646847
151509,1,R8,gmm,6,4788,0.35505430242272346,0.1760373811985564,0.28856745845174797,0.36236424394319133,0.1885068058337666,0.3174137638139972
151509,1,R8,gmm,7,4788,0.38220551378446116,0.18271268401600527,0.28673661525684,0.4120718462823726,0.2085151066952949,0.3177157124172088
151509,1,R8,gmm,8,4788,0.35484544695071013,0.1756840970133795,0.2881259381964023,0.36257309941520466,0.1876211876881468,0.31647661471656297
151509,1,R8,gmm,9,4788,0.35463659147869675,0.17618722374023477,0.28867566648788057,0.3617376775271512,0.18866696539322314,0.31733030914767363
151509,1,R8,leiden,0,4788,0.48141186299081035,0.2789190089263317,0.3245313904170572,0.5093984962406015,0.30721108449357726,0.3617918113253466
151509,1,R8,leiden,1,4788,0.508563074352548,0.2999961558537766,0.3543322639740132,0.5265246449456976,0.33052127667442777,0.3948006164351298
151509,1,R8,leiden,2,4788,0.49206349206349204,0.2809346386512953,0.33552449879871,0.5135756056808688,0.3077710597949086,0.37696432552940573
151509,1,R8,leiden,3,4788,0.5127401837928154,0.30249903922849913,0.34952471253449113,0.5319548872180451,0.33038595360380796,0.39302604386252116
151509,1,R8,leiden,4,4788,0.4931077694235589,0.2773416884957405,0.35437569893089443,0.506265664160401,0.3002165764495299,0.3868385156628478
151509,1,R8,leiden,5,4788,0.5004177109440268,0.2930133367422049,0.34338906096387445,0.5256892230576441,0.3329108089666073,0.39230037234174464
151509,1,R8,leiden,6,4788,0.5029239766081871,0.2957094899408792,0.3455875661774449,0.5233918128654971,0.3292644447323572,0.3930495734440934
151509,1,R8,leiden,7,4788,0.5093984962406015,0.3028913522879458,0.35919439831416755,0.5279866332497911,0.3348545270883816,0.4010702958762377
151509,1,R8,leiden,8,4788,0.4928989139515455,0.2810893936122987,0.35213457150616423,0.5081453634085213,0.3053446543940595,0.38749123500952587
151509,1,R8,leiden,9,4788,0.5112781954887218,0.30524420614879394,0.358021656856267,0.529030910609858,0.3361880011503124,0.39662137305208955
151509,1,R9,kmeans,0,4788,0.441938178780284,0.2477021171235601,0.3456032464413694,0.47869674185463656,0.28306498092983434,0.39193957986336736
151509,1,R9,kmeans,1,4788,0.4421470342522974,0.24784664481284258,0.3454986704518371,0.4793233082706767,0.28348003302986713,0.3931551912998515
151509,1,R9,kmeans,2,4788,0.441938178780284,0.2477021171235601,0.3456032464413695,0.47869674185463656,0.28306498092983434,0.39193957986336736
151509,1,R9,kmeans,3,4788,0.4415204678362573,0.2474872868743726,0.3457548739609916,0.4780701754385965,0.2829060721081014,0.39209460694799875
151509,1,R9,kmeans,4,4788,0.4448621553884712,0.2477222558342808,0.34426880646666475,0.48579782790309106,0.28612109537410424,0.3931202193888393
151509,1,R9,kmeans,5,4788,0.44131161236424393,0.24700737797637454,0.3451162850865673,0.4778613199665831,0.2822798377462657,0.3916952151839262
151509,1,R9,kmeans,6,4788,0.4423558897243108,0.24784172262103116,0.34560271000048154,0.4793233082706767,0.28348003302986713,0.3931551912998515
151509,1,R9,kmeans,7,4788,0.4415204678362573,0.2477917221831888,0.3452212051254681,0.47848788638262324,0.2829208027133729,0.3917494662743874
151509,1,R9,kmeans,8,4788,0.4423558897243108,0.24784172262103116,0.3456027100004815,0.4793233082706767,0.28348003302986713,0.3931551912998515
151509,1,R9,kmeans,9,4788,0.441938178780284,0.24792096787033532,0.3456682456699013,0.47869674185463656,0.28306498092983434,0.39193957986336736
151509,1,R9,gmm,0,4788,0.4371345029239766,0.2352176250097746,0.3365503383357597,0.4816207184628237,0.2812729928468984,0.3848961606735181
151509,1,R9,gmm,1,4788,0.4197994987468672,0.2481152821212789,0.34027733616911243,0.4605263157894737,0.29015597178836083,0.39495182074772817
151509,1,R9,gmm,2,4788,0.4352548036758563,0.23606565279336766,0.3369312310624515,0.4778613199665831,0.2797509039634703,0.383167883602805
151509,1,R9,gmm,3,4788,0.4371345029239766,0.2352176250097746,0.3365503383357597,0.4816207184628237,0.2812729928468984,0.3848961606735181
151509,1,R9,gmm,4,4788,0.36716791979949875,0.19752965956446936,0.33109450398895474,0.40267335004177107,0.234165243873391,0.3714551865196171
151509,1,R9,gmm,5,4788,0.4352548036758563,0.23606565279336766,0.33693123106245154,0.4778613199665831,0.2797509039634703,0.38316788360280507
151509,1,R9,gmm,6,4788,0.4367167919799499,0.23643666364546814,0.33679455635855293,0.4797410192147034,0.2809285756342424,0.3841645391468235
151509,1,R9,gmm,7,4788,0.3763575605680869,0.211642761715697,0.34441852559834285,0.40789473684210525,0.24651237421683933,0.38422238840583517
151509,1,R9,gmm,8,4788,0.4352548036758563,0.23606565279336766,0.33693123106245154,0.4778613199665831,0.2797509039634703,0.38316788360280507
151509,1,R9,gmm,9,4788,0.4367167919799499,0.23658873993414178,0.33687199677465773,0.4797410192147034,0.2810727426962106,0.38424353712801845
151509,1,R9,leiden,0,4788,0.5110693400167085,0.30667830708068167,0.38241302362209245,0.5578529657477026,0.37101481432396577,0.4501739828344004
151509,1,R9,leiden,1,4788,0.4649122807017544,0.256281998139204,0.36272085113640945,0.48120300751879697,0.27004774289503,0.40190233888742904
151509,1,R9,leiden,2,4788,0.43817878028404345,0.2498000269152625,0.36852452462399715,0.46595655806182124,0.2793217559044741,0.4084377873742701
151509,1,R9,leiden,3,4788,0.5194235588972431,0.324690931247317,0.3692611812405701,0.5543024227234754,0.37386022812353925,0.4297558436388183
151509,1,R9,leiden,4,4788,0.46094402673350043,0.24776162797378343,0.3491487858966847,0.49101921470342524,0.2709629907867997,0.3964791768135101
151509,1,R9,leiden,5,4788,0.4981203007518797,0.3016334187711896,0.3639069318741691,0.5394736842105263,0.3554958225385728,0.42306033747490157
151509,1,R9,leiden,6,4788,0.5004177109440268,0.28888621094795847,0.3810316275223776,0.5423976608187134,0.344038356922285,0.44248290929834644
151509,1,R9,leiden,7,4788,0.47953216374269003,0.2710067269034408,0.35247708375325115,0.533625730994152,0.327753030721015,0.4073911768596239
151509,1,R9,leiden,8,4788,0.46512113617376777,0.26015712079333536,0.36280637818592976,0.5006265664160401,0.2986698749282152,0.41170586453297026
151509,1,R9,leiden,9,4788,0.4776524644945698,0.28064986152309923,0.3579008318055965,0.525062656641604,0.3377470950784468,0.4157725675228802
151509,1,R10,kmeans,0,4788,0.439640768588137,0.24602890091262095,0.34460468622846774,0.4722222222222222,0.2835074378758133,0.3946413731793065
151509,1,R10,kmeans,1,4788,0.4346282372598162,0.24607458936992493,0.34569442158500807,0.4655388471177945,0.28031348783229115,0.3960362190163286
151509,1,R10,kmeans,2,4788,0.44256474519632416,0.24674817825484058,0.3453567869567967,0.47848788638262324,0.28321850418175276,0.39406331339673445
151509,1,R10,kmeans,3,4788,0.4076858813700919,0.2424408408977377,0.33182289256589986,0.4565580618212197,0.29370347367769317,0.3735489609009356
151509,1,R10,kmeans,4,4788,0.4417293233082707,0.24664484799784267,0.34564508034761604,0.47598162071846284,0.2825812861060435,0.3946883562068007
151509,1,R10,kmeans,5,4788,0.4423558897243108,0.2469354585127544,0.3455594673877316,0.4778613199665831,0.28319044577078695,0.39414879506144
151509,1,R10,kmeans,6,4788,0.4126984126984127,0.24477928231728788,0.3330911743630079,0.4598997493734336,0.2967817139184034,0.3766240565631214
151509,1,R10,kmeans,7,4788,0.44068504594820385,0.24585591161477127,0.34469997358565246,0.4728487886382623,0.28203029519463724,0.39290678742451496
151509,1,R10,kmeans,8,4788,0.44256474519632416,0.24674817825484058,0.3453567869567967,0.47848788638262324,0.28321850418175276,0.39406331339673445
151509,1,R10,kmeans,9,4788,0.44256474519632416,0.24674817825484058,0.3453567869567967,0.47848788638262324,0.28321850418175276,0.3940633133967344
151509,1,R10,gmm,0,4788,0.3262322472848789,0.16982006199534777,0.27838766703234635,0.3554720133667502,0.18583023408369598,0.30138927215914507
151509,1,R10,gmm,1,4788,0.3508771929824561,0.1877992682209524,0.28973940259405695,0.3782372598162072,0.20987332117761157,0.3213815916839117
151509,1,R10,gmm,2,4788,0.3208020050125313,0.15314882883353542,0.27983151313434484,0.3460735171261487,0.15947202982490982,0.30665385853522703
151509,1,R10,gmm,3,4788,0.36215538847117795,0.19173996111199362,0.2920740931283239,0.402046783625731,0.21766301073532152,0.325097502941005
151509,1,R10,gmm,4,4788,0.3669590643274854,0.19712160717217128,0.2961769893012853,0.40559732664995823,0.22143891693567225,0.3270426266216614
151509,1,R10,gmm,5,4788,0.36152882205513787,0.1903706330416306,0.2912915617137942,0.40058479532163743,0.21579238133480091,0.3235046611672116
151509,1,R10,gmm,6,4788,0.3669590643274854,0.19712160717217128,0.2961769893012852,0.40559732664995823,0.22143891693567225,0.3270426266216614
151509,1,R10,gmm,7,4788,0.3669590643274854,0.19712160717217128,0.2961769893012853,0.40559732664995823,0.22143891693567225,0.32704262662166134
151509,1,R10,gmm,8,4788,0.36716791979949875,0.19719507592696528,0.2962056643156631,0.4058061821219716,0.2215565714987771,0.3270812864610004
151509,1,R10,gmm,9,4788,0.3669590643274854,0.19712160717217128,0.2961769893012852,0.40559732664995823,0.22143891693567225,0.3270426266216614
151509,1,R10,leiden,0,4788,0.5050125313283208,0.2971502550063139,0.38391566252183396,0.5549289891395155,0.3665953317015199,0.44672492901170685
151509,1,R10,leiden,1,4788,0.46762740183792817,0.2683087262454839,0.35382728352221193,0.5116959064327485,0.33035007552937035,0.4186009918309968
151509,1,R10,leiden,2,4788,0.4799498746867168,0.2865726813970034,0.36054349596829116,0.5263157894736842,0.353373024936333,0.4229423062738637
151509,1,R10,leiden,3,4788,0.5031328320802005,0.3107030862228622,0.3781961160158979,0.525062656641604,0.3417579048664049,0.43240350232659536
151509,1,R10,leiden,4,4788,0.5075187969924813,0.2974854656218576,0.3737568262939679,0.5559732664995823,0.36275524257626984,0.4507489038521881
151509,1,R10,leiden,5,4788,0.5198412698412699,0.3302886383364523,0.38389609159537524,0.5442773600668338,0.3673257055498948,0.4375139664200016
151509,1,R10,leiden,6,4788,0.5258980785296575,0.3204938930850775,0.4023826023019299,0.551796157059315,0.35179092163882014,0.4589009426727941
151509,1,R10,leiden,7,4788,0.5413533834586466,0.3410773136239175,0.4030048596671258,0.5697577276524645,0.3772120909381982,0.459015856114114
151509,1,R10,leiden,8,4788,0.4981203007518797,0.297148737881785,0.349768211481946,0.5488721804511278,0.3715616898558136,0.4274506473584041
151509,1,R10,leiden,9,4788,0.506265664160401,0.3141088707527526,0.36726456928325996,0.5319548872180451,0.34792732253523634,0.42918780778160875
151509,1,R11,kmeans,0,4788,0.4417293233082707,0.24664484799784267,0.34564508034761604,0.47598162071846284,0.2825812861060435,0.3946883562068007
151509,1,R11,kmeans,1,4788,0.4421470342522974,0.24670616172688672,0.3456491343066685,0.4780701754385965,0.2833029237625426,0.39488159822472435
151509,1,R11,kmeans,2,4788,0.43755221386800336,0.24820018141754074,0.3457504662072049,0.4699248120300752,0.2831604080623596,0.3957339432095041
151509,1,R11,kmeans,3,4788,0.44256474519632416,0.2466100597052326,0.3454148909020331,0.4799498746867168,0.28430844943369266,0.39511146105694206
151509,1,R11,kmeans,4,4788,0.44256474519632416,0.24639541072323545,0.34461595443052456,0.4768170426065163,0.28362508236133144,0.39317732043874265
151509,1,R11,kmeans,5,4788,0.43796992481203006,0.2478554752397741,0.34635663728639327,0.47138680033416874,0.28343214599127936,0.3967689556454892
151509,1,R11,kmeans,6,4788,0.4427736006683375,0.2465035357930789,0.3449389753928536,0.47848788638262324,0.28365027116285324,0.39312733766600655
151509,1,R11,kmeans,7,4788,0.4417293233082707,0.24663546181157206,0.34570450587676343,0.47577276524644946,0.2825220262549711,0.3946139401166804
151509,1,R11,kmeans,8,4788,0.4421470342522974,0.24678257963103145,0.34553418366986405,0.4766081871345029,0.2830042650070496,0.3943858815556321
151509,1,R11,kmeans,9,4788,0.4101921470342523,0.24298951830073687,0.3322658160069484,0.4573934837092732,0.29272750181229423,0.3733858217273731
151509,1,R11,gmm,0,4788,0.33145363408521306,0.15009620072804325,0.26731451265503625,0.36215538847117795,0.1887082226316293,0.30490111236825723
151509,1,R11,gmm,1,4788,0.3356307435254804,0.15920134313666653,0.26981041681465656,0.37761069340016706,0.19132688607546938,0.30428590848676473
151509,1,R11,gmm,2,4788,0.33458646616541354,0.15729403893727972,0.2679795903466056,0.37740183792815374,0.190294654741597,0.3030035815165001
151509,1,R11,gmm,3,4788,0.36403508771929827,0.17016576503055794,0.29937067850272897,0.3882623224728488,0.2051889844895453,0.33586634069278065
151509,1,R11,gmm,4,4788,0.3153717627401838,0.1650175132495038,0.2688097915744987,0.3512949039264829,0.20557745104749223,0.31042454220586907
151509,1,R11,gmm,5,4788,0.3132832080200501,0.1443919597642363,0.2605495154876373,0.3554720133667502,0.18860192775334228,0.30053676913733485
151509,1,R11,gmm,6,4788,0.35192147034252297,0.1471094824646865,0.22066698492697173,0.40998329156223895,0.2246788419760411,0.2644455754020439
151509,1,R11,gmm,7,4788,0.2972013366750209,0.12707862946939563,0.23179561753540595,0.3312447786131997,0.16460850666822974,0.26638216569978945
151509,1,R11,gmm,8,4788,0.2972013366750209,0.1277543688619424,0.23217200407741564,0.33208020050125314,0.16525331300827997,0.26632030667412737
151509,1,R11,gmm,9,4788,0.34273182957393483,0.18179244577319847,0.2875190163465009,0.38032581453634084,0.22147572113740588,0.32748543210748216
151509,1,R11,leiden,0,4788,0.5144110275689223,0.31143371847993045,0.3734224429700683,0.5614035087719298,0.3708756183226109,0.45867319950998453
151509,1,R11,leiden,1,4788,0.4553049289891395,0.2490289653883824,0.3645532876670788,0.4872598162071846,0.2809545410269596,0.4177610556096485
151509,1,R11,leiden,2,4788,0.5048036758563075,0.29847275544520735,0.3723437050621317,0.5551378446115288,0.37163670195943665,0.44054409953841966
151509,1,R11,leiden,3,4788,0.4672096908939014,0.27085044390097135,0.36351901778865164,0.5066833751044277,0.3156007339876135,0.4232338773206132
151509,1,R11,leiden,4,4788,0.5225563909774437,0.32198124242160325,0.37341038631719237,0.5655806182121972,0.38169332982458853,0.45167466339083895
151509,1,R11,leiden,5,4788,0.5129490392648287,0.3180775889720907,0.3794980568301319,0.5611946532999165,0.37538091378709376,0.44145589191481277
151509,1,R11,leiden,6,4788,0.49394319131161235,0.2858017908864009,0.36735420122006124,0.547827903091061,0.3571359985316096,0.44053289700063186
151509,1,R11,leiden,7,4788,0.5213032581453634,0.3138008065408807,0.37571578532282607,0.5699665831244779,0.3814305929981451,0.4521369898479967
151509,1,R11,leiden,8,4788,0.47326649958228906,0.29571639780825487,0.37307646836562375,0.5269423558897243,0.37124343777226365,0.4450158142224521
151509,1,R11,leiden,9,4788,0.48642439431913115,0.2698638320058429,0.37576067175267236,0.5213032581453634,0.3024554969640461,0.42391719334324796
151510,1,R1,kmeans,0,4595,0.34189336235038087,0.1537534084809141,0.19704240645236817,0.37562568008705116,0.18962031656423536,0.23047943209129573
151510,1,R1,kmeans,1,4595,0.3379760609357998,0.14357124993153064,0.1898797429014148,0.38280739934711644,0.1765993248983441,0.2243306312409673
151510,1,R1,kmeans,2,4595,0.36887921653971706,0.1639004291639479,0.195476740137749,0.41653971708378673,0.21115744265450284,0.2335326567282602
151510,1,R1,kmeans,3,4595,0.341240478781284,0.14683889466683248,0.1891292615544115,0.376278563656148,0.176240894219083,0.2178522695903612
151510,1,R1,kmeans,4,4595,0.35168661588683353,0.15284064180111048,0.19037336413374878,0.39107725788900977,0.19075233000747494,0.2293685699411483
151510,1,R1,kmeans,5,4595,0.3647442872687704,0.1654826154841498,0.19292710352625705,0.4041349292709467,0.20663251215934259,0.225075110435738
151510,1,R1,kmeans,6,4595,0.3869423286180631,0.18090810975946578,0.19046903160254602,0.42546245919477693,0.2346528725453537,0.23606263993299556
151510,1,R1,kmeans,7,4595,0.30380848748639827,0.13834506139998645,0.19194185093233923,0.33253536452665944,0.1604115752102889,0.2222239202404967
151510,1,R1,kmeans,8,4595,0.3575625680087051,0.1630802915853099,0.19188787827680706,0.39499455930359084,0.21444599665195863,0.2339628502208703
151510,1,R1,kmeans,9,4595,0.34515778019586507,0.1497418438823298,0.19824710449043326,0.3867247007616975,0.1876772056901485,0.23465350281634131
151510,1,R1,gmm,0,4595,0.2676822633297062,0.05792386227882848,0.1115941282375346,0.29749727965179545,0.07282458714951101,0.1340388845243985
151510,1,R1,gmm,1,4595,0.30533188248095755,0.08993830811339235,0.15501617904523285,0.34015233949945595,0.11587129462603092,0.19321476444973915
151510,1,R1,gmm,2,4595,0.3214363438520131,0.10506742359049646,0.15899842897821378,0.3595212187159956,0.1409978676227961,0.19560569045695894
151510,1,R1,gmm,3,4595,0.31425462459194775,0.0850415763165047,0.14075833862261655,0.3573449401523395,0.10599845721821274,0.16214001201439396
151510,1,R1,gmm,4,4595,0.28879216539717084,0.08545774302021941,0.15769998683066894,0.31534276387377586,0.10563827902927361,0.19009009334455101
151510,1,R1,gmm,5,4595,0.29183895538628946,0.06877381185829326,0.15235915868517133,0.3205658324265506,0.08020768483000565,0.18224724799281153
151510,1,R1,gmm,6,4595,0.3085963003264418,0.05378603432685441,0.11577480284038241,0.3501632208922742,0.07362202135311584,0.14659824781609618
151510,1,R1,gmm,7,4595,0.31164309031556037,0.06745745476414573,0.12385304886090365,0.3551686615886834,0.09248408058558658,0.15088265783942248
151510,1,R1,gmm,8,4595,0.26202393906420024,0.06835039694893062,0.13363422573546926,0.28008705114254623,0.08069874394125895,0.15819555774246094
151510,1,R1,gmm,9,4595,0.2903155603917301,0.0838360226280548,0.15830776837438185,0.3092491838955386,0.10006687719465174,0.18747759195878588
151510,1,R1,leiden,0,4595,0.418063112078346,0.14475294241968842,0.12620527181520566,0.48770402611534275,0.21171720026677748,0.18363934747341643
151510,1,R1,leiden,1,4595,0.4154515778019586,0.12815544162753909,0.11751295596003,0.4879216539717084,0.19638083530523767,0.17097067318663517
151510,1,R1,leiden,2,4595,0.41414581066376494,0.14209179805040273,0.12741241404059436,0.5018498367791078,0.24121472238241018,0.20000761346162566
151510,1,R1,leiden,3,4595,0.44439608269858544,0.14438873633633403,0.13437465582639133,0.5053318824809576,0.20598027059646448,0.19056833887464036
151510,1,R1,leiden,4,4595,0.42742110990206744,0.1444207902503231,0.12524877372309606,0.49662676822633295,0.2145553268257339,0.1866538192404496
151510,1,R1,leiden,5,4595,0.43416757344940154,0.1411212748248766,0.1168947378607204,0.5018498367791078,0.2107731832985343,0.17785040680466363
151510,1,R1,leiden,6,4595,0.43939064200217626,0.14638691506070278,0.13397854143277607,0.5083786724700762,0.21725638506724904,0.19474940009827238
151510,1,R1,leiden,7,4595,0.4339499455930359,0.1430355515155454,0.11934282698404391,0.5055495103373232,0.21576965638604223,0.17856268806365644
151510,1,R1,leiden,8,4595,0.43873775843307944,0.14912517333684003,0.12893251024191224,0.5083786724700762,0.21639595709668868,0.19288064246732328
151510,1,R1,leiden,9,4595,0.39869423286180633,0.13973782201066356,0.1111619926185808,0.4840043525571273,0.23229984315327887,0.17565240294091275
151510,1,R2,kmeans,0,4595,0.3266594124047878,0.1585817472765491,0.19070666811666362,0.36430903155603916,0.19748546205952866,0.21731000247727608
151510,1,R2,kmeans,1,4595,0.32557127312295975,0.15773271627297433,0.1908389100192853,0.36387377584330793,0.19727006702297023,0.2178391250654691
151510,1,R2,kmeans,2,4595,0.3266594124047878,0.15849166815099194,0.1905992088448443,0.36430903155603916,0.19748546205952866,0.2173100024772761
151510,1,R2,kmeans,3,4595,0.3266594124047878,0.15849166815099194,0.19059920884484427,0.36430903155603916,0.19748546205952866,0.21731000247727608
151510,1,R2,kmeans,4,4595,0.32557127312295975,0.15773271627297433,0.19083891001928535,0.36387377584330793,0.19727006702297023,0.2178391250654691
151510,1,R2,kmeans,5,4595,0.3266594124047878,0.15849166815099194,0.1905992088448443,0.36430903155603916,0.19748546205952866,0.21731000247727608
151510,1,R2,kmeans,6,4595,0.3321001088139282,0.158851354630934,0.1911892273784047,0.37127312295973885,0.1988390929004209,0.21857884279470283
151510,1,R2,kmeans,7,4595,0.3249183895538629,0.15721425489014182,0.1908133145507104,0.3634385201305767,0.19691324737981158,0.21800201082859663
151510,1,R2,kmeans,8,4595,0.3253536452665941,0.15771446347202137,0.19082741097024353,0.36365614798694235,0.19723962613804882,0.21782406598955947
151510,1,R2,kmeans,9,4595,0.3266594124047878,0.15849166815099194,0.1905992088448443,0.36430903155603916,0.19748546205952866,0.21731000247727608
151510,1,R2,gmm,0,4595,0.3159956474428727,0.1391850042668662,0.18960328509179303,0.3505984766050054,0.16084859167885032,0.20593325352445477
151510,1,R2,gmm,1,4595,0.3003264417845484,0.14100683872717445,0.18906015921212704,0.3277475516866159,0.16294074359859342,0.2075983252170814
151510,1,R2,gmm,2,4595,0.3159956474428727,0.1391850042668662,0.189603285091793,0.3505984766050054,0.16084859167885032,0.2059332535244547
151510,1,R2,gmm,3,4595,0.30794341675734493,0.14584989035288917,0.18808742002226247,0.3429815016322089,0.17833500548988668,0.2123845256942602
151510,1,R2,gmm,4,4595,0.3075081610446137,0.14585476151762083,0.18793360845171897,0.34276387377584333,0.1781424826036329,0.21207585756150135
151510,1,R2,gmm,5,4595,0.30794341675734493,0.14584989035288917,0.18808742002226242,0.3429815016322089,0.17833500548988668,0.21238452569426017
151510,1,R2,gmm,6,4595,0.3072905331882481,0.14533504546374407,0.18893029365801933,0.34145810663764964,0.1757270510864295,0.21171612160315542
151510,1,R2,gmm,7,4595,0.3070729053318825,0.1458309551096533,0.187974954773766,0.3423286180631121,0.1779304273475223,0.2119146056302784
151510,1,R2,gmm,8,4595,0.3072905331882481,0.14533504546374407,0.18893029365801933,0.34145810663764964,0.1757270510864295,0.21171612160315545
151510,1,R2,gmm,9,4595,0.3070729053318825,0.14514689817162474,0.1892019637355666,0.341240478781284,0.17575876745843377,0.2119459046057742
151510,1,R2,leiden,0,4595,0.2870511425462459,0.11951425516338338,0.18729680907580343,0.3059847660500544,0.13478394050885534,0.20188772592736767
151510,1,R2,leiden,1,4595,0.3031556039173014,0.13585682103816457,0.1901295289714632,0.32883569096844395,0.15249171478357904,0.206871886179478
151510,1,R2,leiden,2,4595,0.2924918389553863,0.13489882899116276,0.18900865669331138,0.3151251360174102,0.15120013353857106,0.20537876841357242
151510,1,R2,leiden,3,4595,0.28879216539717084,0.12073665263821512,0.18763798141122562,0.3085963003264418,0.13631725740036219,0.2020810773186917
151510,1,R2,leiden,4,4595,0.29183895538628946,0.13583350888221268,0.18871189217062379,0.3133841131664853,0.15047976471919328,0.20407615981734098
151510,1,R2,leiden,5,4595,0.30794341675734493,0.13710671080857956,0.18738839100432989,0.33449401523394995,0.1572075112318699,0.20749364163728518
151510,1,R2,leiden,6,4595,0.3651795429815016,0.17535906949537078,0.199764403889991,0.4117519042437432,0.22399365843216404,0.23376549012786285
151510,1,R2,leiden,7,4595,0.31403699673558216,0.14026765802217755,0.1944468573111421,0.33710554951033733,0.1601226132032674,0.21594487830534634
151510,1,R2,leiden,8,4595,0.3075081610446137,0.13723407555802378,0.1875264703574009,0.3340587595212187,0.15758953857249777,0.2074014987823728
151510,1,R2,leiden,9,4595,0.2674646354733406,0.12145622625484132,0.1817342335975867,0.2846572361262242,0.13579937690360888,0.19579115426053778
151510,1,R3,kmeans,0,4595,0.5242655059847661,0.23506244746045815,0.32625649466877366,0.538411316648531,0.24644150250576627,0.3407972362871576
151510,1,R3,kmeans,1,4595,0.5247007616974972,0.23584113657208233,0.32692791461514,0.5388465723612622,0.2474071490457113,0.34179709278354325
151510,1,R3,kmeans,2,4595,0.5244831338411317,0.23576296544488778,0.32570716949033507,0.5388465723612622,0.24729433843080434,0.3409649476446541
151510,1,R3,kmeans,3,4595,0.5242655059847661,0.23506244746045815,0.3262564946687736,0.538411316648531,0.24644150250576627,0.34079723628715747
151510,1,R3,kmeans,4,4595,0.5244831338411317,0.23538942730805198,0.3263319974901232,0.5386289445048966,0.24687310991881847,0.3408493797581308
151510,1,R3,kmeans,5,4595,0.5249183895538629,0.236307468698634,0.3268436685928099,0.5379760609357997,0.2468689858760791,0.3412061433079726
151510,1,R3,kmeans,6,4595,0.5247007616974972,0.23539379007028935,0.32653981423229345,0.5386289445048966,0.24650520948832172,0.3410642612838283
151510,1,R3,kmeans,7,4595,0.5242655059847661,0.23533590564534268,0.3261947188884113,0.538411316648531,0.2468727957315284,0.3408145840568565
151510,1,R3,kmeans,8,4595,0.5244831338411317,0.2355455957949509,0.326271074122273,0.5386289445048966,0.2470832519089949,0.34088954509955793
151510,1,R3,kmeans,9,4595,0.5244831338411317,0.23521113528874843,0.32602121724740296,0.5386289445048966,0.24661531056656236,0.3407968422916229
151510,1,R3,gmm,0,4595,0.3558215451577802,0.11443970872721941,0.2075178066393571,0.36626768226332973,0.12480179952767252,0.22090695306952912
151510,1,R3,gmm,1,4595,0.3632208922742111,0.1479882839947493,0.2034701731149441,0.38150163220892275,0.16862006486683997,0.21730062599825756
151510,1,R3,gmm,2,4595,0.3558215451577802,0.11449067162130648,0.20765285188676352,0.3658324265505985,0.12467501482612761,0.22098711126462328
151510,1,R3,gmm,3,4595,0.3632208922742111,0.1478978783677224,0.20332110300634731,0.38171926006528833,0.16876991357232132,0.21747619755463737
151510,1,R3,gmm,4,4595,0.35603917301414584,0.11445461105719089,0.20758785082502676,0.36670293797606096,0.12484696881853377,0.22108693731291998
151510,1,R3,gmm,5,4595,0.31534276387377586,0.0632015499700537,0.12371485681202521,0.3279651795429815,0.0736131231348509,0.1344651868587019
151510,1,R3,gmm,6,4595,0.34015233949945595,0.07287592430966765,0.15993542815741463,0.3614798694232862,0.08484667248187563,0.17954808431059852
151510,1,R3,gmm,7,4595,0.32187159956474426,0.06611400018584432,0.13005235006940813,0.33884657236126225,0.07730234575179044,0.1451570270778186
151510,1,R3,gmm,8,4595,0.3608269858541893,0.14625781562584456,0.2026087597086276,0.3778019586507073,0.16478973383550546,0.21577274765288013
151510,1,R3,gmm,9,4595,0.34015233949945595,0.07287592430966765,0.15993542815741463,0.3614798694232862,0.08484667248187563,0.17954808431059852
151510,1,R3,leiden,0,4595,0.509031556039173,0.2478519898555117,0.3231582971132044,0.5273122959738846,0.26334659680312134,0.34132206962315575
151510,1,R3,leiden,1,4595,0.5188248095756257,0.2627086801149667,0.34203841577773414,0.5336235038084874,0.2738234178474632,0.35790037025224347
151510,1,R3,leiden,2,4595,0.528835690968444,0.27316298853412585,0.3399724055950407,0.5462459194776932,0.2882819914111397,0.3581233347368323
151510,1,R3,leiden,3,4595,0.49836779107725787,0.27801988698161717,0.3429753264223488,0.5133841131664854,0.2927152315655403,0.3637409070976217
151510,1,R3,leiden,4,4595,0.5127312295973885,0.24694753789873344,0.3142740433248011,0.5316648531011969,0.26222489786713316,0.33154423506777
151510,1,R3,leiden,5,4595,0.5314472252448313,0.28555666249848827,0.35123915910827025,0.5523394994559303,0.3058961278413336,0.37279581661669936
151510,1,R3,leiden,6,4595,0.5388465723612622,0.28302106317668635,0.3486091231785596,0.5579978237214364,0.2986611678856742,0.36820149432802873
151510,1,R3,leiden,7,4595,0.47116430903155604,0.226827767097629,0.3279836889273582,0.4883569096844396,0.24213260335853054,0.34781197819594417
151510,1,R3,leiden,8,4595,0.5199129488574538,0.2667990501967372,0.33872983609431667,0.5347116430903156,0.2782691448336271,0.3556749622118167
151510,1,R3,leiden,9,4595,0.514689880304679,0.25897228610730183,0.3292586219457852,0.5310119695321001,0.27278954453684684,0.3466660029721428
151510,1,R4,kmeans,0,4595,0.500544069640914,0.2990564844822565,0.33493394426107587,0.5501632208922742,0.34855079118114907,0.3862712261320728
151510,1,R4,kmeans,1,4595,0.49771490750816105,0.29964766151047506,0.33571750466376565,0.5423286180631121,0.3445717161573718,0.3862536878528027
151510,1,R4,kmeans,2,4595,0.49836779107725787,0.29807228621431364,0.33521396239836276,0.5471164309031556,0.34687776372205115,0.3862934463940809
151510,1,R4,kmeans,3,4595,0.4955386289445049,0.30100214818711124,0.33577026871727056,0.538411316648531,0.34390025307910393,0.3858310504286844
151510,1,R4,kmeans,4,4595,0.49532100108813926,0.30055847423183163,0.3355990785972353,0.538411316648531,0.3438764048287839,0.3857631421549201
151510,1,R4,kmeans,5,4595,0.49532100108813926,0.3007060789100078,0.3355066540799032,0.5379760609357997,0.3434296995855626,0.3852129347521464
151510,1,R4,kmeans,6,4595,0.494885745375408,0.3010203765815249,0.3357862426805182,0.5379760609357997,0.34439296183013285,0.3859776099904238
151510,1,R4,kmeans,7,4595,0.4955386289445049,0.30100214818711124,0.33577026871727056,0.538411316648531,0.34390025307910393,0.3858310504286844
151510,1,R4,kmeans,8,4595,0.4981501632208923,0.30043194669250445,0.33631940640149044,0.5431991294885745,0.346290572271657,0.3875757950977996
151510,1,R4,kmeans,9,4595,0.49532100108813926,0.30008462716612805,0.33582784943697014,0.5379760609357997,0.3433693549599873,0.38529713262030113
151510,1,R4,gmm,0,4595,0.3495103373231774,0.16744354280273477,0.19460533001221741,0.39347116430903156,0.21133386216026412,0.2249990824109054
151510,1,R4,gmm,1,4595,0.3495103373231774,0.16744354280273477,0.19460533001221744,0.39347116430903156,0.21133386216026412,0.22499908241090547
151510,1,R4,gmm,2,4595,0.34472252448313384,0.1580252472371576,0.1968912118702601,0.38476605005440695,0.18765552596361246,0.21942469656968902
151510,1,R4,gmm,3,4595,0.34907508161044615,0.16728472602240618,0.19444293882699823,0.3926006528835691,0.21107418586142143,0.22471327860913062
151510,1,R4,gmm,4,4595,0.3562568008705114,0.16887182785911098,0.1958825167745817,0.4045701849836779,0.213273699160725,0.2265268590088112
151510,1,R4,gmm,5,4595,0.3462459194776931,0.15857965993782802,0.19641591847002934,0.38890097932535367,0.1893482452142371,0.21920315904989063
151510,1,R4,gmm,6,4595,0.34907508161044615,0.16728472602240618,0.1944429388269982,0.3926006528835691,0.21107418586142143,0.22471327860913062
151510,1,R4,gmm,7,4595,0.3495103373231774,0.16735657472903784,0.1945184226707145,0.3932535364526659,0.21119608790520852,0.22482578594402416
151510,1,R4,gmm,8,4595,0.34929270946681173,0.16732830459411777,0.19448909799703493,0.3928182807399347,0.21107002476975179,0.2247551650784805
151510,1,R4,gmm,9,4595,0.3571273122959739,0.16478601951678137,0.1973315102818331,0.40696409140369966,0.20388028650134618,0.22515618989508365
151510,1,R4,leiden,0,4595,0.5048966267682263,0.2918082740764784,0.3317876852771124,0.55930359085963,0.3490379464101403,0.38637795580664974
151510,1,R4,leiden,1,4595,0.48313384113166485,0.27811428818397027,0.3186901877450998,0.5442872687704026,0.3395886611406196,0.36391986572833074
151510,1,R4,leiden,2,4595,0.4898803046789989,0.2814791826668299,0.3441580456130252,0.544069640914037,0.33567115924704355,0.3958151588788967
151510,1,R4,leiden,3,4595,0.47856365614798696,0.2708569939649613,0.3433080287576506,0.5264417845484222,0.32346405446834225,0.3861644152818662
151510,1,R4,leiden,4,4595,0.48117519042437434,0.27805291180247443,0.33779441143024425,0.5336235038084874,0.33112222861845714,0.38798942564812466
151510,1,R4,leiden,5,4595,0.4459194776931447,0.27147198883680407,0.32269678981368105,0.479651795429815,0.3223821181479756,0.3762755267325966
151510,1,R4,leiden,6,4595,0.4935799782372144,0.28459000477652346,0.3595473693752683,0.5453754080522307,0.33685243581501956,0.4114236906234819
151510,1,R4,leiden,7,4595,0.5109902067464636,0.29802260456911356,0.3522107572945972,0.5651795429815016,0.3509347457157247,0.398084360849152
151510,1,R4,leiden,8,4595,0.4826985854189336,0.26867499682716023,0.3268024081730627,0.5340587595212187,0.3199411974673426,0.3732550312656806
151510,1,R4,leiden,9,4595,0.5199129488574538,0.3193972545394826,0.3605715612325496,0.5749727965179543,0.3740264694079992,0.4144722349583468
151510,1,R5,kmeans,0,4595,0.5240478781284005,0.2827935921654558,0.33586793885528005,0.5562568008705114,0.32545409450075347,0.3687903279009887
151510,1,R5,kmeans,1,4595,0.5247007616974972,0.2842740923534572,0.3375378604438488,0.5558215451577802,0.3248813008927456,0.36863546910168815
151510,1,R5,kmeans,2,4595,0.5247007616974972,0.2842740923534572,0.33753786044384887,0.5558215451577802,0.3248813008927456,0.36863546910168815
151510,1,R5,kmeans,3,4595,0.5249183895538629,0.2859860413403645,0.3385121630759848,0.5551686615886834,0.32524034644845023,0.36820500890516156
151510,1,R5,kmeans,4,4595,0.5251360174102285,0.2859972816174787,0.3383932715272863,0.5556039173014146,0.3253363231201154,0.36803780187763907
151510,1,R5,kmeans,5,4595,0.5249183895538629,0.2859860413403645,0.3385121630759847,0.5551686615886834,0.32524034644845023,0.3682050089051615
151510,1,R5,kmeans,6,4595,0.5249183895538629,0.2859860413403645,0.3385121630759848,0.5551686615886834,0.32524034644845023,0.36820500890516156
151510,1,R5,kmeans,7,4595,0.5255712731229597,0.28673984440608247,0.33855905180080853,0.5558215451577802,0.32644946569145494,0.36903296510701494
151510,1,R5,kmeans,8,4595,0.5249183895538629,0.2859860413403645,0.3385121630759846,0.5551686615886834,0.32524034644845023,0.36820500890516156
151510,1,R5,kmeans,9,4595,0.5249183895538629,0.2859860413403645,0.33851216307598475,0.5551686615886834,0.32524034644845023,0.3682050089051615
151510,1,R5,gmm,0,4595,0.3120783460282916,0.1376213257818744,0.19072723131071334,0.3484221980413493,0.1607852388651068,0.20877514161692884
151510,1,R5,gmm,1,4595,0.3144722524483134,0.13912560174735913,0.1907526391877597,0.3495103373231774,0.16142361382315884,0.2082427026051701
151510,1,R5,gmm,2,4595,0.31033732317736673,0.14273176288292905,0.18973206791309072,0.34080522306855277,0.1669010963587545,0.21076997283265475
151510,1,R5,gmm,3,4595,0.31795429815016324,0.14149867871217317,0.19053947125035617,0.3529923830250272,0.1636373034115053,0.20753870295495846
151510,1,R5,gmm,4,4595,0.31795429815016324,0.14149867871217317,0.19053947125035609,0.3529923830250272,0.1636373034115053,0.20753870295495846
151510,1,R5,gmm,5,4595,0.3120783460282916,0.1375709327569425,0.19024376248692149,0.3484221980413493,0.16059005851087726,0.2081676764315721
151510,1,R5,gmm,6,4595,0.3353645266594124,0.15027907177788766,0.19705710947670924,0.37453754080522306,0.17870582757442663,0.22108961762933163
151510,1,R5,gmm,7,4595,0.3353645266594124,0.15027907177788766,0.1970571094767093,0.37453754080522306,0.17870582757442663,0.2210896176293316
151510,1,R5,gmm,8,4595,0.3353645266594124,0.15027907177788766,0.19705710947670926,0.37453754080522306,0.17870582757442663,0.2210896176293316
151510,1,R5,gmm,9,4595,0.3368879216539717,0.14863827225438442,0.19882986046860177,0.3736670293797606,0.17485492192488117,0.22260948656683807
151510,1,R5,leiden,0,4595,0.48052230685527747,0.29821078410113777,0.354339543264635,0.5077257889009793,0.3233234445783749,0.389249269068209
151510,1,R5,leiden,1,4595,0.5105549510337323,0.30964952643313487,0.3572352450313215,0.5414581066376496,0.33880983366334017,0.38934102045830504
151510,1,R5,leiden,2,4595,0.49597388465723613,0.2948005119553302,0.3327249401337665,0.5153427638737759,0.320481212108542,0.35588043348542797
151510,1,R5,leiden,3,4595,0.5205658324265506,0.3118240673997805,0.3684673450229328,0.549727965179543,0.3400453577089514,0.3974283519531697
151510,1,R5,leiden,4,4595,0.5449401523394994,0.3359997049781964,0.38299784062207864,0.5738846572361262,0.3609754450369128,0.40668651596038236
151510,1,R5,leiden,5,4595,0.4985854189336235,0.30022253671873617,0.3403784785657935,0.5310119695321001,0.3316670968798407,0.36732575427635367
151510,1,R5,leiden,6,4595,0.49031556039173013,0.2905624459250253,0.3412672902687247,0.5229597388465723,0.32383960722449295,0.3753295771499099
151510,1,R5,leiden,7,4595,0.4620239390642002,0.28436592902014507,0.32939622757266257,0.4807399347116431,0.30196164199033276,0.3491507253882855
151510,1,R5,leiden,8,4595,0.49662676822633295,0.28897388079045894,0.34880046264079706,0.5323177366702938,0.32310118044459746,0.37924168611952747
151510,1,R5,leiden,9,4595,0.4820457018498368,0.28950544951863616,0.33724593668753705,0.5162132752992383,0.32176054393061165,0.3692667413767045
151510,1,R6,kmeans,0,4595,0.5247007616974972,0.2842740923534572,0.3375378604438488,0.5558215451577802,0.3248813008927456,0.36863546910168815
151510,1,R6,kmeans,1,4595,0.5238302502720348,0.2825740676328627,0.3357867264642913,0.5560391730141458,0.3251656817124599,0.36864753747456436
151510,1,R6,kmeans,2,4595,0.5247007616974972,0.2842740923534572,0.33753786044384887,0.5558215451577802,0.3248813008927456,0.36863546910168815
151510,1,R6,kmeans,3,4595,0.5238302502720348,0.2825740676328627,0.3357867264642913,0.5560391730141458,0.3251656817124599,0.3686475374745644
151510,1,R6,kmeans,4,4595,0.5251360174102285,0.2861986670193786,0.3385895829491174,0.5556039173014146,0.32580187831829305,0.36847427451224707
151510,1,R6,kmeans,5,4595,0.5251360174102285,0.2861986670193786,0.33858958294911734,0.5556039173014146,0.32580187831829305,0.36847427451224707
151510,1,R6,kmeans,6,4595,0.5255712731229597,0.286537986453934,0.3383627568069603,0.5558215451577802,0.3259825570311004,0.36859633359097566
151510,1,R6,kmeans,7,4595,0.5251360174102285,0.2861986670193786,0.33858958294911734,0.5556039173014146,0.32580187831829305,0.36847427451224707
151510,1,R6,kmeans,8,4595,0.5238302502720348,0.2825740676328627,0.3357867264642913,0.5560391730141458,0.3251656817124599,0.36864753747456436
151510,1,R6,kmeans,9,4595,0.5251360174102285,0.2861986670193786,0.3385895829491174,0.5556039173014146,0.32580187831829305,0.36847427451224707
151510,1,R6,gmm,0,4595,0.32187159956474426,0.10202805695658022,0.18661278811706863,0.3438520130576714,0.12745813016822446,0.2096727055760342
151510,1,R6,gmm,1,4595,0.32187159956474426,0.10202805695658022,0.18661278811706858,0.3438520130576714,0.12745813016822446,0.20967270557603415
151510,1,R6,gmm,2,4595,0.32187159956474426,0.10202805695658022,0.18661278811706858,0.3438520130576714,0.12745813016822446,0.20967270557603415
151510,1,R6,gmm,3,4595,0.32187159956474426,0.10199440716621908,0.1867709170084177,0.3438520130576714,0.12745813016822446,0.20967270557603418
151510,1,R6,gmm,4,4595,0.32187159956474426,0.10202805695658022,0.18661278811706858,0.3438520130576714,0.12745813016822446,0.20967270557603412
151510,1,R6,gmm,5,4595,0.30359085963003263,0.07293917430767523,0.1397537064218853,0.33754080522306856,0.10311371714785418,0.17045496604497476
151510,1,R6,gmm,6,4595,0.3214363438520131,0.10192130181209913,0.1865928632964338,0.3436343852013058,0.12735058087049617,0.20954997622989976
151510,1,R6,gmm,7,4595,0.32187159956474426,0.10202805695658022,0.18661278811706858,0.3438520130576714,0.12745813016822446,0.20967270557603415
151510,1,R6,gmm,8,4595,0.29945593035908596,0.0684629684199964,0.11902707624933812,0.33253536452665944,0.09892293544571736,0.14875864210252912
151510,1,R6,gmm,9,4595,0.3436343852013058,0.09684873068851511,0.19383303661347812,0.3616974972796518,0.11062204716451733,0.21653876500655078
151510,1,R6,leiden,0,4595,0.5247007616974972,0.3237722688488481,0.35415989308058116,0.5558215451577802,0.35277860900723673,0.38471007265992346
151510,1,R6,leiden,1,4595,0.4866158868335147,0.28259310824922623,0.33387148880244216,0.5220892274211099,0.31515377200561673,0.37029303135206765
151510,1,R6,leiden,2,4595,0.48117519042437434,0.2884274548794671,0.3430676980417142,0.5085963003264418,0.3139749409208217,0.37536994498718995
151510,1,R6,leiden,3,4595,0.479651795429815,0.296061976806697,0.3446804295975093,0.5025027203482045,0.3203283615649515,0.36938123853834876
151510,1,R6,leiden,4,4595,0.443525571273123,0.24543297631560987,0.33905399092466715,0.46833514689880307,0.27223771524863494,0.3693586688861299
151510,1,R6,leiden,5,4595,0.4561479869423286,0.2485086476723112,0.32720046958921967,0.48139281828073993,0.2770649776916432,0.3512264472786326
151510,1,R6,leiden,6,4595,0.4892274211099021,0.25787883881752,0.35080126309639026,0.5155603917301415,0.286206977513259,0.3832438297417507
151510,1,R6,leiden,7,4595,0.48879216539717085,0.3184510539570667,0.3610040891763409,0.5068552774755168,0.3399527918522385,0.3862960150909335
151510,1,R6,leiden,8,4595,0.4585418933623504,0.2789539455888148,0.32415119028312217,0.470076169749728,0.30026113077372435,0.3543922231868332
151510,1,R6,leiden,9,4595,0.5057671381936888,0.30024603174542697,0.3431032420850485,0.5362350380848748,0.33110436212561206,0.3777029208577911
151510,1,R7,kmeans,0,4595,0.3029379760609358,0.14105041401997792,0.19396471536053078,0.32578890097932534,0.15991217369513108,0.21459410475838284
151510,1,R7,kmeans,1,4595,0.300544069640914,0.1397824131093584,0.1928838110149246,0.32295973884657236,0.1579291992659579,0.21309642573401347
151510,1,R7,kmeans,2,4595,0.30337323177366704,0.14015646784114175,0.19354912109592587,0.3266594124047878,0.15938872269160706,0.21469591324164597
151510,1,R7,kmeans,3,4595,0.29902067464635473,0.14093660281603282,0.19307771656232237,0.32165397170837867,0.15828291691563387,0.21263759610517707
151510,1,R7,kmeans,4,4595,0.29902067464635473,0.13954789169940945,0.1927394058882973,0.32165397170837867,0.15732267938906436,0.2126060278725456
151510,1,R7,kmeans,5,4595,0.29945593035908596,0.14052827505906154,0.1933344235369111,0.32165397170837867,0.1583628894246851,0.21305767310987217
151510,1,R7,kmeans,6,4595,0.29945593035908596,0.1410233269491196,0.19332643252443907,0.32121871599564744,0.1585966925444074,0.21316700619641604
151510,1,R7,kmeans,7,4595,0.29945593035908596,0.13923160364980433,0.1926968835865655,0.32187159956474426,0.1572890759575879,0.21258303688005845
151510,1,R7,kmeans,8,4595,0.3025027203482046,0.14103945033370902,0.19406404703604319,0.32557127312295975,0.1599270723562079,0.21445206228488292
151510,1,R7,kmeans,9,4595,0.30228509249183894,0.14065009630627878,0.1935702294938892,0.32557127312295975,0.15955907094162738,0.21391841632426362
151510,1,R7,gmm,0,4595,0.28052230685527746,0.11668697745821617,0.18692930733560573,0.29640914036996735,0.12975313249133016,0.20235248320818147
151510,1,R7,gmm,1,4595,0.2770402611534276,0.12303367237830706,0.1843943985053107,0.29575625680087053,0.14143856351693102,0.2029495971789221
151510,1,R7,gmm,2,4595,0.27725788900979326,0.12312090541552494,0.18472928443009023,0.2959738846572361,0.14161240226377542,0.20342511274062183
151510,1,R7,gmm,3,4595,0.2870511425462459,0.12003638586942963,0.18491613941888205,0.29945593035908596,0.1336429167825042,0.20152648626438038
151510,1,R7,gmm,4,4595,0.27878128400435254,0.11603857200356499,0.18639430607598423,0.2929270946681175,0.1288673914110979,0.2011456764463304
151510,1,R7,gmm,5,4595,0.27616974972796515,0.11888728151669588,0.18256921508311283,0.2929270946681175,0.13571111328875682,0.20052222409744444
151510,1,R7,gmm,6,4595,0.2770402611534276,0.12303367237830706,0.1843943985053107,0.29575625680087053,0.14143856351693102,0.2029495971789221
151510,1,R7,gmm,7,4595,0.2766050054406964,0.118064391575883,0.18248643656097488,0.2942328618063112,0.13517462824921803,0.2001536761486198
151510,1,R7,gmm,8,4595,0.27551686615886833,0.11833623020032494,0.18275255265990395,0.29379760609357997,0.13541106345707996,0.2006450880281456
151510,1,R7,gmm,9,4595,0.2766050054406964,0.11832067342579872,0.18208507932996107,0.2942328618063112,0.13541566976509442,0.1997896522497088
151510,1,R7,leiden,0,4595,0.28030467899891187,0.12400264807411061,0.18919562061284245,0.3029379760609358,0.13929452170741075,0.20831196711196923
151510,1,R7,leiden,1,4595,0.30533188248095755,0.13160131135159392,0.19331300775158844,0.33253536452665944,0.14802690585065134,0.21417496007981265
151510,1,R7,leiden,2,4595,0.2737758433079434,0.12105596652591712,0.18506286998087207,0.29749727965179545,0.1374476090974959,0.2061027324588459
151510,1,R7,leiden,3,4595,0.2526659412404788,0.11348296442796174,0.18212273955805217,0.2750816104461371,0.12505646341173088,0.1970397035123869
151510,1,R7,leiden,4,4595,0.2794341675734494,0.12637021545354052,0.18554045747388173,0.3016322089227421,0.14407882314385523,0.20764466699953235
151510,1,R7,leiden,5,4595,0.25658324265505983,0.11725426368353131,0.18189731992499666,0.27290533188248095,0.13068447533688668,0.19804930174102095
151510,1,R7,leiden,6,4595,0.29314472252448315,0.122123632988812,0.19082753872667318,0.31795429815016324,0.13648095237011962,0.20940676301803168
151510,1,R7,leiden,7,4595,0.27225244831338413,0.11654118445402081,0.17935236824406545,0.2911860718171926,0.13141894218803815,0.19718881744719396
151510,1,R7,leiden,8,4595,0.30968443960826986,0.12839822548990648,0.19056596255386823,0.3462459194776931,0.14911655751384617,0.20960918249454633
151510,1,R7,leiden,9,4595,0.2705114254624592,0.1150962751242411,0.18310603931344485,0.2940152339499456,0.12830790184825586,0.19992166846493215
151510,1,R8,kmeans,0,4595,0.4211099020674646,0.1857215084143581,0.29983128185017377,0.4478781284004353,0.21152676225511413,0.3357581301283199
151510,1,R8,kmeans,1,4595,0.4187159956474429,0.1844422616185213,0.30013226286720845,0.4441784548422198,0.2090896916597653,0.33605962009729146
151510,1,R8,kmeans,2,4595,0.42023939064200216,0.1862171936768342,0.30138810823956996,0.4470076169749728,0.21181913474271885,0.33832943628785794
151510,1,R8,kmeans,3,4595,0.42132752992383027,0.18700575067658498,0.3013902694260992,0.44831338411316646,0.2133558587390801,0.3388339057192203
151510,1,R8,kmeans,4,4595,0.42023939064200216,0.18539206575222567,0.30010545831125207,0.4459194776931447,0.20953637840049805,0.33435165454982085
151510,1,R8,kmeans,5,4595,0.4174102285092492,0.18460002896585787,0.30125071120694924,0.44309031556039175,0.20899486371966014,0.3370823515916253
151510,1,R8,kmeans,6,4595,0.4193688792165397,0.1856639009619453,0.3019975865544531,0.44483133841131667,0.21106273096888514,0.3403456790144657
151510,1,R8,kmeans,7,4595,0.42219804134929273,0.18709534609675973,0.30199529507516804,0.4478781284004353,0.21258735663445036,0.3384432950839106
151510,1,R8,kmeans,8,4595,0.42154515778019586,0.18607989258285754,0.29979669592094266,0.44809575625680087,0.21150324646479604,0.33600995040900483
151510,1,R8,kmeans,9,4595,0.4193688792165397,0.185850444464887,0.3025282012637906,0.4467899891186072,0.21154558911841426,0.33989346713055857
151510,1,R8,gmm,0,4595,0.40696409140369966,0.19800274106325153,0.30473167200247336,0.4267682263329706,0.21642379185814495,0.3343934749256739
151510,1,R8,gmm,1,4595,0.4217627856365615,0.221994936575435,0.31585313634526146,0.44635473340587595,0.24689808512092573,0.34656182062588686
151510,1,R8,gmm,2,4595,0.38476605005440695,0.1855752095538184,0.32041442725094815,0.40065288356909684,0.20372302217286292,0.3518369584286317
151510,1,R8,gmm,3,4595,0.40761697497279653,0.1983620382427486,0.3050560734757488,0.4289445048966268,0.21731918082880491,0.33543351885493616
151510,1,R8,gmm,4,4595,0.3928182807399347,0.18722637743461468,0.32214712869209383,0.40805223068552776,0.20480633037183318,0.35163822761712105
151510,1,R8,gmm,5,4595,0.40761697497279653,0.19867778563304322,0.3054905603497166,0.42720348204570185,0.21685624985314508,0.335078357284731
151510,1,R8,gmm,6,4595,0.39804134929270946,0.19058168597851935,0.3255836266280754,0.41458106637649617,0.2095523046182175,0.35697193737823485
151510,1,R8,gmm,7,4595,0.3869423286180631,0.18599649761967366,0.3206847489181319,0.4034820457018498,0.20421230640116375,0.3516708094194445
151510,1,R8,gmm,8,4595,0.3854189336235038,0.18598889694100745,0.3209902002119695,0.40239390642002176,0.20430757457871776,0.35202268206396126
151510,1,R8,gmm,9,4595,0.41719260065288355,0.21646572981361678,0.31218189300159593,0.4422198041349293,0.24109761716985695,0.3411078092155193
151510,1,R8,leiden,0,4595,0.51860718171926,0.2882324734483727,0.3326799635158045,0.5458106637649619,0.315976408552633,0.3708636423157842
151510,1,R8,leiden,1,4595,0.44309031556039175,0.22090380853152713,0.2804518193383158,0.4574537540805223,0.23610164685098642,0.302705291209775
151510,1,R8,leiden,2,4595,0.4759521218715996,0.25590248318854175,0.315579383813891,0.49510337323177367,0.27005022304752463,0.3396045482772183
151510,1,R8,leiden,3,4595,0.5297062023939064,0.293109830163411,0.33956358704898043,0.5510337323177367,0.3135956117269267,0.3754544525254078
151510,1,R8,leiden,4,4595,0.46594124047878127,0.2485773363489314,0.3050476543959506,0.48182807399347116,0.2712067777154174,0.3420249307206689
151510,1,R8,leiden,5,4595,0.5166485310119695,0.28386270557100246,0.32557733002353667,0.5394994559303591,0.30579355413599724,0.36085227404711095
151510,1,R8,leiden,6,4595,0.4750816104461371,0.24444966302885165,0.3032115745773674,0.49466811751904244,0.2614458051289744,0.3281441549360672
151510,1,R8,leiden,7,4595,0.4855277475516866,0.2496190195240661,0.30833518478097477,0.5125136017410229,0.2716199541249147,0.34434737074379984
151510,1,R8,leiden,8,4595,0.41196953210010884,0.1856933007475059,0.30227945539276674,0.4295973884657236,0.19928406998184411,0.3269614914539517
151510,1,R8,leiden,9,4595,0.5177366702937976,0.2862084163845683,0.32805450976961037,0.5416757344940152,0.30880961260754725,0.36286768004907893
151510,1,R9,kmeans,0,4595,0.3603917301414581,0.1796501636134116,0.2966299533856375,0.3854189336235038,0.20035708503016803,0.33319650965773034
151510,1,R9,kmeans,1,4595,0.3675734494015234,0.18351969807710275,0.29587350339266644,0.39738846572361264,0.20279470352682338,0.33175220690312096
151510,1,R9,kmeans,2,4595,0.36256800870511424,0.18352263347574369,0.2977109523799048,0.38737758433079433,0.20347621223065912,0.3349027138055428
151510,1,R9,kmeans,3,4595,0.3660500544069641,0.1830362818083835,0.29575773735473787,0.3926006528835691,0.20181711788235465,0.33167256300843645
151510,1,R9,kmeans,4,4595,0.36626768226332973,0.18359363317072544,0.2957838630708847,0.3926006528835691,0.2024509524483881,0.33218130225184017
151510,1,R9,kmeans,5,4595,0.36626768226332973,0.18359363317072544,0.2957838630708848,0.3926006528835691,0.2024509524483881,0.3321813022518402
151510,1,R9,kmeans,6,4595,0.362132752992383,0.18352139056293051,0.29771782506316713,0.3869423286180631,0.20319817305767826,0.33465761109588926
151510,1,R9,kmeans,7,4595,0.36626768226332973,0.18359363317072544,0.2957838630708847,0.3926006528835691,0.2024509524483881,0.33218130225184006
151510,1,R9,kmeans,8,4595,0.36670293797606096,0.18354715543040465,0.29613795481567823,0.39303590859630033,0.2024248850907531,0.33249572240157615
151510,1,R9,kmeans,9,4595,0.3671381936887922,0.18461675828428697,0.2968300788668637,0.39303590859630033,0.2028065614396169,0.3319748923633251
151510,1,R9,gmm,0,4595,0.3436343852013058,0.18237304745431512,0.2924907013144432,0.3721436343852013,0.20083946127544897,0.32886356498917735
151510,1,R9,gmm,1,4595,0.3442872687704026,0.18158545499520645,0.29339510832438054,0.37018498367791075,0.20009077181774546,0.32974713075202344
151510,1,R9,gmm,2,4595,0.3423286180631121,0.1818358570028871,0.2934835210083012,0.36996735582154516,0.20085456643106217,0.33041991117253083
151510,1,R9,gmm,3,4595,0.3442872687704026,0.18131124426887482,0.29186425234057223,0.37257889009793255,0.19978741920844265,0.3279593113462038
151510,1,R9,gmm,4,4595,0.34319912948857456,0.18126119842234875,0.29177138447441414,0.3710554951033732,0.19993579248189913,0.32806714805157455
151510,1,R9,gmm,5,4595,0.34450489662676825,0.18048035726040573,0.2896306864722915,0.37431991294885747,0.19923277030985018,0.3251799834710345
151510,1,R9,gmm,6,4595,0.34450489662676825,0.18171831608261266,0.29161928846088314,0.373449401523395,0.19958006725509214,0.3277332297135339
151510,1,R9,gmm,7,4595,0.34211099020674646,0.18176862518572184,0.2932536212724067,0.3697497279651795,0.20076660637988059,0.3301259202229503
151510,1,R9,gmm,8,4595,0.4013057671381937,0.2149459161779074,0.3004816596352826,0.44831338411316646,0.2489087695693501,0.3399280817288015
151510,1,R9,gmm,9,4595,0.3438520130576714,0.1816408848867743,0.2895530124487247,0.373449401523395,0.19998515051807375,0.3240935753015716
151510,1,R9,leiden,0,4595,0.5007616974972796,0.2777151731868201,0.3315539523053051,0.5366702937976061,0.30748852291860146,0.3744589244798655
151510,1,R9,leiden,1,4595,0.5112078346028291,0.2858183609640198,0.33989108143750946,0.5477693144722524,0.31961120788906144,0.38339590002252716
151510,1,R9,leiden,2,4595,0.44744287268770405,0.22482494374869366,0.31347706085455523,0.48117519042437434,0.2512918697547391,0.35178791935260667
151510,1,R9,leiden,3,4595,0.47312295973884655,0.252085325997696,0.32196825052085526,0.5075081610446137,0.2809133237700639,0.36140064342952444
151510,1,R9,leiden,4,4595,0.41458106637649617,0.2056028630661458,0.3001103387123697,0.4467899891186072,0.22874342240201173,0.33387017851929945
151510,1,R9,leiden,5,4595,0.5044613710554952,0.28718341376530326,0.33640918201903164,0.5425462459194776,0.3213168264977522,0.38245567145862774
151510,1,R9,leiden,6,4595,0.4426550598476605,0.21991739902461319,0.30490440446416334,0.4779107725788901,0.24522192630301576,0.34921736806214004
151510,1,R9,leiden,7,4595,0.47573449401523393,0.2676311967351809,0.3282620361364521,0.511860718171926,0.30034981183261233,0.3711789767588127
151510,1,R9,leiden,8,4595,0.49771490750816105,0.28561719170790856,0.3391851459435147,0.5301414581066376,0.31849679476161374,0.3826165880441952
151510,1,R9,leiden,9,4595,0.4681175190424374,0.24677663267643607,0.31842923195169204,0.5048966267682263,0.2759903417610007,0.3590909494304856
151510,1,R10,kmeans,0,4595,0.3749727965179543,0.18905915808914037,0.295308847543844,0.4143634385201306,0.22460901188381555,0.3362847681286502
151510,1,R10,kmeans,1,4595,0.3717083786724701,0.1880673684652102,0.293834922198751,0.4065288356909684,0.22098187534102007,0.335007022196967
151510,1,R10,kmeans,2,4595,0.35799782372143635,0.17942579743549333,0.29076631718192336,0.38607181719260064,0.20459204804725675,0.32938262655661404
151510,1,R10,kmeans,3,4595,0.3799782372143634,0.19250099057153472,0.2941029415831597,0.4174102285092492,0.22825816743736516,0.33652941139523984
151510,1,R10,kmeans,4,4595,0.37257889009793255,0.18874584996184599,0.2940613158290114,0.40761697497279653,0.22208879596173473,0.3354424925293114
151510,1,R10,kmeans,5,4595,0.3717083786724701,0.1866049027195999,0.29275940430609615,0.4060935799782372,0.21824623386679862,0.335440277914236
151510,1,R10,kmeans,6,4595,0.3741022850924918,0.18825848088847882,0.29468533709922207,0.4128400435255713,0.2220677863247581,0.3357804734310867
151510,1,R10,kmeans,7,4595,0.3577801958650707,0.17924860769537002,0.29023201110496316,0.3862894450489663,0.20407618753161785,0.3282411607261947
151510,1,R10,kmeans,8,4595,0.37149075081610444,0.1842368822129939,0.2928798330499531,0.4097932535364527,0.21593166148354156,0.3324298625778079
151510,1,R10,kmeans,9,4595,0.37431991294885747,0.18788003544362145,0.2933369088504382,0.4150163220892274,0.2242811943837285,0.33389780303222943
151510,1,R10,gmm,0,4595,0.3227421109902067,0.15492630452457415,0.2466991113246554,0.34036996735582153,0.17083934273002668,0.27251528456066443
151510,1,R10,gmm,1,4595,0.2992383025027203,0.1437940050713768,0.2075952234726756,0.31926006528835693,0.16239068870251425,0.22768265463423984
151510,1,R10,gmm,2,4595,0.30076169749727966,0.1462178021838265,0.21279969918593286,0.31991294885745375,0.16293525748397966,0.23410452150687944
151510,1,R10,gmm,3,4595,0.28683351468988033,0.1336089381001522,0.20750331474347306,0.3031556039173014,0.14510279737444,0.22034518246818696
151510,1,R10,gmm,4,4595,0.2898803046789989,0.136743232478872,0.2076863945287316,0.3072905331882481,0.14993352440534236,0.22125191821601053
151510,1,R10,gmm,5,4595,0.33014145810663764,0.15097898684859712,0.2470127105307216,0.3519042437431991,0.1642304472574815,0.27400808871375143
151510,1,R10,gmm,6,4595,0.3205658324265506,0.1506125789048659,0.24797685330125852,0.3353645266594124,0.16544068110644916,0.27228082959398386
151510,1,R10,gmm,7,4595,0.3233949945593036,0.15487416883876448,0.24685002385078436,0.34211099020674646,0.1709255101682771,0.27300642504892425
151510,1,R10,gmm,8,4595,0.33754080522306856,0.14827948206928662,0.24906483771571772,0.35669205658324266,0.1617219289382598,0.2712990784513771
151510,1,R10,gmm,9,4595,0.2981501632208923,0.14288341770355253,0.20736419913151996,0.31926006528835693,0.16213191492694928,0.22755575946154744
151510,1,R10,leiden,0,4595,0.42415669205658324,0.21554398954359247,0.30496871205527004,0.4572361262241567,0.24336933916298567,0.34442192997223336
151510,1,R10,leiden,1,4595,0.4269858541893362,0.21777640182363148,0.3149263352599776,0.4585418933623504,0.23825223002466886,0.3475383446839208
151510,1,R10,leiden,2,4595,0.5064200217627857,0.288358959443794,0.3404444095351179,0.5357997823721437,0.32226563668930297,0.37530914058477416
151510,1,R10,leiden,3,4595,0.42089227421109904,0.22071461109282706,0.3106416421911166,0.4650707290533188,0.2558210341909232,0.35425366089448934
151510,1,R10,leiden,4,4595,0.4988030467899891,0.29807907259717165,0.34625185785460716,0.5268770402611535,0.32616210092539405,0.38220736739152983
151510,1,R10,leiden,5,4595,0.43764961915125133,0.22363463507649567,0.3153109285468247,0.4676822633297062,0.25153714810738026,0.3525298490571293
151510,1,R10,leiden,6,4595,0.4924918389553863,0.28881748592169726,0.33662507431181393,0.5264417845484222,0.3209562421897134,0.3796602640924353
151510,1,R10,leiden,7,4595,0.47551686615886835,0.256818209423813,0.3207032917621651,0.5114254624591947,0.2867292794397304,0.3603736956871169
151510,1,R10,leiden,8,4595,0.48900979325353644,0.2838918203116496,0.3322740080498251,0.5225244831338411,0.3149626947196938,0.37418628809921145
151510,1,R10,leiden,9,4595,0.5125136017410229,0.29358778104799876,0.34418280534809165,0.5519042437431991,0.3285117844852301,0.38349780619189955
151510,1,R11,kmeans,0,4595,0.37388465723612624,0.18890399004573963,0.29214036362210033,0.40957562568008704,0.2226273849869744,0.33436323148481034
151510,1,R11,kmeans,1,4595,0.3764961915125136,0.18970976450892144,0.2925575485879349,0.4134929270946681,0.22478920193370971,0.33509647046409985
151510,1,R11,kmeans,2,4595,0.36539717083786727,0.18119179537351993,0.2934742117777588,0.4013057671381937,0.21112354251563425,0.3318137039878054
151510,1,R11,kmeans,3,4595,0.38215451577801957,0.19303267263904433,0.2941073416851457,0.42285092491838955,0.2309634275836987,0.3378937989205541
151510,1,R11,kmeans,4,4595,0.38280739934711644,0.19368206523356768,0.29486569162103093,0.42393906420021765,0.23163842504867563,0.3384171879997931
151510,1,R11,kmeans,5,4595,0.35408052230685527,0.17588276135773437,0.2878852801561999,0.38041349292709464,0.19668872010952723,0.3258544729242902
151510,1,R11,kmeans,6,4595,0.37519042437431993,0.18887510301636018,0.2951976189100832,0.4150163220892274,0.22479448082507092,0.33645024564726816
151510,1,R11,kmeans,7,4595,0.373449401523395,0.18884013077641562,0.2930707044154557,0.4102285092491839,0.22328690025523187,0.3356634825289161
151510,1,R11,kmeans,8,4595,0.37758433079434167,0.18986210771564158,0.295096522356411,0.42023939064200216,0.22774954963220184,0.33768742199297613
151510,1,R11,kmeans,9,4595,0.383025027203482,0.19441300750542329,0.29509381362311987,0.4224156692056583,0.23180978803017835,0.33893150218901646
151510,1,R11,gmm,0,4595,0.36561479869423286,0.17074160287370413,0.24336071011239666,0.3965179542981502,0.1972390567249471,0.27603379231517694
151510,1,R11,gmm,1,4595,0.3767138193688792,0.17862329363726712,0.25667454177696514,0.4102285092491839,0.20722552105087616,0.29515119593685085
151510,1,R11,gmm,2,4595,0.3719260065288357,0.17619318966277514,0.25660208777225557,0.4002176278563656,0.20217209412985995,0.2901420586967991
151510,1,R11,gmm,3,4595,0.3640914036996736,0.17135835480093084,0.2452669582263375,0.3956474428726877,0.19758387053636825,0.28097104775411624
151510,1,R11,gmm,4,4595,0.3495103373231774,0.16711268301600768,0.2551125839193464,0.38346028291621326,0.1945799824792553,0.28859565331579523
151510,1,R11,gmm,5,4595,0.36996735582154516,0.17467382569704823,0.2463732352043069,0.4060935799782372,0.2034184459902725,0.2842505407579957
151510,1,R11,gmm,6,4595,0.3297062023939064,0.13882800824745184,0.24063382323503898,0.35342763873775845,0.157961798389721,0.2726581619284047
151510,1,R11,gmm,7,4595,0.33122959738846575,0.1400470129382019,0.24113086069644932,0.3551686615886834,0.1592843360595438,0.2727446265098371
151510,1,R11,gmm,8,4595,0.33122959738846575,0.13996061140184832,0.24102542465427418,0.3551686615886834,0.15924858723323357,0.27258164385913314
151510,1,R11,gmm,9,4595,0.3501632208922742,0.16202983070206967,0.232835056766136,0.3869423286180631,0.18848224834413288,0.26769702672880125
151510,1,R11,leiden,0,4595,0.5029379760609358,0.2932629150297028,0.3453946054961807,0.5388465723612622,0.33077199645236405,0.3860679154267359
151510,1,R11,leiden,1,4595,0.5018498367791078,0.2868609697087905,0.3403178877434513,0.5334058759521219,0.3217472164417613,0.3789151281964666
151510,1,R11,leiden,2,4595,0.5223068552774756,0.2984488686683079,0.3429894428496471,0.5560391730141458,0.3354378018795249,0.3806407996525988
151510,1,R11,leiden,3,4595,0.4648531011969532,0.25087348297666745,0.313895219251927,0.4981501632208923,0.2805462847983981,0.35246728666812116
151510,1,R11,leiden,4,4595,0.5007616974972796,0.29337105291192184,0.340865867698402,0.5355821545157781,0.3266485158223824,0.38398596062451257
151510,1,R11,leiden,5,4595,0.5040261153427639,0.29518855527624743,0.3378155722742514,0.5431991294885745,0.3299428391866501,0.38382639862330303
151510,1,R11,leiden,6,4595,0.5079434167573449,0.2837674379633829,0.3404389674159593,0.5410228509249184,0.317615525177409,0.3821156326719986
151510,1,R11,leiden,7,4595,0.4783460282916213,0.2521127667392307,0.3236518428060911,0.5105549510337323,0.27979397297101577,0.3588806074388485
151510,1,R11,leiden,8,4595,0.5031556039173014,0.28955344076884365,0.3347694269933451,0.5449401523394994,0.32697946183214754,0.3799537820819768
151510,1,R11,leiden,9,4595,0.43764961915125133,0.22400661658025925,0.3178104531262359,0.4657236126224157,0.2502371691106812,0.3567828409451453
151669,2,R1,kmeans,0,3636,0.2731023102310231,0.07151953524613275,0.13214435560318644,0.29592959295929594,0.0857055984476365,0.1612453021523546
151669,2,R1,kmeans,1,3636,0.2676017601760176,0.08439470520812388,0.13123697886443805,0.2854785478547855,0.0990247999207312,0.150848516483633
151669,2,R1,kmeans,2,3636,0.26265126512651266,0.07596517174407087,0.13740775172540845,0.29207920792079206,0.0920762673586365,0.16751872416400146
151669,2,R1,kmeans,3,3636,0.2747524752475248,0.06767210180179807,0.12610379358813995,0.3028052805280528,0.08445358216901588,0.14875599019772356
151669,2,R1,kmeans,4,3636,0.2544004400440044,0.05725566047502382,0.1380839373774225,0.26732673267326734,0.06868512030206114,0.1624436357522895
151669,2,R1,kmeans,5,3636,0.2585258525852585,0.06740325826013695,0.13067261988931222,0.27805280528052806,0.0787159575176728,0.15474730314380628
151669,2,R1,kmeans,6,3636,0.25962596259625964,0.07351172925137832,0.13291069708588493,0.2755775577557756,0.083946622999196,0.15180385586212095
151669,2,R1,kmeans,7,3636,0.2643014301430143,0.05819118194542037,0.1264153278157095,0.29345434543454346,0.07406439131433191,0.1477486310974675
151669,2,R1,kmeans,8,3636,0.2755775577557756,0.07781307019576134,0.1410127899326179,0.3083058305830583,0.09573895024617303,0.1750428364509946
151669,2,R1,kmeans,9,3636,0.25,0.0730799578423837,0.1374237859645273,0.2665016501650165,0.08319854881311783,0.1615753593611203
151669,2,R1,gmm,0,3636,0.2733773377337734,0.06516489702632107,0.11466674394407596,0.30665566556655666,0.0809495089893526,0.14273742924853008
151669,2,R1,gmm,1,3636,0.2816281628162816,0.03821061011607367,0.12998418338203796,0.30445544554455445,0.02283123442751702,0.1673354676214328
151669,2,R1,gmm,2,3636,0.26127612761276126,0.05387537550042148,0.11381606563249218,0.2871287128712871,0.06723246743082886,0.13978019027684535
151669,2,R1,gmm,3,3636,0.3140814081408141,0.03680247904950289,0.1301038274005891,0.3556105610561056,0.018438765666364033,0.17333098362956054
151669,2,R1,gmm,4,3636,0.2755775577557756,0.03271882699979719,0.1197332895138155,0.2992299229922992,0.04243425003059516,0.1511039420003699
151669,2,R1,gmm,5,3636,0.27365236523652364,0.04719181167836229,0.12709616912237987,0.3047304730473047,0.03928729174819095,0.16011360661935736
151669,2,R1,gmm,6,3636,0.25412541254125415,0.0649663385610267,0.11966614254718697,0.27145214521452143,0.07221649858495433,0.1357973739875104
151669,2,R1,gmm,7,3636,0.2670517051705171,0.005582730835137321,0.1240261824135456,0.28575357535753576,-0.023528649881155987,0.1553422225067504
151669,2,R1,gmm,8,3636,0.26595159515951594,0.05546380313582953,0.12126699775934419,0.2929042904290429,0.0692860675505278,0.15291088483924223
151669,2,R1,gmm,9,3636,0.27915291529152914,0.07215633885286787,0.11722274660571455,0.3025302530253025,0.08335671478295881,0.13827197157905832
151669,2,R1,leiden,0,3636,0.39246424642464245,0.09563279093150942,0.11290567589711152,0.4636963696369637,0.14935882219194938,0.18619033254238992
151669,2,R1,leiden,1,3636,0.4012651265126513,0.10136982457889304,0.11587377956970436,0.4730473047304731,0.15908145281603073,0.19254393978211617
151669,2,R1,leiden,2,3636,0.393014301430143,0.09572876746191672,0.11258420563795532,0.47167216721672167,0.16148662602300826,0.1919524772523483
151669,2,R1,leiden,3,3636,0.3864136413641364,0.08695538757812138,0.11312094938204495,0.4535203520352035,0.13968112855683223,0.18467493012804206
151669,2,R1,leiden,4,3636,0.3910891089108911,0.0949367794246678,0.11348940351526539,0.4689218921892189,0.15687091254372945,0.1911179269728755
151669,2,R1,leiden,5,3636,0.3910891089108911,0.09387744878985893,0.11024239640622374,0.46094609460946095,0.14393933188535077,0.1833780891768891
151669,2,R1,leiden,6,3636,0.3963146314631463,0.09934494588731248,0.11751244128294952,0.47112211221122113,0.15628488790620432,0.1937708385763928
151669,2,R1,leiden,7,3636,0.3932893289328933,0.0990543311494535,0.1149297418847704,0.46974697469746973,0.15841967969321852,0.18802117330555995
151669,2,R1,leiden,8,3636,0.3963146314631463,0.09983332408194534,0.11693431803002605,0.4691969196919692,0.16536628949379822,0.19343632067781594
151669,2,R1,leiden,9,3636,0.39713971397139713,0.09215712698154006,0.11408765780944892,0.4724972497249725,0.15370794023494536,0.19091387438820898
151669,2,R2,kmeans,0,3636,0.2290979097909791,0.0038040056640246027,0.10804930276493883,0.2433993399339934,0.005546203140052281,0.13771308331990095
151669,2,R2,kmeans,1,3636,0.2299229922992299,0.006951362293152939,0.10867826610570899,0.2433993399339934,0.01152118894116386,0.13882630984224664
151669,2,R2,kmeans,2,3636,0.23047304730473048,0.007258695204390221,0.10911407764730637,0.24394939493949394,0.011751645777946898,0.13917092483717197
151669,2,R2,kmeans,3,3636,0.2301980198019802,0.007080670614239272,0.10901394604372112,0.2433993399339934,0.011614196991207696,0.13947773932529467
151669,2,R2,kmeans,4,3636,0.23047304730473048,0.007258695204390221,0.10911407764730637,0.24394939493949394,0.011751645777946898,0.13917092483717194
151669,2,R2,kmeans,5,3636,0.23047304730473048,0.007168286162313615,0.10899010103442315,0.24367436743674367,0.01164136559652011,0.1389659665650022
151669,2,R2,kmeans,6,3636,0.23899889988998899,0.002399287591992228,0.10756194890505648,0.2524752475247525,0.0052270553882560605,0.13870921867331368
151669,2,R2,kmeans,7,3636,0.23047304730473048,0.007258695204390221,0.10911407764730637,0.24394939493949394,0.011751645777946898,0.13917092483717197
151669,2,R2,kmeans,8,3636,0.2301980198019802,0.0069710504909295005,0.1085967682200267,0.24394939493949394,0.011543299087403952,0.13886417841750376
151669,2,R2,kmeans,9,3636,0.2301980198019802,0.0034421376197907782,0.10813586407532742,0.2466996699669967,0.005915232060586558,0.139395314682274
151669,2,R2,gmm,0,3636,0.2334983498349835,0.006988918953340671,0.10855680581020304,0.2477997799779978,0.009135032628682229,0.138488306892595
151669,2,R2,gmm,1,3636,0.23734873487348734,0.04346796258382514,0.10792325929025022,0.24834983498349836,0.04984303797837559,0.12237675172975723
151669,2,R2,gmm,2,3636,0.23734873487348734,0.04346796258382514,0.10792325929025022,0.24834983498349836,0.04984303797837559,0.12237675172975722
151669,2,R2,gmm,3,3636,0.23734873487348734,0.04346796258382514,0.10792325929025023,0.24834983498349836,0.04984303797837559,0.12237675172975725
151669,2,R2,gmm,4,3636,0.24504950495049505,0.003560078291997601,0.10804845292310503,0.2568756875687569,0.005187191319879616,0.1402684419729297
151669,2,R2,gmm,5,3636,0.24504950495049505,0.003560078291997601,0.10804845292310503,0.2568756875687569,0.005187191319879616,0.1402684419729297
151669,2,R2,gmm,6,3636,0.23734873487348734,0.04346796258382514,0.10792325929025023,0.24834983498349836,0.04984303797837559,0.12237675172975723
151669,2,R2,gmm,7,3636,0.23432343234323433,0.008019227999915205,0.10956229534421418,0.24862486248624863,0.011798650620079338,0.1406636555551448
151669,2,R2,gmm,8,3636,0.23322332233223322,0.00769684046290521,0.10905942386419162,0.24752475247524752,0.011090723383082387,0.13932957636080043
151669,2,R2,gmm,9,3636,0.23734873487348734,0.04346796258382514,0.10792325929025018,0.24834983498349836,0.04984303797837559,0.12237675172975722
151669,2,R2,leiden,0,3636,0.24724972497249725,0.037992006466058464,0.11029807795675388,0.2590759075907591,0.0360739159558843,0.12843450652492155
151669,2,R2,leiden,1,3636,0.22662266226622663,0.02498944514886621,0.10639275758657823,0.23184818481848185,0.023722657318042923,0.1190743562369371
151669,2,R2,leiden,2,3636,0.2466996699669967,0.03775089075542414,0.11006921891856747,0.25797579757975797,0.03597532319190153,0.1282365575684377
151669,2,R2,leiden,3,3636,0.2411991199119912,0.02436775206795745,0.11050219884047967,0.2533003300330033,0.03204120018412328,0.13443315911505374
151669,2,R2,leiden,4,3636,0.2400990099009901,0.03339337251844834,0.10544663745216608,0.25825082508250824,0.03445464574411557,0.1199413257199053
151669,2,R2,leiden,5,3636,0.23982398239823982,0.0492418316144027,0.11075230053602832,0.24972497249724973,0.056469864727183586,0.1270647341141543
151669,2,R2,leiden,6,3636,0.23129812981298128,0.02830461308419502,0.1064975079908838,0.23899889988998899,0.03138032332937358,0.11873168219343802
151669,2,R2,leiden,7,3636,0.22662266226622663,0.025047007740665036,0.10739366915748794,0.23817381738173818,0.03209137755773398,0.1310620570586621
151669,2,R2,leiden,8,3636,0.2334983498349835,0.022163990039265443,0.1061491806289148,0.23872387238723872,0.020693375064727366,0.1208249038890907
151669,2,R2,leiden,9,3636,0.23487348734873487,0.02273282103888151,0.1057873413014562,0.2403740374037404,0.02151968574458254,0.12001191932930576
151669,2,R3,kmeans,0,3636,0.5173267326732673,0.2597578927537721,0.23756257712751785,0.5332783278327833,0.2869495576605652,0.254777344221185
151669,2,R3,kmeans,1,3636,0.5148514851485149,0.25681941100047073,0.2386615021485689,0.5305280528052805,0.28346581879023325,0.25531963049984474
151669,2,R3,kmeans,2,3636,0.5173267326732673,0.26023385844280295,0.23763182762402493,0.5332783278327833,0.2874838602434531,0.25532971478201966
151669,2,R3,kmeans,3,3636,0.5156765676567657,0.2559653355597542,0.2354646491316677,0.5319031903190319,0.28350516209654103,0.2531101903310621
151669,2,R3,kmeans,4,3636,0.5176017601760176,0.26051482159843464,0.23763670390757308,0.5338283828382838,0.28758178722468214,0.25514669125094164
151669,2,R3,kmeans,5,3636,0.5162266226622663,0.2575049110779008,0.23606872320205463,0.533003300330033,0.2868362269660222,0.2545375083546829
151669,2,R3,kmeans,6,3636,0.5156765676567657,0.25568389055071516,0.23567877154366143,0.5313531353135313,0.28260228114794067,0.2525255461105941
151669,2,R3,kmeans,7,3636,0.5176017601760176,0.2604800649464959,0.23737303865578113,0.5338283828382838,0.28754782134211837,0.2547872584134056
151669,2,R3,kmeans,8,3636,0.5156765676567657,0.2559653355597542,0.2354646491316677,0.5319031903190319,0.28350516209654103,0.25311019033106197
151669,2,R3,kmeans,9,3636,0.517051705170517,0.26092455083809535,0.23842286071322827,0.533003300330033,0.2879917925954657,0.2546341637030426
151669,2,R3,gmm,0,3636,0.3179317931793179,0.13060908417250958,0.1507901838551559,0.3264576457645765,0.14270531271177153,0.17309289086363286
151669,2,R3,gmm,1,3636,0.31765676567656764,0.13048036533461183,0.15052949941035065,0.3264576457645765,0.14270531271177153,0.17309289086363283
151669,2,R3,gmm,2,3636,0.305005500550055,0.07512651116747006,0.09638557249463117,0.31518151815181517,0.0867681140978691,0.11288380157845881
151669,2,R3,gmm,3,3636,0.30528052805280526,0.07524224939057413,0.09644842000060769,0.31518151815181517,0.0867681140978691,0.11288380157845879
151669,2,R3,gmm,4,3636,0.33608360836083606,0.08955522748560685,0.13712053251807402,0.3495599559955996,0.1030144369202933,0.15696036428896304
151669,2,R3,gmm,5,3636,0.32123212321232125,0.12384514774439938,0.15680964210909748,0.33663366336633666,0.1368517725736217,0.1753371138240787
151669,2,R3,gmm,6,3636,0.305005500550055,0.07512651116747006,0.09638557249463119,0.31518151815181517,0.0867681140978691,0.11288380157845877
151669,2,R3,gmm,7,3636,0.30583058305830585,0.07554307687663366,0.09657328296419442,0.31600660066006603,0.08710111445346838,0.11306075197745848
151669,2,R3,gmm,8,3636,0.3055555555555556,0.07535882988541784,0.09651143091588947,0.31545654565456543,0.08687827520331962,0.1129426298649194
151669,2,R3,gmm,9,3636,0.3358085808580858,0.08937686302118507,0.13701012747656913,0.349009900990099,0.10261892464085132,0.15674370082466332
151669,2,R3,leiden,0,3636,0.33003300330033003,0.13494347351745095,0.23771477598842072,0.3415841584158416,0.14238583613401185,0.2512256777672718
151669,2,R3,leiden,1,3636,0.3767876787678768,0.15716763443507237,0.23927363915193522,0.3943894389438944,0.16735135428585274,0.2500186322775118
151669,2,R3,leiden,2,3636,0.3096809680968097,0.1168475523665563,0.2390957010732788,0.31903190319031904,0.12248524330025992,0.25468393499212105
151669,2,R3,leiden,3,3636,0.44196919691969194,0.17172113054975918,0.26070022788125574,0.45627062706270627,0.18356256046973737,0.27774487869177206
151669,2,R3,leiden,4,3636,0.33525852585258525,0.08962078330266846,0.2412475923459721,0.34295929592959296,0.09422530430804077,0.2579047313749106
151669,2,R3,leiden,5,3636,0.29812981298129815,0.1132404282543298,0.2280710630055262,0.30665566556655666,0.11773436791930962,0.24222291305973445
151669,2,R3,leiden,6,3636,0.35533553355335534,0.1523586324341537,0.22955147948051455,0.36303630363036304,0.16532751748051056,0.24473518023656224
151669,2,R3,leiden,7,3636,0.429042904290429,0.17444837184697076,0.23157521272488046,0.4383938393839384,0.18629445079722573,0.2485745493602643
151669,2,R3,leiden,8,3636,0.3556105610561056,0.09986317548653788,0.2388769702566347,0.3657865786578658,0.10759516075305851,0.25522272946945873
151669,2,R3,leiden,9,3636,0.33663366336633666,0.09844473878221327,0.2248775138295719,0.3432343234323432,0.10267427411707984,0.23821932998469073
151669,2,R4,kmeans,0,3636,0.3413091309130913,0.10735302546193935,0.2137923978077887,0.3525852585258526,0.10984553106209534,0.23616065597363836
151669,2,R4,kmeans,1,3636,0.3413091309130913,0.10735302546193935,0.21379239780778872,0.3525852585258526,0.10984553106209534,0.23616065597363833
151669,2,R4,kmeans,2,3636,0.3415841584158416,0.10754819459639771,0.2138600325124082,0.35313531353135313,0.11024185362182981,0.2362842371743618
151669,2,R4,kmeans,3,3636,0.3413091309130913,0.10749719609241074,0.2138095546846994,0.3525852585258526,0.10950079575032867,0.23573529198940812
151669,2,R4,kmeans,4,3636,0.3413091309130913,0.10735302546193935,0.21379239780778872,0.3525852585258526,0.10984553106209534,0.23616065597363836
151669,2,R4,kmeans,5,3636,0.3413091309130913,0.10735302546193935,0.21379239780778872,0.3525852585258526,0.10984553106209534,0.2361606559736383
151669,2,R4,kmeans,6,3636,0.3413091309130913,0.10735302546193935,0.21379239780778872,0.3525852585258526,0.10984553106209534,0.23616065597363833
151669,2,R4,kmeans,7,3636,0.3415841584158416,0.10794718893179434,0.21419023908907328,0.3525852585258526,0.11031794168752959,0.23627407745640167
151669,2,R4,kmeans,8,3636,0.3415841584158416,0.10751787373712358,0.21382395438056845,0.35313531353135313,0.10956035143067112,0.23576497095402235
151669,2,R4,kmeans,9,3636,0.3413091309130913,0.10735302546193935,0.21379239780778872,0.3525852585258526,0.10984553106209534,0.23616065597363833
151669,2,R4,gmm,0,3636,0.2477997799779978,0.011703323662188132,0.10923862240043186,0.2670517051705171,0.019217431748143554,0.14159451814845173
151669,2,R4,gmm,1,3636,0.2477997799779978,0.011703323662188132,0.10923862240043188,0.2670517051705171,0.019217431748143554,0.1415945181484517
151669,2,R4,gmm,2,3636,0.24202420242024203,0.030884329304038317,0.11216471145622885,0.26182618261826185,0.03702396301195733,0.13926471169364707
151669,2,R4,gmm,3,3636,0.23954895489548955,0.006075341297469494,0.11037244404705158,0.26347634763476346,0.013985253096498867,0.14466422344245253
151669,2,R4,gmm,4,3636,0.2422992299229923,0.029762887827589214,0.11189616887416165,0.2629262926292629,0.03587663030389368,0.1391064858578107
151669,2,R4,gmm,5,3636,0.24697469746974698,0.03062959483566367,0.11186354549533774,0.2698019801980198,0.0376921834592287,0.13997270761089597
151669,2,R4,gmm,6,3636,0.24422442244224424,0.03500294351115924,0.11365843517483135,0.26512651265126513,0.042632688056209976,0.1381689650766465
151669,2,R4,gmm,7,3636,0.2477997799779978,0.011703323662188132,0.10923862240043186,0.2670517051705171,0.019217431748143554,0.14159451814845167
151669,2,R4,gmm,8,3636,0.24202420242024203,0.02879947693771129,0.11142874643626917,0.2623762376237624,0.03488691884553053,0.13847822559807005
151669,2,R4,gmm,9,3636,0.24257425742574257,0.030072727789792163,0.11177940821905476,0.2629262926292629,0.03619494421084685,0.13908847137569197
151669,2,R4,leiden,0,3636,0.3195819581958196,0.07821481524262994,0.19980291474425751,0.32315731573157314,0.08001734121108706,0.21867069957433485
151669,2,R4,leiden,1,3636,0.37073707370737075,0.15216535007033613,0.22672373248662747,0.39026402640264024,0.1601102751961498,0.25204953619424764
151669,2,R4,leiden,2,3636,0.3248074807480748,0.09306447690124252,0.20098410986184792,0.3363586358635864,0.096508722051634,0.22775754921326055
151669,2,R4,leiden,3,3636,0.367986798679868,0.13098773541883463,0.23340656894037637,0.38228822882288227,0.13484129570709716,0.26469281158721664
151669,2,R4,leiden,4,3636,0.39851485148514854,0.13504811940649442,0.24111214142155146,0.4320682068206821,0.15602183124336833,0.2821695313533003
151669,2,R4,leiden,5,3636,0.34845984598459845,0.15879533971966253,0.22770684466174554,0.36386138613861385,0.16713132701682498,0.2587316776978214
151669,2,R4,leiden,6,3636,0.3927392739273927,0.1722840999701543,0.24463942775873493,0.4075907590759076,0.17788364859817687,0.2790782768252734
151669,2,R4,leiden,7,3636,0.3864136413641364,0.190570731331396,0.2526513098397163,0.40786578657865785,0.20325904481018345,0.28690158495239326
151669,2,R4,leiden,8,3636,0.3586358635863586,0.16298289574374827,0.22550848439684867,0.3767876787678768,0.17625291249360375,0.25568297495583475
151669,2,R4,leiden,9,3636,0.39383938393839385,0.1865246533293619,0.248576219635817,0.4196919691969197,0.19948088420050566,0.28149923684123535
151669,2,R5,kmeans,0,3636,0.5016501650165016,0.2254594921043384,0.2368282131377186,0.5244774477447744,0.2625975543737704,0.2752781357489621
151669,2,R5,kmeans,1,3636,0.44664466446644663,0.1661588287784741,0.21106551490594322,0.46562156215621564,0.18835587489920572,0.2400161099629439
151669,2,R5,kmeans,2,3636,0.45489548954895487,0.1738456819122182,0.21398612262860184,0.47332233223322334,0.19813764316975807,0.24385409351925053
151669,2,R5,kmeans,3,3636,0.4469196919691969,0.16599162380683816,0.21172827000683042,0.46534653465346537,0.18816957732802003,0.24056196512338557
151669,2,R5,kmeans,4,3636,0.5016501650165016,0.22472448272024362,0.23825647429491326,0.5236523652365237,0.2611484568976275,0.2759276560251803
151669,2,R5,kmeans,5,3636,0.5022002200220022,0.22671023440698249,0.23828527919874823,0.5253025302530253,0.26473724977121255,0.277186248634254
151669,2,R5,kmeans,6,3636,0.5022002200220022,0.22660302310517053,0.2386968477905737,0.5247524752475248,0.26415687145753436,0.27685889032840144
151669,2,R5,kmeans,7,3636,0.503025302530253,0.22793237432482363,0.23777047195694992,0.5261276127612762,0.2661866955030938,0.2774311313482414
151669,2,R5,kmeans,8,3636,0.5027502750275028,0.22767051990906748,0.238138645465156,0.5258525852585259,0.26562266808900414,0.2772597176280439
151669,2,R5,kmeans,9,3636,0.5013751375137514,0.2248510003088805,0.23796931129169452,0.5233773377337734,0.2608890209873176,0.27509777666079505
151669,2,R5,gmm,0,3636,0.2422992299229923,0.030616263090162823,0.10745143355040795,0.26265126512651266,0.0359329526741592,0.14192537392917065
151669,2,R5,gmm,1,3636,0.24257425742574257,0.03049909068157964,0.10746158174673247,0.26347634763476346,0.035616821200965765,0.1419629001138727
151669,2,R5,gmm,2,3636,0.22414741474147415,0.018480040933572427,0.10836713790230165,0.24312431243124313,0.025966889247280255,0.14022335987645443
151669,2,R5,gmm,3,3636,0.24312431243124313,0.010100421852421401,0.10839257113120215,0.2511001100110011,0.01568264571723827,0.13894768289442985
151669,2,R5,gmm,4,3636,0.2257975797579758,0.016685391850971634,0.10848576264545072,0.23899889988998899,0.022823136552330283,0.1399730214923524
151669,2,R5,gmm,5,3636,0.23844884488448845,0.010956024716174668,0.10879171980254383,0.24532453245324531,0.017335269897024958,0.14072653584666114
151669,2,R5,gmm,6,3636,0.26265126512651266,0.061228492063947995,0.11590451536564425,0.2808030803080308,0.07397422319360143,0.14211473873073707
151669,2,R5,gmm,7,3636,0.23129812981298128,0.011583300208401844,0.1084339284229572,0.24312431243124313,0.01852837337175105,0.14040960884350548
151669,2,R5,gmm,8,3636,0.2257975797579758,0.01751917507921941,0.10844911411113188,0.23982398239823982,0.02426830822755228,0.13991165400679115
151669,2,R5,gmm,9,3636,0.2257975797579758,0.017760370394228314,0.10866797019325597,0.2403740374037404,0.024625907947798918,0.14024388676578162
151669,2,R5,leiden,0,3636,0.39081408140814083,0.13872875421568695,0.2659543185335947,0.4086908690869087,0.15711771237187375,0.29649669398303374
151669,2,R5,leiden,1,3636,0.4535203520352035,0.19337406079295505,0.2601008802408449,0.4691969196919692,0.20946159324254418,0.2941899362123918
151669,2,R5,leiden,2,3636,0.41914191419141916,0.1834153552374787,0.26194494569990734,0.4337183718371837,0.18996471000841905,0.29282988133609145
151669,2,R5,leiden,3,3636,0.39548954895489546,0.1402076355866536,0.25243893649238186,0.4158415841584158,0.15836791716045345,0.28750089415745156
151669,2,R5,leiden,4,3636,0.4581958195819582,0.20127174699573136,0.26972762708548365,0.47882288228822883,0.2205592567513103,0.3058981449308318
151669,2,R5,leiden,5,3636,0.41996699669966997,0.15310321602080937,0.2692589948866404,0.4397689768976898,0.1700045043333043,0.2987694324475485
151669,2,R5,leiden,6,3636,0.38256325632563254,0.15363914461920944,0.25818802845960437,0.40016501650165015,0.16669034666381302,0.29076250865136843
151669,2,R5,leiden,7,3636,0.3550605060506051,0.10496051638285162,0.21477134283005905,0.38283828382838286,0.1210904397106008,0.25047402352544745
151669,2,R5,leiden,8,3636,0.4172167216721672,0.17631612164337265,0.27390328892339605,0.4326182618261826,0.18686469604817804,0.3071947147868267
151669,2,R5,leiden,9,3636,0.385038503850385,0.1234579712841845,0.20540772954296294,0.40154015401540155,0.1355758642167675,0.22653434388279697
151669,2,R6,kmeans,0,3636,0.452970297029703,0.17043773897906236,0.21275468289458027,0.47277227722772275,0.1952450383075192,0.24213096478941298
151669,2,R6,kmeans,1,3636,0.44636963696369636,0.16537196164497237,0.21113171371923248,0.46507150715071505,0.18793330003801764,0.24008460802211692
151669,2,R6,kmeans,2,3636,0.5022002200220022,0.22660302310517053,0.2386968477905737,0.5247524752475248,0.26415687145753436,0.2768588903284015
151669,2,R6,kmeans,3,3636,0.4469196919691969,0.16599162380683816,0.21172827000683042,0.46534653465346537,0.18816957732802003,0.24056196512338557
151669,2,R6,kmeans,4,3636,0.45874587458745875,0.1726577926796756,0.21560695171699365,0.47744774477447743,0.19783062481607172,0.2470024672569615
151669,2,R6,kmeans,5,3636,0.5022002200220022,0.22676807865706405,0.23839871532848295,0.5253025302530253,0.2647848108837918,0.2772900646717283
151669,2,R6,kmeans,6,3636,0.48047304730473045,0.20176624392979933,0.23029544612333253,0.5011001100110011,0.23352371330285204,0.2614542399299621
151669,2,R6,kmeans,7,3636,0.503025302530253,0.22793237432482363,0.23777047195694992,0.5261276127612762,0.2661866955030938,0.2774311313482414
151669,2,R6,kmeans,8,3636,0.44664466446644663,0.1661588287784741,0.21106551490594322,0.46562156215621564,0.18835587489920572,0.24001610996294387
151669,2,R6,kmeans,9,3636,0.5016501650165016,0.22460166885448518,0.23792042432044083,0.5236523652365237,0.2609581472041443,0.2753155702425325
151669,2,R6,gmm,0,3636,0.2854785478547855,0.07736155153024685,0.1388738183460745,0.2953795379537954,0.08769364359244158,0.15715663804393323
151669,2,R6,gmm,1,3636,0.28602860286028603,0.07711132238335983,0.1388440175724883,0.2962046204620462,0.08778526406919253,0.15736755429452162
151669,2,R6,gmm,2,3636,0.327007700770077,0.08570575470869374,0.130967898399537,0.3426842684268427,0.09899606067987683,0.15228932891026
151669,2,R6,gmm,3,3636,0.4163916391639164,0.1926729930044679,0.15776741468987607,0.4389438943894389,0.22013860533763788,0.1818081154534887
151669,2,R6,gmm,4,3636,0.32755775577557755,0.08695292405215772,0.13221149960882328,0.3413091309130913,0.09891005642760581,0.15339321188601748
151669,2,R6,gmm,5,3636,0.41254125412541254,0.1886551285931984,0.1565336963606423,0.43426842684268424,0.21692560172686923,0.1826861734497616
151669,2,R6,gmm,6,3636,0.4130913091309131,0.18845747659677872,0.15757687833726566,0.43701870187018704,0.21699739971750087,0.18287161382414208
151669,2,R6,gmm,7,3636,0.3149064906490649,0.12159685832518934,0.1439917796568757,0.33195819581958197,0.1338063063768668,0.1640291789164056
151669,2,R6,gmm,8,3636,0.327007700770077,0.08578015432108331,0.13164001061010067,0.3426842684268427,0.09914588232359715,0.15348741746410433
151669,2,R6,gmm,9,3636,0.3272827282728273,0.08591773593294476,0.1310078851653469,0.3435093509350935,0.0995741140348963,0.15250912539737302
151669,2,R6,leiden,0,3636,0.43096809680968096,0.15360917294842275,0.25919867340402086,0.44664466446644663,0.17161384497324783,0.2899885158526901
151669,2,R6,leiden,1,3636,0.3564356435643564,0.1474183869523192,0.2513555953619968,0.37458745874587457,0.16136493704961713,0.28077244782264293
151669,2,R6,leiden,2,3636,0.3627612761276128,0.12413186364027269,0.2413802251760731,0.38283828382838286,0.13477022016250553,0.2745881031828621
151669,2,R6,leiden,3,3636,0.3338833883388339,0.11240664670685403,0.24624767855405555,0.3556105610561056,0.1267374504039775,0.2717619470120629
151669,2,R6,leiden,4,3636,0.35836083608360836,0.11468180683237024,0.28159139543646294,0.36771177117711773,0.12250952784830246,0.30991722146782735
151669,2,R6,leiden,5,3636,0.3957645764576458,0.14592096029949086,0.24822640974746013,0.4081408140814081,0.15597921695925698,0.27758663499789554
151669,2,R6,leiden,6,3636,0.4166666666666667,0.1651296043643104,0.26645026292248225,0.44004400440044006,0.18298328519317533,0.29917675159679286
151669,2,R6,leiden,7,3636,0.3875137513751375,0.1284656160677081,0.24469632084686116,0.40401540154015403,0.14196234276946468,0.2672260248499948
151669,2,R6,leiden,8,3636,0.43234323432343236,0.1925227881877756,0.278281457190344,0.44416941694169415,0.20766129512036,0.31396834670555196
151669,2,R6,leiden,9,3636,0.40924092409240925,0.13738533011444795,0.2749608363422334,0.42326732673267325,0.14487901130599043,0.29769839832891887
151669,2,R7,kmeans,0,3636,0.2568756875687569,0.04218818591717874,0.11171423845758753,0.27117711771177117,0.05039711716341631,0.1325182784869116
151669,2,R7,kmeans,1,3636,0.25605060506050603,0.04255449758292534,0.1121233827007918,0.26952695269526955,0.05061644377669255,0.13280961064632002
151669,2,R7,kmeans,2,3636,0.2533003300330033,0.04383018111588314,0.11341527825499646,0.26595159515951594,0.050687849727467996,0.1329021583829485
151669,2,R7,kmeans,3,3636,0.25715071507150716,0.04264213930506972,0.11258779066629454,0.27282728272827284,0.051178150909439585,0.13470842256599463
151669,2,R7,kmeans,4,3636,0.25605060506050603,0.04323289168289278,0.11220893001283187,0.26897689768976896,0.05056801731139194,0.1316822251340056
151669,2,R7,kmeans,5,3636,0.2568756875687569,0.04470761465288242,0.11286651241162887,0.26952695269526955,0.052749150862954786,0.13346446587318941
151669,2,R7,kmeans,6,3636,0.25577557755775576,0.044014044082713255,0.11280781216878143,0.27255225522552257,0.0527016399150858,0.13466287686530784
151669,2,R7,kmeans,7,3636,0.2563256325632563,0.04485267736419337,0.11295920596708249,0.2698019801980198,0.05341584512405271,0.1340078273929453
151669,2,R7,kmeans,8,3636,0.2563256325632563,0.043183514149988576,0.11285753572027787,0.2731023102310231,0.05102301281706478,0.134217063214358
151669,2,R7,kmeans,9,3636,0.2555005500550055,0.0435541238397821,0.11265142970224573,0.27200220022002203,0.05224595403056533,0.134629754860831
151669,2,R7,gmm,0,3636,0.2692519251925192,0.06232715869239606,0.11467048400483179,0.290979097909791,0.07532456771017182,0.13123331062065188
151669,2,R7,gmm,1,3636,0.26897689768976896,0.06264035124874379,0.1144776052090192,0.29042904290429045,0.07575710608505787,0.13093849997549348
151669,2,R7,gmm,2,3636,0.29675467546754675,0.07141744228805702,0.11311411059785191,0.31985698569856985,0.0850033792321664,0.12634095215653793
151669,2,R7,gmm,3,3636,0.29455445544554454,0.0711553052222291,0.11262834082481858,0.31518151815181517,0.08453351291975467,0.12503256664407658
151669,2,R7,gmm,4,3636,0.26897689768976896,0.06265032650481338,0.11449621403443365,0.2907040704070407,0.07577449880596024,0.1309741195070086
151669,2,R7,gmm,5,3636,0.2692519251925192,0.06232715869239606,0.11467048400483179,0.290979097909791,0.07532456771017182,0.13123331062065186
151669,2,R7,gmm,6,3636,0.2948294829482948,0.07085703914134855,0.11289967586516461,0.3179317931793179,0.0842519013739187,0.12620742204652804
151669,2,R7,gmm,7,3636,0.2684268426842684,0.062354536083254475,0.11434855368804164,0.2907040704070407,0.07555737131782295,0.13141058387169965
151669,2,R7,gmm,8,3636,0.2692519251925192,0.06226910686775768,0.11442902705154855,0.290979097909791,0.0752304859884191,0.13093789844025566
151669,2,R7,gmm,9,3636,0.26897689768976896,0.06265032650481338,0.11449621403443366,0.2907040704070407,0.07577449880596024,0.1309741195070086
151669,2,R7,leiden,0,3636,0.2601760176017602,0.06798757241352603,0.11204551199421932,0.27200220022002203,0.07328692598812277,0.1220846907141524
151669,2,R7,leiden,1,3636,0.3140814081408141,0.0930522193295631,0.10953649936177572,0.3503850385038504,0.11341406348415854,0.12734630315000123
151669,2,R7,leiden,2,3636,0.2755775577557756,0.045549433227462695,0.10937728446263048,0.29207920792079206,0.046386539427136074,0.1238423787256569
151669,2,R7,leiden,3,3636,0.25935093509350937,0.06507433420721521,0.10805436221734474,0.27805280528052806,0.07525180217411431,0.12255026969933035
151669,2,R7,leiden,4,3636,0.30995599559955994,0.060917763517801475,0.11569144228797001,0.3448844884488449,0.07329393293983628,0.13993539895392282
151669,2,R7,leiden,5,3636,0.25935093509350937,0.051040862096733225,0.10899137669033426,0.27722772277227725,0.0607018303441272,0.12443909115142207
151669,2,R7,leiden,6,3636,0.2863036303630363,0.07807497688200504,0.10973334853425387,0.3055555555555556,0.09109556253660044,0.12242507044417611
151669,2,R7,leiden,7,3636,0.30005500550055003,0.0747483353994055,0.11488148465408077,0.3234323432343234,0.09375501942592639,0.13652981782970422
151669,2,R7,leiden,8,3636,0.3061056105610561,0.07521059711254997,0.10591583360712718,0.3495599559955996,0.1034419913336458,0.12607523486879
151669,2,R7,leiden,9,3636,0.2687018701870187,0.04574854293476699,0.10909937215164396,0.2863036303630363,0.05182508105510729,0.1242543881815971
151669,2,R8,kmeans,0,3636,0.30775577557755773,0.08264742393532898,0.219606794635657,0.3259075907590759,0.09363501162165909,0.2362176541349517
151669,2,R8,kmeans,1,3636,0.3028052805280528,0.08307826594484292,0.21990899629544192,0.3215071507150715,0.09437281829899855,0.237817966604928
151669,2,R8,kmeans,2,3636,0.30445544554455445,0.08167841147327033,0.21748820255273793,0.320957095709571,0.09232317413689832,0.23538644697945635
151669,2,R8,kmeans,3,3636,0.3030803080308031,0.0839443818292132,0.2216452131481192,0.3204070407040704,0.09473139270891476,0.23834814186227862
151669,2,R8,kmeans,4,3636,0.30583058305830585,0.08204517006322985,0.21788783710279896,0.32233223322332233,0.09245749575526789,0.23463974623235884
151669,2,R8,kmeans,5,3636,0.3028052805280528,0.08440314435043496,0.22066657207823975,0.320957095709571,0.09460475575225477,0.23690183519607813
151669,2,R8,kmeans,6,3636,0.3061056105610561,0.08272553978144774,0.21898810293668938,0.3234323432343234,0.09343155351756269,0.23552796495210288
151669,2,R8,kmeans,7,3636,0.305005500550055,0.08195039635678597,0.21879149184614674,0.31903190319031904,0.09036174007499773,0.23061517985889618
151669,2,R8,kmeans,8,3636,0.3055555555555556,0.08211306089842167,0.219020893608254,0.3195819581958196,0.09054803933268535,0.23088297171232366
151669,2,R8,kmeans,9,3636,0.30803080308030806,0.08097114198916143,0.2176574826170565,0.3261826182618262,0.09252309343642852,0.23442150838531847
151669,2,R8,gmm,0,3636,0.3371837183718372,0.12021463258232402,0.2406773594654005,0.34763476347634764,0.12875808154710813,0.2582316137689668
151669,2,R8,gmm,1,3636,0.41556655665566555,0.162400395821936,0.24213444215921376,0.4375687568756876,0.17720184176671525,0.2612111426822437
151669,2,R8,gmm,2,3636,0.4172167216721672,0.16369400047523924,0.24205943502965502,0.4361936193619362,0.17839150142867669,0.25910249555353715
151669,2,R8,gmm,3,3636,0.36716171617161714,0.1057136431916547,0.22370799262964317,0.38283828382838286,0.11572899300555115,0.24686118070063495
151669,2,R8,gmm,4,3636,0.33828382838283827,0.12126425259313363,0.23829611574271672,0.3479097909790979,0.13063505478341436,0.258377407983321
151669,2,R8,gmm,5,3636,0.3369086908690869,0.1194601897081521,0.23961046575245787,0.34763476347634764,0.12927978935232667,0.2597757562883422
151669,2,R8,gmm,6,3636,0.33828382838283827,0.12111863797946014,0.23810798432699637,0.3479097909790979,0.13032916075223985,0.2579700126106273
151669,2,R8,gmm,7,3636,0.33855885588558854,0.1213106481134507,0.23831592675025315,0.34680968096809683,0.12983931664339987,0.25800311909744933
151669,2,R8,gmm,8,3636,0.36083608360836084,0.10661711339070855,0.22164192704401173,0.37706270627062705,0.11678731581340232,0.24301028973874367
151669,2,R8,gmm,9,3636,0.3369086908690869,0.1194601897081521,0.2396104657524578,0.34763476347634764,0.12927978935232667,0.25977575628834215
151669,2,R8,leiden,0,3636,0.4207920792079208,0.1470336863377395,0.2206754493344933,0.4392189218921892,0.166491593447764,0.23818733845431048
151669,2,R8,leiden,1,3636,0.41804180418041803,0.14338376613672663,0.22241448448507795,0.43454345434543457,0.16127038454905943,0.24357938253917757
151669,2,R8,leiden,2,3636,0.3855885588558856,0.09138341386130655,0.19237349116415906,0.3996149614961496,0.10285143867423492,0.2049657264450006
151669,2,R8,leiden,3,3636,0.39383938393839385,0.128802799900476,0.2352875573601859,0.4004400440044004,0.13935446657068326,0.2534150159816152
151669,2,R8,leiden,4,3636,0.4298679867986799,0.16255810851027291,0.23038771727389756,0.4491199119911991,0.18038153724361294,0.25097750609670333
151669,2,R8,leiden,5,3636,0.3635863586358636,0.126764668439636,0.22002522995254842,0.3765126512651265,0.1371640498033516,0.2333697052115078
151669,2,R8,leiden,6,3636,0.4205170517051705,0.11652702406573648,0.22297748471947534,0.43701870187018704,0.13121175259849652,0.23856208275081756
151669,2,R8,leiden,7,3636,0.4004400440044004,0.11415683812336445,0.2059245366169357,0.4172167216721672,0.13113680362590188,0.22053920505855867
151669,2,R8,leiden,8,3636,0.35451045104510454,0.12266474303260579,0.21336975897594582,0.3655115511551155,0.138706184128112,0.22798826273244585
151669,2,R8,leiden,9,3636,0.36853685368536854,0.12326634268053029,0.21735744926089468,0.3798129812981298,0.13394820583427622,0.22844312919855775
151669,2,R9,kmeans,0,3636,0.3371837183718372,0.08723477571782645,0.2076566475328821,0.3589108910891089,0.1069570158071204,0.25006137193306044
151669,2,R9,kmeans,1,3636,0.33773377337733773,0.086925372699315,0.21063073209292849,0.35836083608360836,0.10596696916827339,0.25394808360243953
151669,2,R9,kmeans,2,3636,0.3358085808580858,0.0850251438603014,0.2067973870726525,0.35946094609460943,0.10631611329565284,0.2509435383194785
151669,2,R9,kmeans,3,3636,0.33525852585258525,0.08740874968794111,0.2074328176954886,0.3564356435643564,0.10673142445631223,0.2492928263981062
151669,2,R9,kmeans,4,3636,0.3402090209020902,0.08787703240256065,0.211757539539433,0.3578107810781078,0.10626666609246704,0.25535941395664025
151669,2,R9,kmeans,5,3636,0.3369086908690869,0.08668556363993736,0.207392900142294,0.3589108910891089,0.10600636482713764,0.24940782072748455
151669,2,R9,kmeans,6,3636,0.3424092409240924,0.09093933716032483,0.21162389244155647,0.3635863586358636,0.11117411273366662,0.25500963529215176
151669,2,R9,kmeans,7,3636,0.33773377337733773,0.08680301918296887,0.21022137100879693,0.35753575357535755,0.10517423610520531,0.2528466753421024
151669,2,R9,kmeans,8,3636,0.3355335533553355,0.0873343213297934,0.20767573124461536,0.3558855885588559,0.10596063738194271,0.24879205109264219
151669,2,R9,kmeans,9,3636,0.33910891089108913,0.08683873067755922,0.21433499239514986,0.35313531353135313,0.1069911133161175,0.2619674727120888
151669,2,R9,gmm,0,3636,0.3666116611661166,0.12488298037078899,0.22745216583863,0.3844884488448845,0.14054555172210537,0.2689314211991369
151669,2,R9,gmm,1,3636,0.3550605060506051,0.12415570367291294,0.22606606122964418,0.36688668866886687,0.14211261336845796,0.26861788988360674
151669,2,R9,gmm,2,3636,0.36716171617161714,0.1250927825539003,0.22851340283273106,0.3855885588558856,0.14164899702919048,0.2701491251509552
151669,2,R9,gmm,3,3636,0.3556105610561056,0.12410128023080765,0.22590447235887542,0.367986798679868,0.14220392977966909,0.26803862132224765
151669,2,R9,gmm,4,3636,0.36716171617161714,0.1250927825539003,0.22851340283273108,0.3855885588558856,0.14164899702919048,0.2701491251509551
151669,2,R9,gmm,5,3636,0.36716171617161714,0.1250927825539003,0.22851340283273114,0.3855885588558856,0.14164899702919048,0.2701491251509552
151669,2,R9,gmm,6,3636,0.35533553355335534,0.12367736831721948,0.22582976437055816,0.36743674367436746,0.14114594262009064,0.2678749544141972
151669,2,R9,gmm,7,3636,0.36743674367436746,0.12537749374928925,0.22960737163600844,0.385038503850385,0.14151372498441803,0.2721107141639842
151669,2,R9,gmm,8,3636,0.364961496149615,0.12283740704957198,0.22735331170311104,0.38311331133113313,0.14021536766934342,0.2708893322247978
151669,2,R9,gmm,9,3636,0.3542354235423542,0.12572076227275897,0.21887215844029262,0.37156215621562155,0.14307336247646374,0.2577051343689239
151669,2,R9,leiden,0,3636,0.3696369636963696,0.13442439309060855,0.21254268485323613,0.39246424642464245,0.1638771011801526,0.2560202700360777
151669,2,R9,leiden,1,3636,0.36853685368536854,0.11233545978905157,0.22328279853253075,0.39081408140814083,0.13521023473106747,0.272544136118614
151669,2,R9,leiden,2,3636,0.40154015401540155,0.10749776608200541,0.208342597038273,0.4235423542354235,0.12525991945378598,0.2501959796213189
151669,2,R9,leiden,3,3636,0.4128162816281628,0.17058643029732531,0.21823343610503876,0.4438943894389439,0.20079219762837816,0.2600285539560698
151669,2,R9,leiden,4,3636,0.41391639163916394,0.14549332161388664,0.23267662678021928,0.4381188118811881,0.17554172210270427,0.2869914977281257
151669,2,R9,leiden,5,3636,0.41254125412541254,0.11791376297649281,0.22297504581770963,0.44334433443344334,0.14576753977112472,0.27660105938699187
151669,2,R9,leiden,6,3636,0.3949394939493949,0.13191077400332815,0.22700087722761877,0.4238173817381738,0.1618182171548109,0.2830063976856859
151669,2,R9,leiden,7,3636,0.3613861386138614,0.07760272996435708,0.20870754372552522,0.38531353135313534,0.10004458382801068,0.2576230614113501
151669,2,R9,leiden,8,3636,0.4064906490649065,0.1400044643265273,0.2219022808324962,0.43234323432343236,0.1653416475344857,0.26541042329593506
151669,2,R9,leiden,9,3636,0.36688668866886687,0.12930774650735344,0.21635746677316306,0.38833883388338836,0.1538606651509767,0.2570419590860331
151669,2,R10,kmeans,0,3636,0.32453245324532454,0.060892927482218966,0.2179358987158366,0.3465346534653465,0.07319820538497507,0.25565610802487443
151669,2,R10,kmeans,1,3636,0.32425742574257427,0.06185003741746558,0.22213147053155463,0.3404840484048405,0.07466858666594854,0.25818951017819686
151669,2,R10,kmeans,2,3636,0.32315731573157314,0.06126443151851847,0.22154941939111278,0.3388338833883388,0.07370217007124873,0.2573990824655361
151669,2,R10,kmeans,3,3636,0.32315731573157314,0.06312189931295832,0.21793095424985584,0.3446094609460946,0.07437878576281833,0.25319428767025953
151669,2,R10,kmeans,4,3636,0.32315731573157314,0.06081369288627121,0.21635985212554462,0.3457095709570957,0.07359852374000604,0.2525929313847074
151669,2,R10,kmeans,5,3636,0.3248074807480748,0.0644937164866053,0.21967212837215416,0.34625962596259624,0.07531084196484472,0.2548390932937424
151669,2,R10,kmeans,6,3636,0.3234323432343234,0.06116697696313798,0.22154742887426965,0.33910891089108913,0.0736844442638204,0.25762031531568735
151669,2,R10,kmeans,7,3636,0.32370737073707373,0.06054920779515448,0.2163040745715539,0.3481848184818482,0.07338776870577922,0.2558163311923582
151669,2,R10,kmeans,8,3636,0.32453245324532454,0.06307140516216804,0.21726956440633236,0.34763476347634764,0.0749855547580171,0.25334836195728294
151669,2,R10,kmeans,9,3636,0.32453245324532454,0.062274300010862635,0.21686855651117407,0.34763476347634764,0.07342225433564338,0.25416778680257
151669,2,R10,gmm,0,3636,0.30665566556655666,0.07126611261396706,0.12301266012460159,0.34213421342134215,0.09094520189503379,0.13800809511415854
151669,2,R10,gmm,1,3636,0.31298129812981296,0.08051771681607242,0.13002957374816188,0.35836083608360836,0.11638887643608938,0.15597915087674494
151669,2,R10,gmm,2,3636,0.2876787678767877,0.06648180250995703,0.13723625628648653,0.32370737073707373,0.09136891926756277,0.16294760407783226
151669,2,R10,gmm,3,3636,0.30665566556655666,0.0713039936180733,0.12297439954436507,0.3413091309130913,0.0910343980882123,0.13779395549396226
151669,2,R10,gmm,4,3636,0.30665566556655666,0.07126611261396706,0.12301266012460153,0.34213421342134215,0.09094520189503379,0.13800809511415854
151669,2,R10,gmm,5,3636,0.2808030803080308,0.07001462106522194,0.12898558660030177,0.3094059405940594,0.08703868256233632,0.1484337116750976
151669,2,R10,gmm,6,3636,0.3028052805280528,0.07402657528706266,0.13413757034642423,0.3418591859185919,0.09983748785397359,0.1585464127885386
151669,2,R10,gmm,7,3636,0.2808030803080308,0.07017460373480527,0.12909040813292555,0.30913091309130913,0.08724958454357762,0.14858638474735736
151669,2,R10,gmm,8,3636,0.28437843784378436,0.06672118615383414,0.13535430491335637,0.3195819581958196,0.09036278669546642,0.16062731721015178
151669,2,R10,gmm,9,3636,0.30665566556655666,0.07126611261396706,0.12301266012460156,0.34213421342134215,0.09094520189503379,0.13800809511415857
151669,2,R10,leiden,0,3636,0.320957095709571,0.1147811337102023,0.208314610172333,0.3481848184818482,0.1283176644885384,0.2356334316833882
151669,2,R10,leiden,1,3636,0.32673267326732675,0.11537900561326288,0.20961279673867103,0.3402090209020902,0.1284249926844119,0.23661823866779916
151669,2,R10,leiden,2,3636,0.3363586358635864,0.08236783332071325,0.2029738259082336,0.3688118811881188,0.0968232094060522,0.24179843530998527
151669,2,R10,leiden,3,3636,0.323982398239824,0.055664631329669464,0.205563060041189,0.35203520352035206,0.06374403264186454,0.25602201984311657
151669,2,R10,leiden,4,3636,0.3286578657865787,0.08788243629935638,0.20708323851758706,0.36166116611661164,0.10579458858493695,0.2498383949666023
151669,2,R10,leiden,5,3636,0.42464246424642466,0.1579668836005715,0.2472944450724689,0.4515951595159516,0.18920316938317097,0.2992005062516824
151669,2,R10,leiden,6,3636,0.3250825082508251,0.09614292886587937,0.2035217782592601,0.3501100110011001,0.10813242627482754,0.22906365536914908
151669,2,R10,leiden,7,3636,0.3503850385038504,0.11202436022176854,0.23500402729587755,0.36771177117711773,0.1273523815661664,0.2725888730344069
151669,2,R10,leiden,8,3636,0.33608360836083606,0.11021987938495431,0.21540802170836243,0.3586358635863586,0.12960805963441582,0.25923899386858207
151669,2,R10,leiden,9,3636,0.3578107810781078,0.10040336648957168,0.2222620549274421,0.378987898789879,0.12341370969909736,0.26743638328174296
151669,2,R11,kmeans,0,3636,0.3182068206820682,0.05831886179321279,0.2158960448680764,0.33663366336633666,0.06978086667048436,0.25355994838199103
151669,2,R11,kmeans,1,3636,0.323982398239824,0.061821120219262816,0.22212315058207407,0.3402090209020902,0.07461299512229459,0.2581776619772433
151669,2,R11,kmeans,2,3636,0.3201320132013201,0.058532465561284525,0.21579008754731885,0.33773377337733773,0.06936845887546936,0.25348162250153494
151669,2,R11,kmeans,3,3636,0.31765676567656764,0.08471613067939766,0.2161252155394326,0.338008800880088,0.09953302934285188,0.25343101741454965
151669,2,R11,kmeans,4,3636,0.32425742574257427,0.0939838841653168,0.2212445719095838,0.3413091309130913,0.11133834579640021,0.2605892431672087
151669,2,R11,kmeans,5,3636,0.32453245324532454,0.062062665437392486,0.22245864952019326,0.3413091309130913,0.07510515986754433,0.25913051717653907
151669,2,R11,kmeans,6,3636,0.32315731573157314,0.06316956946045324,0.2177864142485985,0.34735973597359737,0.0754880576496933,0.254267216909228
151669,2,R11,kmeans,7,3636,0.3234323432343234,0.060501638273517525,0.21609436952013167,0.3470847084708471,0.07263058220384257,0.2548573060617912
151669,2,R11,kmeans,8,3636,0.3234323432343234,0.06329125361123686,0.21802635333156725,0.34515951595159516,0.07460953888147345,0.2533035231201277
151669,2,R11,kmeans,9,3636,0.32233223322332233,0.061692067920601334,0.21779252241083294,0.34405940594059403,0.07251411260311148,0.25265796154321124
151669,2,R11,gmm,0,3636,0.32288228822882287,0.07733585392961784,0.1547720960347164,0.34845984598459845,0.10447298246788536,0.20317447385293083
151669,2,R11,gmm,1,3636,0.3336083608360836,0.1273911257688139,0.18261659273871877,0.3619361936193619,0.15357063591879655,0.2263794154189479
151669,2,R11,gmm,2,3636,0.37238723872387236,0.13238617749249082,0.15805025696481997,0.408965896589659,0.1685630099282107,0.20776701687851004
151669,2,R11,gmm,3,3636,0.3718371837183718,0.13274161441753213,0.15739807446727286,0.4086908690869087,0.16808262880263417,0.2063048857201315
151669,2,R11,gmm,4,3636,0.3556105610561056,0.12916280861674256,0.16234597306138954,0.38613861386138615,0.16145365188060182,0.20319430864308075
151669,2,R11,gmm,5,3636,0.33195819581958197,0.12874028734384402,0.18156462189758715,0.3641364136413641,0.1578334596867277,0.22740873952128662
151669,2,R11,gmm,6,3636,0.36056105610561057,0.09364800522856163,0.1539838083516735,0.4081408140814081,0.12737783805775302,0.19467632851674538
151669,2,R11,gmm,7,3636,0.3316831683168317,0.08172346754684573,0.15121241811256927,0.3611111111111111,0.10473153275858278,0.19534799050431706
151669,2,R11,gmm,8,3636,0.3039053905390539,0.0730110344019476,0.15730366989726902,0.33305830583058305,0.09058972452254978,0.20063086299136662
151669,2,R11,gmm,9,3636,0.3025302530253025,0.07295551299197464,0.15689319287431405,0.3303080308030803,0.0912355919508271,0.20079024762875375
151669,2,R11,leiden,0,3636,0.38778877887788776,0.11046983449522625,0.2096839617316923,0.426017601760176,0.14003578535557606,0.2598356052761702
151669,2,R11,leiden,1,3636,0.3217821782178218,0.09432305201557845,0.20277325833377763,0.3358085808580858,0.1068658595791246,0.23640933816148033
151669,2,R11,leiden,2,3636,0.3146314631463146,0.0924430514027697,0.20099626930310074,0.341034103410341,0.10871240972855534,0.2358936450732127
151669,2,R11,leiden,3,3636,0.31518151815181517,0.09519551961161891,0.2012104828051948,0.33965896589658967,0.1117035395611102,0.2334017661834061
151669,2,R11,leiden,4,3636,0.3998899889988999,0.12798272414144632,0.21821082640724956,0.4361936193619362,0.1565657336632442,0.26892689217782956
151669,2,R11,leiden,5,3636,0.3116061606160616,0.0652940922127683,0.22103779463443937,0.34378437843784376,0.08439151919359755,0.2693834554261632
151669,2,R11,leiden,6,3636,0.32673267326732675,0.07697424255853622,0.19969544591233307,0.35946094609460943,0.09448878728377895,0.24328590641113987
151669,2,R11,leiden,7,3636,0.33195819581958197,0.12094996100898484,0.20926487895818882,0.3586358635863586,0.13861028123440366,0.24043461671182695
151669,2,R11,leiden,8,3636,0.36853685368536854,0.1134710925078957,0.21135209551539103,0.4034653465346535,0.1339822784614412,0.2581955641408462
151669,2,R11,leiden,9,3636,0.3234323432343234,0.08978842904736127,0.20256524082584204,0.33745874587458746,0.10188477365379142,0.22432735563953274
151670,2,R1,kmeans,0,3484,0.26578645235361653,0.05321941287974249,0.11724814642742717,0.30223880597014924,0.07077054081064985,0.15270330291238204
151670,2,R1,kmeans,1,3484,0.2597588978185993,0.05319491739763681,0.11962406143871478,0.28788748564867966,0.0653601418894683,0.15518863115595974
151670,2,R1,kmeans,2,3484,0.269804822043628,0.061403177818834316,0.1276084025810089,0.3002296211251435,0.07478968005826446,0.1577195823152125
151670,2,R1,kmeans,3,3484,0.2818599311136625,0.06804602865453847,0.11937935451915765,0.3145809414466131,0.08604424891441369,0.15207608974325684
151670,2,R1,kmeans,4,3484,0.2597588978185993,0.05032362945513953,0.11810637206924256,0.2970723306544202,0.06709216162641363,0.15687145410832667
151670,2,R1,kmeans,5,3484,0.27411021814006886,0.06416853273563933,0.11896404242191039,0.2973593570608496,0.0745500323947933,0.14069701588989728
151670,2,R1,kmeans,6,3484,0.2804247990815155,0.05879796016025306,0.12218211015008272,0.3131458094144661,0.07295398372984074,0.15736988699930582
151670,2,R1,kmeans,7,3484,0.2870264064293915,0.06505210325624432,0.1260742456936923,0.3168771526980482,0.07986193237246315,0.15480169408605518
151670,2,R1,kmeans,8,3484,0.2591848450057405,0.049754326263884735,0.1211495910303053,0.2901836969001148,0.05933810615320906,0.15367682663526808
151670,2,R1,kmeans,9,3484,0.26894374282433986,0.06152383659220885,0.11808865299959391,0.2982204362801378,0.08007069554886159,0.15717978710728225
151670,2,R1,gmm,0,3484,0.27497129735935705,0.04107828848569686,0.10205590724370445,0.30137772675086105,0.045599038990007806,0.12983762341758187
151670,2,R1,gmm,1,3484,0.30510907003444315,0.06052007487559803,0.0997800544937824,0.34988518943742825,0.08646802761957342,0.12968891290916787
151670,2,R1,gmm,2,3484,0.30625717566016075,0.06031818686182488,0.10680673268080697,0.350459242250287,0.07874859881729553,0.1473697412734917
151670,2,R1,gmm,3,3484,0.35246842709529275,0.08069445422928949,0.11338680104744821,0.41647531572904706,0.1277538540203233,0.15371792160300796
151670,2,R1,gmm,4,3484,0.32721010332950634,0.05039630333790292,0.08898527691529322,0.3659586681974742,0.06178504893029688,0.1049109403512465
151670,2,R1,gmm,5,3484,0.24827784156142366,0.03401784360041591,0.10018363559366535,0.27497129735935705,0.04064598236603413,0.1324125303581967
151670,2,R1,gmm,6,3484,0.3484500574052813,0.07149322257774994,0.10917776927836902,0.41733639494833524,0.12435067535720058,0.15533208223523434
151670,2,R1,gmm,7,3484,0.3206084959816303,0.03599363068002412,0.10823146535183771,0.3478760045924225,0.055011677749150834,0.14954012944040684
151670,2,R1,gmm,8,3484,0.2634902411021814,0.030793059835631874,0.09657913731162307,0.2769804822043628,0.035091570382138955,0.11781545629238807
151670,2,R1,gmm,9,3484,0.30338691159586684,-0.040552371867312816,0.05327765879476128,0.34242250287026404,-0.04658830602867956,0.08630328501659254
151670,2,R1,leiden,0,3484,0.38978185993111364,0.05097433816904065,0.1054117048646884,0.4560849598163031,0.06811403905656438,0.1659212058106673
151670,2,R1,leiden,1,3484,0.42106773823191734,0.07376804160375257,0.11153810567317592,0.4997129735935706,0.11588908464441375,0.18036574594006616
151670,2,R1,leiden,2,3484,0.4081515499425947,0.07644717768897812,0.11529435835533608,0.4833524684270953,0.11330717661713822,0.1757639791617466
151670,2,R1,leiden,3,3484,0.3912169919632606,0.057552775978482754,0.10656995200264845,0.46039035591274396,0.08050111090629838,0.16489510988367187
151670,2,R1,leiden,4,3484,0.42451205510907003,0.07952377860513507,0.11399307897889653,0.4997129735935706,0.12052229408996726,0.180136211490379
151670,2,R1,leiden,5,3484,0.4153272101033295,0.07873724717181138,0.11180434892760883,0.4896670493685419,0.11853384082158634,0.17387012930952545
151670,2,R1,leiden,6,3484,0.3989667049368542,0.05604675386127301,0.10922272318635091,0.4681400688863375,0.07770780522017347,0.17371090267622014
151670,2,R1,leiden,7,3484,0.41676234213547647,0.07201583729126426,0.10829815751298455,0.4925373134328358,0.11152527971336566,0.17567309295073424
151670,2,R1,leiden,8,3484,0.4225028702640643,0.08002690506463475,0.111647934946638,0.5040183696900115,0.12721601802696872,0.1792860394136212
151670,2,R1,leiden,9,3484,0.4225028702640643,0.07571427377936914,0.10935573076057833,0.49512055109070036,0.11419667246217621,0.17575213777867751
151670,2,R2,kmeans,0,3484,0.2390929965556831,0.013031964314528204,0.1055368794728255,0.2692307692307692,0.01895728317733931,0.1385841482967323
151670,2,R2,kmeans,1,3484,0.23938002296211253,0.014180041710321256,0.10618867796358449,0.269804822043628,0.020074073884299222,0.13943574820262783
151670,2,R2,kmeans,2,3484,0.23823191733639495,0.0129259061226177,0.10543350427200182,0.26894374282433986,0.018953774200090305,0.13860958601684048
151670,2,R2,kmeans,3,3484,0.23823191733639495,0.012943832691062605,0.10562808229744498,0.26836969001148103,0.018815469276916647,0.13851274252403475
151670,2,R2,kmeans,4,3484,0.23938002296211253,0.012474449810189124,0.1052807652273342,0.2700918484500574,0.017472427670903998,0.13689984201611838
151670,2,R2,kmeans,5,3484,0.23880597014925373,0.013012826335119038,0.105350754629521,0.2692307692307692,0.01895728317733931,0.13858414829673227
151670,2,R2,kmeans,6,3484,0.23880597014925373,0.013012826335119038,0.10535075462952101,0.2692307692307692,0.01895728317733931,0.13858414829673224
151670,2,R2,kmeans,7,3484,0.23880597014925373,0.013012826335119038,0.10535075462952097,0.2692307692307692,0.01895728317733931,0.13858414829673227
151670,2,R2,kmeans,8,3484,0.23823191733639495,0.0129259061226177,0.10543350427200184,0.26894374282433986,0.018953774200090305,0.13860958601684042
151670,2,R2,kmeans,9,3484,0.23880597014925373,0.013012826335119038,0.105350754629521,0.2692307692307692,0.01895728317733931,0.13858414829673224
151670,2,R2,gmm,0,3484,0.24167623421354764,0.018204336329181947,0.10658598011454094,0.27324913892078073,0.02602970078433054,0.1403439803424895
151670,2,R2,gmm,1,3484,0.24454649827784156,0.017891704206208014,0.10630243335478679,0.27784156142365096,0.02599348114068728,0.139010377957533
151670,2,R2,gmm,2,3484,0.24425947187141217,0.018785107431948188,0.10689617848111946,0.27238805970149255,0.026096388810146996,0.139716944704903
151670,2,R2,gmm,3,3484,0.24454649827784156,0.017891704206208014,0.10630243335478677,0.27784156142365096,0.02599348114068728,0.139010377957533
151670,2,R2,gmm,4,3484,0.24454649827784156,0.017901845939984506,0.10629596843013217,0.27784156142365096,0.026011396928089077,0.13900701876314672
151670,2,R2,gmm,5,3484,0.24225028702640644,0.01812546706308426,0.1066485235952545,0.2735361653272101,0.025896806653401643,0.14013022296729544
151670,2,R2,gmm,6,3484,0.24167623421354764,0.018253898328777822,0.10654554986612352,0.2735361653272101,0.026068170602182056,0.14037918257346213
151670,2,R2,gmm,7,3484,0.24425947187141217,0.018785107431948188,0.10689617848111949,0.27238805970149255,0.026096388810146996,0.13971694470490306
151670,2,R2,gmm,8,3484,0.24425947187141217,0.018785107431948188,0.10689617848111946,0.27238805970149255,0.026096388810146996,0.139716944704903
151670,2,R2,gmm,9,3484,0.24225028702640644,0.01812546706308426,0.10664852359525448,0.2735361653272101,0.025896806653401643,0.1401302229672954
151670,2,R2,leiden,0,3484,0.24827784156142366,0.012359197346473816,0.1066756298875905,0.2746842709529277,0.02129893971745605,0.14049646062001134
151670,2,R2,leiden,1,3484,0.2643513203214696,0.023587302769205867,0.10858568378831138,0.29219288174512054,0.03787568297303577,0.13529497179535419
151670,2,R2,leiden,2,3484,0.24885189437428243,0.01491701283318458,0.1069951170393924,0.2792766934557979,0.022744235787339973,0.13989091273798102
151670,2,R2,leiden,3,3484,0.22847301951779564,0.026664527566445072,0.10539295093421874,0.24454649827784156,0.03341676784063396,0.11803410201816966
151670,2,R2,leiden,4,3484,0.22531572904707234,0.030437661653688018,0.10272429382577994,0.24052812858783007,0.035250162516794456,0.11400534172711117
151670,2,R2,leiden,5,3484,0.27956371986222733,0.0297899312635525,0.10592996647054827,0.3211825487944891,0.03696982166839027,0.14117814286429306
151670,2,R2,leiden,6,3484,0.2190011481056257,0.029452221504227324,0.10384002862108511,0.23019517795637198,0.03364510220735957,0.1149344137621091
151670,2,R2,leiden,7,3484,0.21354764638346727,0.02586395406974004,0.10250239934804437,0.2267508610792193,0.02910073907844058,0.11415586264503583
151670,2,R2,leiden,8,3484,0.2669345579793341,0.023840717321103457,0.11049320422826882,0.28788748564867966,0.03548149062047604,0.14580099516198725
151670,2,R2,leiden,9,3484,0.21440872560275545,0.026771709590147675,0.10331047780010388,0.22560275545350172,0.03048302833105118,0.11595074409595127
151670,2,R3,kmeans,0,3484,0.5106199770378875,0.2125571317766514,0.205410997426447,0.516073478760046,0.21475148736028893,0.21319585496107493
151670,2,R3,kmeans,1,3484,0.4032721010332951,0.145472770261723,0.24567322350675477,0.40642939150401836,0.15011350948152344,0.2551591043753017
151670,2,R3,kmeans,2,3484,0.42192881745120553,0.1498620634240735,0.24669876427927037,0.42393800229621126,0.15207755462293066,0.2558534153841545
151670,2,R3,kmeans,3,3484,0.4187715269804822,0.1530266806578768,0.2477362329119485,0.42049368541905857,0.1553569417738482,0.2549854218324087
151670,2,R3,kmeans,4,3484,0.417910447761194,0.15256758502846482,0.24804791284047137,0.41991963260619974,0.15479491876479853,0.2555030863789947
151670,2,R3,kmeans,5,3484,0.4187715269804822,0.1530266806578768,0.2477362329119485,0.42049368541905857,0.1553569417738482,0.25498542183240874
151670,2,R3,kmeans,6,3484,0.4222158438576349,0.15019882487236497,0.24646497930057015,0.42393800229621126,0.1521920986364526,0.25551692432394296
151670,2,R3,kmeans,7,3484,0.4187715269804822,0.1530266806578768,0.2477362329119485,0.42049368541905857,0.1553569417738482,0.2549854218324087
151670,2,R3,kmeans,8,3484,0.4161882893226177,0.15208250276454952,0.24760458600580842,0.41819747416762343,0.15449701574820554,0.25519539722932316
151670,2,R3,kmeans,9,3484,0.4187715269804822,0.15304095565614512,0.24648327838589398,0.42049368541905857,0.1553569417738482,0.25498542183240874
151670,2,R3,gmm,0,3484,0.36079219288174513,0.0982149019199904,0.16342721936882668,0.384902411021814,0.1126644341837231,0.18856507666523845
151670,2,R3,gmm,1,3484,0.3559127439724455,0.10502551084056226,0.1469511989655327,0.3780137772675086,0.11496560985683406,0.16084683005393355
151670,2,R3,gmm,2,3484,0.3559127439724455,0.10502551084056226,0.1469511989655327,0.3780137772675086,0.11496560985683406,0.16084683005393355
151670,2,R3,gmm,3,3484,0.3576349024110218,0.10464218712938725,0.14612671783429057,0.37973593570608494,0.11462996766998805,0.159385124304783
151670,2,R3,gmm,4,3484,0.378300803673938,0.09725118869265949,0.1309740921918347,0.3983926521239954,0.11067841858555989,0.1428455612415563
151670,2,R3,gmm,5,3484,0.3559127439724455,0.10502551084056226,0.1469511989655327,0.3780137772675086,0.11496560985683406,0.16084683005393355
151670,2,R3,gmm,6,3484,0.378300803673938,0.0973094230754699,0.13097905653995448,0.3983926521239954,0.11072217045083298,0.14284784466564376
151670,2,R3,gmm,7,3484,0.378300803673938,0.09725118869265949,0.1309740921918347,0.3983926521239954,0.11067841858555989,0.1428455612415563
151670,2,R3,gmm,8,3484,0.378300803673938,0.0973094230754699,0.13097905653995454,0.3983926521239954,0.11072217045083298,0.14284784466564376
151670,2,R3,gmm,9,3484,0.37715269804822044,0.09700729106714323,0.1303946277701932,0.39753157290470725,0.11096354115566362,0.14290129636325538
151670,2,R3,leiden,0,3484,0.3883467278989667,0.14208405899357623,0.22822173286297648,0.3960964408725603,0.14787443104931092,0.24086790314833711
151670,2,R3,leiden,1,3484,0.35361653272101035,0.13536575868486073,0.223155155374697,0.36021814006888636,0.13915386140315156,0.2306082304844548
151670,2,R3,leiden,2,3484,0.3952353616532721,0.14911655778447683,0.23287830487416156,0.40269804822043626,0.15683013056713496,0.24303385851220663
151670,2,R3,leiden,3,3484,0.3894948335246843,0.15373988886797552,0.2263051297879417,0.3969575200918484,0.16062893664545858,0.23553036178970074
151670,2,R3,leiden,4,3484,0.33955223880597013,0.12867370932066052,0.22075582641556138,0.3429965556831229,0.13284430758178015,0.22822744297790576
151670,2,R3,leiden,5,3484,0.3814580941446613,0.15152307374046312,0.23102194165485174,0.3932261768082664,0.16277793161437037,0.24194478054994312
151670,2,R3,leiden,6,3484,0.4090126291618829,0.18711050201616053,0.2349905755941332,0.4184845005740528,0.19552047185569688,0.24748402930338323
151670,2,R3,leiden,7,3484,0.35706084959816303,0.1400821384263292,0.22294911581367297,0.36366245694603905,0.14559059508785172,0.23233420778835429
151670,2,R3,leiden,8,3484,0.37342135476463834,0.13518519908198282,0.22713241768979286,0.38088404133180254,0.13916114634644056,0.23733530033065214
151670,2,R3,leiden,9,3484,0.37629161882893225,0.14623214777778734,0.2264867562511125,0.38662456946039037,0.1534743333866126,0.23481540024791098
151670,2,R4,kmeans,0,3484,0.2944890929965557,0.09538045329776872,0.20884812244037138,0.2993685419058553,0.10048277538301267,0.22781796337775528
151670,2,R4,kmeans,1,3484,0.2947761194029851,0.09541727225178892,0.20884563976497686,0.2993685419058553,0.10048277538301267,0.22781796337775523
151670,2,R4,kmeans,2,3484,0.29535017221584386,0.0955896297962284,0.20927689189216267,0.29965556831228474,0.1005301773266615,0.22782213388545272
151670,2,R4,kmeans,3,3484,0.29420206659012627,0.09547985928354127,0.20910170603769734,0.29879448909299655,0.10047755914297202,0.22787598298787073
151670,2,R4,kmeans,4,3484,0.29420206659012627,0.09552988015530701,0.20899071172495176,0.29879448909299655,0.10047755914297202,0.22787598298787073
151670,2,R4,kmeans,5,3484,0.29535017221584386,0.09532525215877152,0.20811009537183345,0.29879448909299655,0.10073686297756358,0.2274177395215151
151670,2,R4,kmeans,6,3484,0.29420206659012627,0.09552988015530701,0.20899071172495173,0.29879448909299655,0.10047755914297202,0.2278759829878707
151670,2,R4,kmeans,7,3484,0.29420206659012627,0.09547985928354127,0.20910170603769734,0.29879448909299655,0.10047755914297202,0.2278759829878707
151670,2,R4,kmeans,8,3484,0.2944890929965557,0.09441655402200712,0.20859442225211444,0.29879448909299655,0.10009170450910139,0.22810723235779812
151670,2,R4,kmeans,9,3484,0.2947761194029851,0.09541727225178892,0.20884563976497686,0.2993685419058553,0.10048277538301267,0.22781796337775523
151670,2,R4,gmm,0,3484,0.2502870264064294,0.048516183054234954,0.13457039251059794,0.27583237657864523,0.062137866711689194,0.1710416790266089
151670,2,R4,gmm,1,3484,0.2563145809414466,0.017030336818056314,0.10851399941956082,0.2772675086107922,0.025198844010016055,0.144929442801915
151670,2,R4,gmm,2,3484,0.25229621125143514,0.021873505785933865,0.11127927374123926,0.2709529276693456,0.03281207668267491,0.14823474065358563
151670,2,R4,gmm,3,3484,0.25229621125143514,0.022088373794869068,0.11152467128909616,0.2709529276693456,0.03303898228806944,0.14843491877669274
151670,2,R4,gmm,4,3484,0.2502870264064294,0.048516183054234954,0.1345703925105979,0.27583237657864523,0.062137866711689194,0.17104167902660894
151670,2,R4,gmm,5,3484,0.2563145809414466,0.016886180539559655,0.10866962681506087,0.27784156142365096,0.024990907676279626,0.1454492003744899
151670,2,R4,gmm,6,3484,0.25602755453501724,0.016958945043862108,0.10859777042952097,0.2769804822043628,0.0251412178442224,0.14489120153957138
151670,2,R4,gmm,7,3484,0.2502870264064294,0.048516183054234954,0.1345703925105979,0.27583237657864523,0.062137866711689194,0.17104167902660894
151670,2,R4,gmm,8,3484,0.2525832376578645,0.02214793176318826,0.11156143267062493,0.27123995407577495,0.0330800260109846,0.14846701017934108
151670,2,R4,gmm,9,3484,0.2459816303099885,0.010741579485197699,0.10836456020440689,0.26951779563719863,0.018498972807082823,0.1453223720642698
151670,2,R4,leiden,0,3484,0.3312284730195178,0.11222114292122631,0.21056475416830958,0.35017221584385766,0.11992275385341049,0.23880512998014772
151670,2,R4,leiden,1,3484,0.2936280137772675,0.09335361729697146,0.2212849505940929,0.3071182548794489,0.09353925699982021,0.24799312948132757
151670,2,R4,leiden,2,3484,0.3039609644087256,0.0984343172577369,0.20535103395719345,0.31343283582089554,0.1055642971343104,0.23919977329849954
151670,2,R4,leiden,3,3484,0.317451205510907,0.10375301482905915,0.209029215830888,0.3315154994259472,0.10677181256942711,0.22683201618431414
151670,2,R4,leiden,4,3484,0.35849598163031,0.10742531738099323,0.20686213932228875,0.37743972445464985,0.1179536330852169,0.22446164234795082
151670,2,R4,leiden,5,3484,0.33323765786452353,0.12449998213378621,0.21024732955813,0.3605051664753157,0.13483383992127426,0.24231283799169703
151670,2,R4,leiden,6,3484,0.33696900114810563,0.1281086554720588,0.20785414388427462,0.36366245694603905,0.1378634546229739,0.23818852727606546
151670,2,R4,leiden,7,3484,0.33352468427095294,0.1263108378793526,0.20141415993102504,0.35447761194029853,0.13429821516838614,0.2248291578002423
151670,2,R4,leiden,8,3484,0.30625717566016075,0.10622199694753874,0.22575024404860455,0.330654420206659,0.11404341160393784,0.25459867929629004
151670,2,R4,leiden,9,3484,0.30970149253731344,0.12636665847849576,0.198068040565334,0.32893226176808266,0.13225224138356836,0.2246952180336268
151670,2,R5,kmeans,0,3484,0.3889207807118255,0.14179070608046693,0.21447694104530107,0.39552238805970147,0.14333792665924258,0.23390672301516308
151670,2,R5,kmeans,1,3484,0.3943742824339839,0.14652167752371753,0.21839220496451678,0.4012629161882893,0.14829618961758503,0.23784553949035978
151670,2,R5,kmeans,2,3484,0.3943742824339839,0.14680536023347052,0.21796707673537274,0.4015499425947187,0.14920507026755472,0.239386438502266
151670,2,R5,kmeans,3,3484,0.39293915040183697,0.14614925353703487,0.21580277760150757,0.39982778415614234,0.14835163478260643,0.23610236322332143
151670,2,R5,kmeans,4,3484,0.39466130884041334,0.14664342448160378,0.21860539872789644,0.4015499425947187,0.14856381800632035,0.2383506503209259
151670,2,R5,kmeans,5,3484,0.3943742824339839,0.1467366383390573,0.2179613050176882,0.4015499425947187,0.14908609619446767,0.23934952847860438
151670,2,R5,kmeans,6,3484,0.3932261768082664,0.14673721538264511,0.2162931188392195,0.40011481056257175,0.1486898067832618,0.23616177125859153
151670,2,R5,kmeans,7,3484,0.39293915040183697,0.14662408312976896,0.21612244928289523,0.39925373134328357,0.14823712853669133,0.23563897386476135
151670,2,R5,kmeans,8,3484,0.43828932261768083,0.09441286240881822,0.18304532341157903,0.4555109070034443,0.10828582883447636,0.2087388727796043
151670,2,R5,kmeans,9,3484,0.3917910447761194,0.1439287968000113,0.2148075055877703,0.3983926521239954,0.14552573566228807,0.2340153513699102
151670,2,R5,gmm,0,3484,0.24512055109070036,0.024535690702287654,0.10577136798220013,0.27324913892078073,0.0312949180288455,0.13322917798212244
151670,2,R5,gmm,1,3484,0.264638346727899,0.027711076620920462,0.10772016501889249,0.29850746268656714,0.03741923163941897,0.14376251463387074
151670,2,R5,gmm,2,3484,0.2431113662456946,0.0184332858478149,0.10640144357653272,0.2738231917336395,0.023185545227206724,0.14120749297950508
151670,2,R5,gmm,3,3484,0.2563145809414466,0.017918219159051407,0.10739221757409859,0.28214695752009183,0.025458682100398266,0.1434625692880475
151670,2,R5,gmm,4,3484,0.2574626865671642,0.023117229175800384,0.10564763390864881,0.2855912743972445,0.030029648179841394,0.13635546672477808
151670,2,R5,gmm,5,3484,0.2574626865671642,0.023117229175800384,0.10564763390864883,0.2855912743972445,0.030029648179841394,0.13635546672477805
151670,2,R5,gmm,6,3484,0.2462686567164179,0.022046631406788676,0.10558990429918806,0.27611940298507465,0.027982841513314677,0.136026894888684
151670,2,R5,gmm,7,3484,0.24512055109070036,0.024630038812385353,0.10559723039398301,0.2729621125143513,0.03127250249054423,0.13380317670239802
151670,2,R5,gmm,8,3484,0.2563145809414466,0.017918219159051407,0.1073922175740986,0.28214695752009183,0.025458682100398266,0.14346256928804746
151670,2,R5,gmm,9,3484,0.2462686567164179,0.023513426812530425,0.1075369679951026,0.2738231917336395,0.03222156911906896,0.141299253686576
151670,2,R5,leiden,0,3484,0.343857634902411,0.09590001880228485,0.2199449510595555,0.3576349024110218,0.09649803571530807,0.24738994899235295
151670,2,R5,leiden,1,3484,0.31917336394948337,0.10622804687027208,0.22772027136765985,0.32347876004592424,0.10416864543915608,0.245183901500178
151670,2,R5,leiden,2,3484,0.2970723306544202,0.08228189457024394,0.21865132519871047,0.30252583237657865,0.08023764867148604,0.23653060148081803
151670,2,R5,leiden,3,3484,0.3145809414466131,0.10730349544498838,0.2230642580352047,0.31544202066590127,0.10372921252039119,0.24261239900069045
151670,2,R5,leiden,4,3484,0.3220436280137773,0.1052841582874063,0.23100056687927475,0.3366819747416762,0.11107804790001534,0.2622240429607343
151670,2,R5,leiden,5,3484,0.3246268656716418,0.1019274111024755,0.22403110550506897,0.33295063145809417,0.09954069737699378,0.2440539449605365
151670,2,R5,leiden,6,3484,0.4070034443168771,0.16154175330661477,0.21512767603337854,0.42652123995407576,0.1816820652495618,0.2393842231044448
151670,2,R5,leiden,7,3484,0.31802525832376577,0.12843464468119117,0.2199153252941755,0.32950631458094143,0.1285038936681198,0.24032325227072995
151670,2,R5,leiden,8,3484,0.3142939150401837,0.11978933717810497,0.21431049200277796,0.34012629161882896,0.13054138731099382,0.23489018349655727
151670,2,R5,leiden,9,3484,0.36739380022962115,0.12336275699085301,0.21483365219767903,0.3917910447761194,0.1449869557100223,0.2344983599282489
151670,2,R6,kmeans,0,3484,0.3889207807118255,0.14176078451887567,0.21448515832418447,0.39552238805970147,0.14333792665924258,0.23390672301516308
151670,2,R6,kmeans,1,3484,0.39293915040183697,0.14608050307679943,0.2157973513808757,0.39982778415614234,0.14823259726213825,0.23606628967750543
151670,2,R6,kmeans,2,3484,0.3943742824339839,0.14680536023347052,0.21796707673537274,0.4015499425947187,0.14920507026755472,0.239386438502266
151670,2,R6,kmeans,3,3484,0.39293915040183697,0.14614925353703487,0.21580277760150757,0.39982778415614234,0.14835163478260643,0.23610236322332143
151670,2,R6,kmeans,4,3484,0.3943742824339839,0.14652167752371753,0.21839220496451678,0.4012629161882893,0.14829618961758503,0.23784553949035978
151670,2,R6,kmeans,5,3484,0.39293915040183697,0.14572603493471553,0.21585534673576334,0.399540757749713,0.1474360811849567,0.23538416250066138
151670,2,R6,kmeans,6,3484,0.4362801377726751,0.09338746268234813,0.18312600819801614,0.45149253731343286,0.10465185111860056,0.20720181601098014
151670,2,R6,kmeans,7,3484,0.39293915040183697,0.14662408312976896,0.21612244928289523,0.39925373134328357,0.14823712853669133,0.23563897386476135
151670,2,R6,kmeans,8,3484,0.3912169919632606,0.1438676406745739,0.21517296319328624,0.3978185993111366,0.14524683683008832,0.23388855106893455
151670,2,R6,kmeans,9,3484,0.3917910447761194,0.1439287968000113,0.2148075055877703,0.3983926521239954,0.14552573566228807,0.2340153513699102
151670,2,R6,gmm,0,3484,0.33266360505166476,0.07698690232362695,0.12378192664906942,0.3613662456946039,0.09205048116448629,0.1497515014035802
151670,2,R6,gmm,1,3484,0.371699196326062,0.12049020696522389,0.15925993843234482,0.40097588978185994,0.13640455464816045,0.17528788015926008
151670,2,R6,gmm,2,3484,0.3820321469575201,0.11997177216281989,0.16265489022991178,0.419345579793341,0.152334569845036,0.20021548395043465
151670,2,R6,gmm,3,3484,0.3943742824339839,0.1084722007219752,0.14776168157063962,0.4285304247990815,0.14450036750121678,0.1829785327867536
151670,2,R6,gmm,4,3484,0.371699196326062,0.12060762109562642,0.1592784935121606,0.40097588978185994,0.13640455464816045,0.17528788015926008
151670,2,R6,gmm,5,3484,0.3676808266360505,0.11922380062225306,0.15936703991150672,0.3958094144661309,0.1336352730979293,0.17494438167886125
151670,2,R6,gmm,6,3484,0.3811710677382319,0.11915588677072309,0.16189947660145135,0.4187715269804822,0.15204018902837746,0.19995520657783905
151670,2,R6,gmm,7,3484,0.3694029850746269,0.10450659214953596,0.1334603056546479,0.39552238805970147,0.11753598170237405,0.15376378914695965
151670,2,R6,gmm,8,3484,0.3949483352468427,0.10829103111183351,0.14752106755638011,0.4296785304247991,0.14412308657688658,0.18295950422853605
151670,2,R6,gmm,9,3484,0.3949483352468427,0.10825025703279904,0.14731888790098294,0.4296785304247991,0.14412308657688658,0.18295950422853605
151670,2,R6,leiden,0,3484,0.3036739380022962,0.10846390971699744,0.21227898039914123,0.30338691159586684,0.10388708787106293,0.22945279997965307
151670,2,R6,leiden,1,3484,0.3142939150401837,0.12060625585086786,0.21368719053825472,0.33438576349024113,0.127473382695394,0.23160853910121987
151670,2,R6,leiden,2,3484,0.3145809414466131,0.10902758830127458,0.22175124061762763,0.3338117106773823,0.11179850704088831,0.2493920877645488
151670,2,R6,leiden,3,3484,0.30797933409873707,0.11828351229142602,0.21340825321608226,0.3277841561423651,0.12501999352713672,0.23161079075076405
151670,2,R6,leiden,4,3484,0.31228473019517794,0.11235408827198022,0.2175739469301257,0.3183122847301952,0.11464703462010707,0.23986423421231062
151670,2,R6,leiden,5,3484,0.31544202066590127,0.10908575331472922,0.21699704831272526,0.3257749712973594,0.11036739228852428,0.24051974740310014
151670,2,R6,leiden,6,3484,0.2956371986222732,0.11126209000378799,0.21129985354575287,0.31343283582089554,0.11785416429741843,0.2298640609411711
151670,2,R6,leiden,7,3484,0.3131458094144661,0.12314262402282408,0.2205587947833252,0.324052812858783,0.12218790642139526,0.23864367880027948
151670,2,R6,leiden,8,3484,0.3142939150401837,0.1170785374985848,0.22094662760440176,0.33237657864523534,0.12065981852365683,0.2391371250152344
151670,2,R6,leiden,9,3484,0.3231917336394948,0.12287164531016119,0.22564407885409865,0.33926521239954077,0.12401369840623587,0.2506745504995135
151670,2,R7,kmeans,0,3484,0.2654994259471871,0.04076116013105532,0.11231575992910356,0.2898966704936854,0.05056403815162651,0.139086764852829
151670,2,R7,kmeans,1,3484,0.2654994259471871,0.04076116013105532,0.11231575992910357,0.2898966704936854,0.05056403815162651,0.13908676485282895
151670,2,R7,kmeans,2,3484,0.26406429391504016,0.040057742807581474,0.11303895058996742,0.28846153846153844,0.05007285205605094,0.14040791416494786
151670,2,R7,kmeans,3,3484,0.2637772675086108,0.039858430877542275,0.11270393142453221,0.28846153846153844,0.05017134367959474,0.13997066136923966
151670,2,R7,kmeans,4,3484,0.2654994259471871,0.04076116013105532,0.11231575992910356,0.2898966704936854,0.05056403815162651,0.139086764852829
151670,2,R7,kmeans,5,3484,0.26406429391504016,0.04013145984808626,0.11312077629192833,0.28846153846153844,0.049878843765642576,0.14032674803812978
151670,2,R7,kmeans,6,3484,0.2617680826636051,0.03821546592820995,0.11314845539013618,0.2818599311136625,0.048245223605908986,0.13823047188880175
151670,2,R7,kmeans,7,3484,0.26836969001148103,0.03966921886074395,0.11255504215775297,0.2936280137772675,0.04991051172591482,0.14089164930289597
151670,2,R7,kmeans,8,3484,0.2654994259471871,0.04002290216741156,0.11249009929404775,0.2907577497129736,0.050105875419553594,0.13897735669274702
151670,2,R7,kmeans,9,3484,0.2680826636050517,0.039624927848281616,0.11244689465936762,0.29334098737083814,0.04984368764729166,0.14053752406758602
151670,2,R7,gmm,0,3484,0.2706659012629162,0.055139093640209524,0.10883351440437575,0.2967853042479908,0.06774863607770626,0.12568050863620117
151670,2,R7,gmm,1,3484,0.26865671641791045,0.053185289339136105,0.10866761186058542,0.2973593570608496,0.06707691911012352,0.12732090128214138
151670,2,R7,gmm,2,3484,0.2936280137772675,0.06265111183056128,0.10749951395309172,0.33438576349024113,0.08606645921840278,0.12687305381728153
151670,2,R7,gmm,3,3484,0.27238805970149255,0.0543883646616466,0.10905122956817638,0.30137772675086105,0.06966887299648886,0.12764220266622597
151670,2,R7,gmm,4,3484,0.2729621125143513,0.054654028123501515,0.10941907027076572,0.30223880597014924,0.07003109414519816,0.12820816603776447
151670,2,R7,gmm,5,3484,0.2936280137772675,0.06279802807942371,0.10771874232631319,0.33438576349024113,0.08625668510184,0.12713370494313314
151670,2,R7,gmm,6,3484,0.2468427095292767,0.052738027676374095,0.1089784328464202,0.26578645235361653,0.0644070669278542,0.12754674534594054
151670,2,R7,gmm,7,3484,0.3039609644087256,0.06425976191047597,0.1093464305447797,0.34902411021814006,0.09304706095630531,0.1321440645432575
151670,2,R7,gmm,8,3484,0.2936280137772675,0.06279802807942371,0.10771874232631319,0.33438576349024113,0.08625668510184,0.12713370494313314
151670,2,R7,gmm,9,3484,0.2927669345579793,0.06250179577396649,0.10685976059300856,0.33237657864523534,0.0847628963876673,0.12641097276893096
151670,2,R7,leiden,0,3484,0.2666475315729047,0.07137654930540692,0.1081359581119491,0.2835820895522388,0.08774215659918548,0.12865642436808739
151670,2,R7,leiden,1,3484,0.2669345579793341,0.05334018497515408,0.10146544817060538,0.2970723306544202,0.06901853422949478,0.11792989811911643
151670,2,R7,leiden,2,3484,0.2603329506314581,0.0612562192707741,0.10614490232710576,0.27898966704936856,0.07236850702540992,0.12247317904364162
151670,2,R7,leiden,3,3484,0.27152698048220436,0.06306309404072138,0.10631291197677005,0.30137772675086105,0.08362382767411253,0.12795094410793995
151670,2,R7,leiden,4,3484,0.28530424799081516,0.06706300802799245,0.10958393018571885,0.29965556831228474,0.08024747344578158,0.13290775687331938
151670,2,R7,leiden,5,3484,0.26234213547646384,0.06072844298329076,0.10921375148014748,0.284443168771527,0.07628036451075661,0.12931439214135934
151670,2,R7,leiden,6,3484,0.2537313432835821,0.054397780401441186,0.10577839632593337,0.26894374282433986,0.06409287890440193,0.12226202603312569
151670,2,R7,leiden,7,3484,0.23478760045924224,0.05595111922594768,0.104222487305315,0.25172215843857637,0.06738283127602417,0.1191890131984122
151670,2,R7,leiden,8,3484,0.24712973593570609,0.04962824399647295,0.10531121053297612,0.27210103329506313,0.05992042344710249,0.12144938957933489
151670,2,R7,leiden,9,3484,0.2462686567164179,0.05529922411983044,0.0999869105272727,0.2703788748564868,0.0677915283725036,0.11291048445554587
151670,2,R8,kmeans,0,3484,0.30597014925373134,0.04694861522032695,0.1525844532284389,0.31974741676234214,0.05338644567871544,0.17254959038615766
151670,2,R8,kmeans,1,3484,0.28530424799081516,0.053301927632311376,0.157378000868147,0.2927669345579793,0.05983218645843179,0.17714617046663564
151670,2,R8,kmeans,2,3484,0.27841561423650973,0.05415354683598216,0.15321478277632772,0.2864523536165327,0.060561749186760924,0.17073710872729875
151670,2,R8,kmeans,3,3484,0.3056831228473019,0.04834018235691287,0.1525615208626851,0.31974741676234214,0.05439362071521971,0.17159214620277527
151670,2,R8,kmeans,4,3484,0.3048220436280138,0.04869604721492465,0.15366276926708,0.31974741676234214,0.05514564011519942,0.17219165352471463
151670,2,R8,kmeans,5,3484,0.2798507462686567,0.053212655771324904,0.15372231160881608,0.2838691159586682,0.059933164718375974,0.17194454003867266
151670,2,R8,kmeans,6,3484,0.30510907003444315,0.048250215471856976,0.15406150488564768,0.31917336394948337,0.05375756466754929,0.1715412378985689
151670,2,R8,kmeans,7,3484,0.27841561423650973,0.053745099163702056,0.15219598924447994,0.28788748564867966,0.061200099463297325,0.171079153363361
151670,2,R8,kmeans,8,3484,0.3030998851894374,0.04537972591078216,0.15270876929251007,0.31630309988518945,0.050404712939715816,0.17169748348297859
151670,2,R8,kmeans,9,3484,0.29621125143513205,0.04441340718185758,0.15138175387592712,0.3082663605051665,0.04887636783626214,0.1679708096637104
151670,2,R8,gmm,0,3484,0.3266360505166475,0.0980414455822668,0.1830797282710714,0.34357060849598164,0.11172648404167423,0.20757868205663782
151670,2,R8,gmm,1,3484,0.32893226176808266,0.09868155446737624,0.18449609006849035,0.3487370838117107,0.11466230595730603,0.2046617351031654
151670,2,R8,gmm,2,3484,0.3269230769230769,0.09822544270311498,0.1831646719286327,0.3441446613088404,0.11198595416235037,0.2075989353391839
151670,2,R8,gmm,3,3484,0.3349598163030999,0.08299658870172948,0.18566197324795847,0.34902411021814006,0.08949072894245633,0.2088448755235494
151670,2,R8,gmm,4,3484,0.3719862227324914,0.11757432621852587,0.19666442513355173,0.38547646383467277,0.1281285207515555,0.2135653571079051
151670,2,R8,gmm,5,3484,0.32950631458094143,0.09870087366082204,0.184027141759961,0.34959816303099883,0.1146709602464167,0.2037084296780622
151670,2,R8,gmm,6,3484,0.371699196326062,0.11740380820162523,0.19414938213082242,0.3840413318025258,0.12700116575713055,0.20972771417515898
151670,2,R8,gmm,7,3484,0.32807118254879447,0.08240900196018033,0.16999792698687285,0.3481630309988519,0.08940611355864439,0.1860128910574978
151670,2,R8,gmm,8,3484,0.37256027554535015,0.11801033878976129,0.19438334000534518,0.38547646383467277,0.1280555523600604,0.21017825266429743
151670,2,R8,gmm,9,3484,0.32950631458094143,0.09889547777341771,0.1844516765259528,0.34959816303099883,0.11506327918686665,0.20461828336352217
151670,2,R8,leiden,0,3484,0.34242250287026404,0.12804954800710644,0.20680785640338167,0.3556257175660161,0.1404553437974952,0.23086104901444424
151670,2,R8,leiden,1,3484,0.36366245694603905,0.13209952643504064,0.2201840132397657,0.378300803673938,0.1458270363794263,0.24913928775062608
151670,2,R8,leiden,2,3484,0.3550516647531573,0.10070288470989523,0.21430113813154472,0.3688289322617681,0.1084250296345302,0.24033850240487195
151670,2,R8,leiden,3,3484,0.31802525832376577,0.11611186515757924,0.20130380701805606,0.32634902411021816,0.12440055443295686,0.22073978128070185
151670,2,R8,leiden,4,3484,0.3579219288174512,0.11132195234796505,0.2233652037529774,0.3705510907003444,0.12394321579646198,0.2504246310125472
151670,2,R8,leiden,5,3484,0.31544202066590127,0.10749609897359323,0.1932095433725758,0.32347876004592424,0.1156620703427233,0.21021078315208222
151670,2,R8,leiden,6,3484,0.3516073478760046,0.10388070638801494,0.22547851708463418,0.36538461538461536,0.11523123677370453,0.2550604101034868
151670,2,R8,leiden,7,3484,0.33983926521239954,0.1212471141513545,0.1920713012334754,0.34615384615384615,0.12875076826540577,0.2057890891348875
151670,2,R8,leiden,8,3484,0.3283582089552239,0.10134810088976534,0.19849026388434352,0.33955223880597013,0.10965184293302789,0.2124397574542788
151670,2,R8,leiden,9,3484,0.3056831228473019,0.09221987802351057,0.20356706826210225,0.3102755453501722,0.0964352960980173,0.2206950548482014
151670,2,R9,kmeans,0,3484,0.32950631458094143,0.08076070395272814,0.1806591499262162,0.34902411021814006,0.10001292245320637,0.2248337537204225
151670,2,R9,kmeans,1,3484,0.3237657864523536,0.07721523218103456,0.18051126330679565,0.3513203214695752,0.09484416814489713,0.22065531122124615
151670,2,R9,kmeans,2,3484,0.330654420206659,0.08088602284229861,0.18125220028696853,0.350459242250287,0.09940230024861087,0.22485171375864735
151670,2,R9,kmeans,3,3484,0.33180252583237657,0.079737930845749,0.18158180242215607,0.3530424799081516,0.09780868809998809,0.22389808370734543
151670,2,R9,kmeans,4,3484,0.32520091848450056,0.07872667188468384,0.18146546846123424,0.35447761194029853,0.10056492967109085,0.22433860720543378
151670,2,R9,kmeans,5,3484,0.324052812858783,0.07811388073054658,0.1814697521654078,0.35361653272101035,0.09831577896295808,0.2237233731497729
151670,2,R9,kmeans,6,3484,0.3246268656716418,0.07864911258624388,0.18187666293156257,0.35275545350172216,0.09813566417392772,0.22338530662730874
151670,2,R9,kmeans,7,3484,0.32520091848450056,0.07777485313965352,0.18162079476312412,0.3521814006888634,0.09893342558103216,0.2246434840414857
151670,2,R9,kmeans,8,3484,0.330654420206659,0.07994961137570043,0.18042679842032214,0.351894374282434,0.0989855046224606,0.22374711739084177
151670,2,R9,kmeans,9,3484,0.3315154994259472,0.0795521813967725,0.1812588123041911,0.3530424799081516,0.09770443063555949,0.22356696842393883
151670,2,R9,gmm,0,3484,0.30510907003444315,0.0930327307610045,0.17515235544484684,0.3257749712973594,0.10443316565352084,0.2053557757439142
151670,2,R9,gmm,1,3484,0.3639494833524684,0.13511448027174064,0.1852006718714746,0.3886337543053961,0.16406992555295613,0.22748163478893904
151670,2,R9,gmm,2,3484,0.35332950631458093,0.10782877482303445,0.18691951775809473,0.39006888633754305,0.13390468451269133,0.23816305936233492
151670,2,R9,gmm,3,3484,0.35332950631458093,0.10784698545481189,0.18662573104717564,0.39006888633754305,0.13407085101977642,0.23803018306400694
151670,2,R9,gmm,4,3484,0.35332950631458093,0.10786763387757144,0.18612516654566078,0.39006888633754305,0.1339050950868052,0.2367956038599815
151670,2,R9,gmm,5,3484,0.3530424799081516,0.10774335696970605,0.18691447878223125,0.38920780711825487,0.13380244208615258,0.23672353845865612
151670,2,R9,gmm,6,3484,0.3530424799081516,0.10774335696970605,0.1869144787822313,0.38920780711825487,0.13380244208615258,0.23672353845865612
151670,2,R9,gmm,7,3484,0.35361653272101035,0.10818163653357907,0.18625079787909427,0.39035591274397247,0.13397211156899105,0.2366134706125992
151670,2,R9,gmm,8,3484,0.35447761194029853,0.10898306667638023,0.18678292437836141,0.3917910447761194,0.1351797917667619,0.23735820112288283
151670,2,R9,gmm,9,3484,0.36538461538461536,0.1170479429395614,0.180627369581671,0.4087256027554535,0.1467434166571497,0.22174350911516738
151670,2,R9,leiden,0,3484,0.3705510907003444,0.11036879647221286,0.18603490197835296,0.4081515499425947,0.1431089040009182,0.23283832168368918
151670,2,R9,leiden,1,3484,0.35074626865671643,0.09394259238065027,0.18543564192044143,0.37657864523536166,0.116954758177065,0.23022042549150265
151670,2,R9,leiden,2,3484,0.40729047072330654,0.13511881250170202,0.18066033966550515,0.45149253731343286,0.18464958711942062,0.22702059715849618
151670,2,R9,leiden,3,3484,0.4024110218140069,0.12454809807611242,0.1921936682348446,0.4480482204362801,0.17432622178751758,0.24685962316411597
151670,2,R9,leiden,4,3484,0.34242250287026404,0.0851018130339231,0.1713178175386718,0.3748564867967853,0.11437202949122054,0.21737983881679185
151670,2,R9,leiden,5,3484,0.4357060849598163,0.1211282818108184,0.17386541853350101,0.47675086107921927,0.17227874917933642,0.2170179563077955
151670,2,R9,leiden,6,3484,0.3989667049368542,0.09448165341583765,0.152495025411514,0.4431687715269805,0.14233526507122754,0.19465948060044352
151670,2,R9,leiden,7,3484,0.35706084959816303,0.09150886111472319,0.19330223193098203,0.3820321469575201,0.1138207752354699,0.23778903876574606
151670,2,R9,leiden,8,3484,0.4672789896670494,0.160919717059563,0.18685351487331892,0.501435132032147,0.21273595019132907,0.23522522381016558
151670,2,R9,leiden,9,3484,0.3513203214695752,0.09551500715183923,0.1752054752129441,0.38662456946039037,0.1278475779450193,0.21783846203903814
151670,2,R10,kmeans,0,3484,0.32233065442020664,0.07189494523939395,0.18011085745886835,0.33696900114810563,0.08058757833197161,0.21737887452364643
151670,2,R10,kmeans,1,3484,0.3211825487944891,0.07225509295878747,0.18055403717393345,0.33926521239954077,0.08249342337018166,0.2204269701838932
151670,2,R10,kmeans,2,3484,0.3303673938002296,0.0637856467759426,0.17515002842163419,0.3550516647531573,0.07815644792266227,0.21501977022654206
151670,2,R10,kmeans,3,3484,0.3208955223880597,0.06513428465517261,0.17593527059849495,0.3349598163030999,0.07253021262659277,0.20758904563908778
151670,2,R10,kmeans,4,3484,0.32721010332950634,0.06703426731339836,0.17496453801758852,0.3481630309988519,0.07920022885540055,0.2123899646816947
151670,2,R10,kmeans,5,3484,0.32548794489092997,0.07087429423123948,0.17617382369759152,0.343857634902411,0.08250291426097836,0.21676666371994147
151670,2,R10,kmeans,6,3484,0.3168771526980482,0.07306034958113902,0.18302380266064078,0.3349598163030999,0.0855223191738125,0.22477054032683175
151670,2,R10,kmeans,7,3484,0.330654420206659,0.06793492324626824,0.17717049415668462,0.351894374282434,0.08121422128597332,0.21538986184122982
151670,2,R10,kmeans,8,3484,0.324052812858783,0.07082600265933747,0.17794002684117802,0.3418484500574053,0.08156162388831961,0.21623275584773385
151670,2,R10,kmeans,9,3484,0.32921928817451207,0.06543784711811561,0.17462418773505858,0.35275545350172216,0.07827284891357325,0.21173514829212808
151670,2,R10,gmm,0,3484,0.32347876004592424,0.07838109208443045,0.11853537047792492,0.3694029850746269,0.10939577969586778,0.13744988416348516
151670,2,R10,gmm,1,3484,0.3249138920780712,0.08294641491746568,0.11992262003846656,0.371699196326062,0.11735212707417213,0.13904932265985703
151670,2,R10,gmm,2,3484,0.32721010332950634,0.08547128253051081,0.11994245121999109,0.37743972445464985,0.12273345548349898,0.1392234466510289
151670,2,R10,gmm,3,3484,0.32261768082663606,0.08282249290234033,0.12010006001191881,0.37256027554535015,0.11904327375284068,0.14060439922521262
151670,2,R10,gmm,4,3484,0.3249138920780712,0.08294641491746568,0.11992262003846656,0.371699196326062,0.11735212707417213,0.13904932265985706
151670,2,R10,gmm,5,3484,0.3142939150401837,0.074812224139056,0.11896839188110352,0.3605051664753157,0.10823866675561417,0.14493694025836174
151670,2,R10,gmm,6,3484,0.3246268656716418,0.08284795239192237,0.11980333638174646,0.3711251435132032,0.11724994488245136,0.13906644266754897
151670,2,R10,gmm,7,3484,0.3269230769230769,0.0852964650814912,0.12000784294527973,0.37743972445464985,0.12197856884962657,0.13916077824615888
151670,2,R10,gmm,8,3484,0.3249138920780712,0.08304961552637881,0.11973155665855273,0.3719862227324914,0.1177100534330862,0.13887977191312081
151670,2,R10,gmm,9,3484,0.3048220436280138,0.0786442627413051,0.11628562052271887,0.3429965556831229,0.10363201943146498,0.1325358032959757
151670,2,R10,leiden,0,3484,0.31917336394948337,0.0754009647683294,0.16499456904196486,0.3412743972445465,0.09668604068074561,0.20795703671795457
151670,2,R10,leiden,1,3484,0.3475889781859931,0.06252512246947088,0.15065391006003015,0.37083811710677383,0.07756517674402463,0.1841048018218862
151670,2,R10,leiden,2,3484,0.27210103329506313,0.03508200240202743,0.15280446657092145,0.284443168771527,0.03979982254429342,0.18272834787410586
151670,2,R10,leiden,3,3484,0.3206084959816303,0.07056290707909713,0.16599990609050935,0.34988518943742825,0.08751057772937594,0.2061082653294585
151670,2,R10,leiden,4,3484,0.31917336394948337,0.07780089115088053,0.1766096869208391,0.34730195177956374,0.09792782100927068,0.22247315807157117
151670,2,R10,leiden,5,3484,0.3582089552238806,0.06676110297283441,0.15956126903081103,0.38375430539609645,0.08560332053649651,0.19610614485937164
151670,2,R10,leiden,6,3484,0.35361653272101035,0.06311010386019195,0.1486855015892972,0.3823191733639495,0.08409194144443435,0.18524831267787423
151670,2,R10,leiden,7,3484,0.36911595866819746,0.07099452398001113,0.15665063885067684,0.3978185993111366,0.09720981593213299,0.1902019546666502
151670,2,R10,leiden,8,3484,0.3269230769230769,0.07943209694388097,0.1742371201533287,0.3559127439724455,0.1001137874031727,0.2218597035276901
151670,2,R10,leiden,9,3484,0.3102755453501722,0.07712766834273892,0.18305183910427364,0.3283582089552239,0.0930370273951551,0.22414296370750328
151670,2,R11,kmeans,0,3484,0.3277841561423651,0.06553215887142208,0.17428926729446773,0.3516073478760046,0.07887108923215834,0.2118843721192296
151670,2,R11,kmeans,1,3484,0.32520091848450056,0.0736576220122114,0.18004325518150954,0.3441446613088404,0.08539378900610871,0.2206180087074718
151670,2,R11,kmeans,2,3484,0.3303673938002296,0.06574920011316758,0.17557381148865464,0.35447761194029853,0.07964136747755798,0.21498172240388333
151670,2,R11,kmeans,3,3484,0.32893226176808266,0.06518096894959131,0.17451088968749034,0.3541905855338691,0.0796203035647663,0.2145870608526204
151670,2,R11,kmeans,4,3484,0.3237657864523536,0.06535409368998553,0.1770025360912124,0.3429965556831229,0.07487422840372934,0.21207646729530338
151670,2,R11,kmeans,5,3484,0.32950631458094143,0.06807367080379026,0.17512588615178118,0.3516073478760046,0.0816488178126041,0.21361936669024376
151670,2,R11,kmeans,6,3484,0.31917336394948337,0.06964992962119797,0.17824405429935739,0.33639494833524686,0.07960976331143109,0.21776549770161469
151670,2,R11,kmeans,7,3484,0.32921928817451207,0.065914888023052,0.17453576847872415,0.35275545350172216,0.07911099567546594,0.21202182024491592
151670,2,R11,kmeans,8,3484,0.3277841561423651,0.06646815166115097,0.17673983712225844,0.3516073478760046,0.07834122054212155,0.2154977867215356
151670,2,R11,kmeans,9,3484,0.32548794489092997,0.06892783741471573,0.1727584792896756,0.3467278989667049,0.0802369451740479,0.20892397598831192
151670,2,R11,gmm,0,3484,0.3312284730195178,0.0872907396629986,0.13896432471855946,0.3610792192881745,0.11236780894592248,0.17934630442292784
151670,2,R11,gmm,1,3484,0.34529276693455796,0.09613965724738269,0.1567088625063267,0.37715269804822044,0.12471022614390474,0.1844475861895225
151670,2,R11,gmm,2,3484,0.3458668197474168,0.09631872047486045,0.15673374667571768,0.37743972445464985,0.12446179511351937,0.18413238660811834
151670,2,R11,gmm,3,3484,0.3487370838117107,0.09881804537814745,0.16114886007237164,0.38260619977037885,0.12863725300375456,0.19054671652598532
151670,2,R11,gmm,4,3484,0.33639494833524686,0.09137281052067465,0.14652168694705855,0.3688289322617681,0.12211745771348,0.1820723654592193
151670,2,R11,gmm,5,3484,0.34730195177956374,0.09780052518825486,0.15979277814978798,0.38002296211251435,0.12664024503348212,0.18864709247945452
151670,2,R11,gmm,6,3484,0.3455797933409874,0.09586575389262222,0.15625382186439715,0.37743972445464985,0.12399460657971581,0.18367818739848063
151670,2,R11,gmm,7,3484,0.3455797933409874,0.09814258408630898,0.1592779366308386,0.37629161882893225,0.1258198740197358,0.18794025960469388
151670,2,R11,gmm,8,3484,0.3450057405281286,0.09622808403569148,0.15675242331154288,0.37657864523536166,0.124506937694146,0.1846748843705885
151670,2,R11,gmm,9,3484,0.3788748564867968,0.13635523535038577,0.1750942970688817,0.3943742824339839,0.17790527121664018,0.21383372234860556
151670,2,R11,leiden,0,3484,0.33639494833524686,0.08024135824394267,0.17988524886757795,0.3579219288174512,0.09912836262854254,0.22263418211389338
151670,2,R11,leiden,1,3484,0.45464982778415614,0.13928837171340067,0.1732271802511865,0.48593570608495984,0.18019838976217128,0.2186747606068165
151670,2,R11,leiden,2,3484,0.34443168771526983,0.04507507629733972,0.14293474828703945,0.36653272101033296,0.06014934199236618,0.17655755577410714
151670,2,R11,leiden,3,3484,0.36452353616532723,0.07898136335774947,0.1577263928570193,0.39293915040183697,0.10152663295404579,0.19390013348265628
151670,2,R11,leiden,4,3484,0.3415614236509759,0.05581107485051651,0.1452631182938714,0.3639494833524684,0.06963030332542347,0.18069498574836182
151670,2,R11,leiden,5,3484,0.3530424799081516,0.09096979926799523,0.18069699195398764,0.37284730195177956,0.10898273778929429,0.22506284438057023
151670,2,R11,leiden,6,3484,0.3513203214695752,0.05803315502244063,0.1448109361851174,0.38030998851894376,0.08031646122499764,0.18159955146464393
151670,2,R11,leiden,7,3484,0.3814580941446613,0.08690986725279418,0.168291894843782,0.41561423650975887,0.11954960018888333,0.2069276643255888
151670,2,R11,leiden,8,3484,0.34012629161882896,0.06733559759900701,0.15635345375528478,0.36251435132032145,0.08285550089916718,0.19537778949289647
151670,2,R11,leiden,9,3484,0.35706084959816303,0.07000605866364878,0.15939171887575057,0.3843283582089552,0.0951860418219919,0.19692683404511682
151671,2,R1,kmeans,0,4093,0.35768385047642315,0.12916835794834167,0.20385241800477624,0.40581480576594187,0.17055238224486644,0.24128528509620834
151671,2,R1,kmeans,1,4093,0.3745419008062546,0.13177039162663787,0.1977046010306449,0.43317859760566824,0.1907196888698083,0.24613434678338603
151671,2,R1,kmeans,2,4093,0.3508429025164916,0.12066366745716915,0.20014591180286592,0.39799657952602,0.15921116126189805,0.23950763707548256
151671,2,R1,kmeans,3,4093,0.3376496457366235,0.10783897649878475,0.1902614974192248,0.37869533349621304,0.13976344321939005,0.22553606595091572
151671,2,R1,kmeans,4,4093,0.3679452724163205,0.11960961523985102,0.1972379920487035,0.42829220620571706,0.16910285539233386,0.24645895517193028
151671,2,R1,kmeans,5,4093,0.3444905936965551,0.10456107331249878,0.18874112592941436,0.3896897141461031,0.13617449840357368,0.2250941682680778
151671,2,R1,kmeans,6,4093,0.3669679941363303,0.12378479950954903,0.20219974687187892,0.4231614952357684,0.1728313584224587,0.24657817584479458
151671,2,R1,kmeans,7,4093,0.346200830686538,0.10353509738160883,0.18926526037515928,0.3882237967261178,0.13563598971478463,0.22454151093233757
151671,2,R1,kmeans,8,4093,0.3491326655265087,0.1338608480484171,0.20790283660885295,0.39726362081602734,0.17399998008362122,0.24801404621763173
151671,2,R1,kmeans,9,4093,0.3508429025164916,0.11363726783172869,0.2022007376016531,0.39750794038602494,0.14698096386563847,0.24885179124223902
151671,2,R1,gmm,0,4093,0.329098460786709,0.11659073344084496,0.19106266389663323,0.3557292939164427,0.1452722816525033,0.23398133453749828
151671,2,R1,gmm,1,4093,0.34082580014659175,0.11131331923843361,0.168302443674988,0.3867578793061324,0.154642811753908,0.20140740061253526
151671,2,R1,gmm,2,4093,0.3865135597361349,0.1165466889519146,0.17877382924433963,0.44026386513559734,0.16794362872653898,0.233509238373284
151671,2,R1,gmm,3,4093,0.31150745174688493,0.10934406950172433,0.17077568855211156,0.33691668702663086,0.1398519788473868,0.20729839422984037
151671,2,R1,gmm,4,4093,0.35548497434644516,0.12129277258928475,0.17657057913025015,0.3987295382360127,0.16315522850192546,0.22052580521271248
151671,2,R1,gmm,5,4093,0.3681895919863181,0.12458042258011895,0.17065852980836035,0.436599071585634,0.1943138747583693,0.21464054976711958
151671,2,R1,gmm,6,4093,0.3183483997068165,0.0968787147488131,0.1688081970873471,0.34155875885658443,0.11857195066333055,0.1993213300811626
151671,2,R1,gmm,7,4093,0.33740532616662594,0.10178607378708224,0.20425876012034144,0.3686782311263132,0.11579518837692894,0.243621827898674
151671,2,R1,gmm,8,4093,0.3525531395064745,0.12219063769326616,0.17476896060603522,0.39262154898607377,0.17048176640711893,0.21855518427359066
151671,2,R1,gmm,9,4093,0.32860982164671393,0.09105736594147128,0.1685646456481022,0.3760078182262399,0.12904883812787624,0.21410527061281162
151671,2,R1,leiden,0,4093,0.31199609088688,0.04847556470134239,0.13631226041895822,0.33740532616662594,0.055903192931445016,0.18217900140982066
151671,2,R1,leiden,1,4093,0.31419496701685806,0.047783673464451136,0.12910960496356622,0.34009284143659907,0.05484609997877501,0.16919713396663916
151671,2,R1,leiden,2,4093,0.3139506474468605,0.05030095231134211,0.13900205708584076,0.339604202296604,0.05590921139850148,0.17950662848733703
151671,2,R1,leiden,3,4093,0.3435133154165649,0.05375735885774848,0.13777850136590097,0.3750305399462497,0.06390365367332364,0.18311227229529725
151671,2,R1,leiden,4,4093,0.331297336916687,0.05015888046653276,0.1363010753319504,0.35450769606645494,0.05842178799110434,0.17957490824166406
151671,2,R1,leiden,5,4093,0.3264109455167359,0.05464901743616905,0.13875953896221085,0.3535304177864647,0.06277314862390748,0.18135621196967552
151671,2,R1,leiden,6,4093,0.3330075739066699,0.051879946723252905,0.13617081654813007,0.3564622526264354,0.05888294781912656,0.17714104852442045
151671,2,R1,leiden,7,4093,0.3364280478866357,0.055312498667546096,0.14330262609010583,0.35939408746640605,0.06374691502150844,0.1903647850595008
151671,2,R1,leiden,8,4093,0.30173466894698264,0.044554431035539604,0.13646807031588434,0.32860982164671393,0.050286748995056134,0.17601742464283615
151671,2,R1,leiden,9,4093,0.3320302956266797,0.05325767306569969,0.14038787280459974,0.3596384070364036,0.060494816652962496,0.18296803109022483
151671,2,R2,kmeans,0,4093,0.32885414121671147,0.05833410848197612,0.1670742029467632,0.3591497678964085,0.07391156888064043,0.20463774239354676
151671,2,R2,kmeans,1,4093,0.32836550207671633,0.05770072824715071,0.16785059306349212,0.35719521133642806,0.07223072940391456,0.20559633194694382
151671,2,R2,kmeans,2,4093,0.32836550207671633,0.058237589076927235,0.16732203943511645,0.35841680918641583,0.07377388809881373,0.20482304879054197
151671,2,R2,kmeans,3,4093,0.32860982164671393,0.0583964233198699,0.16735865729968777,0.3591497678964085,0.07411837178111023,0.20516273646348152
151671,2,R2,kmeans,4,4093,0.32836550207671633,0.05770072824715071,0.16785059306349212,0.35719521133642806,0.07223072940391456,0.20559633194694382
151671,2,R2,kmeans,5,4093,0.32836550207671633,0.05770072824715071,0.16785059306349207,0.35719521133642806,0.07223072940391456,0.20559633194694385
151671,2,R2,kmeans,6,4093,0.32860982164671393,0.05829869195639308,0.1672973917739556,0.3591497678964085,0.07368627053073813,0.2048877048765617
151671,2,R2,kmeans,7,4093,0.329098460786709,0.057813185380718626,0.16783695615112043,0.3574395309064256,0.07209293932848235,0.2050549768394701
151671,2,R2,kmeans,8,4093,0.32836550207671633,0.05770072824715071,0.16785059306349212,0.35719521133642806,0.07223072940391456,0.20559633194694382
151671,2,R2,kmeans,9,4093,0.32836550207671633,0.058267068690562945,0.16726134294801998,0.35841680918641583,0.0737239449410027,0.20491111008884932
151671,2,R2,gmm,0,4093,0.30442218421695577,0.05734275832022065,0.16153587729990707,0.32958709992670415,0.07163407851144174,0.19358428012162354
151671,2,R2,gmm,1,4093,0.3014903493769851,0.05777386484582021,0.162093041444547,0.32714390422672857,0.0720508770216521,0.1938038558367936
151671,2,R2,gmm,2,4093,0.3014903493769851,0.05777386484582021,0.16209304144454698,0.32714390422672857,0.0720508770216521,0.1938038558367936
151671,2,R2,gmm,3,4093,0.3014903493769851,0.05777386484582021,0.16209304144454703,0.32714390422672857,0.0720508770216521,0.1938038558367936
151671,2,R2,gmm,4,4093,0.3014903493769851,0.05777386484582021,0.16209304144454703,0.32714390422672857,0.0720508770216521,0.1938038558367936
151671,2,R2,gmm,5,4093,0.30173466894698264,0.05777027571038579,0.16207634122402897,0.3273882237967261,0.0720493957138615,0.19377113734501825
151671,2,R2,gmm,6,4093,0.3014903493769851,0.05777386484582021,0.16209304144454703,0.32714390422672857,0.0720508770216521,0.19380385583679363
151671,2,R2,gmm,7,4093,0.3014903493769851,0.05777386484582021,0.16209304144454703,0.32714390422672857,0.0720508770216521,0.19380385583679363
151671,2,R2,gmm,8,4093,0.30173466894698264,0.05776864124975678,0.16210701614458897,0.3273882237967261,0.0720450459607224,0.19381536867219978
151671,2,R2,gmm,9,4093,0.3014903493769851,0.05777386484582021,0.16209304144454703,0.32714390422672857,0.0720508770216521,0.19380385583679363
151671,2,R2,leiden,0,4093,0.30271194722697287,0.0560078925369222,0.16674701837444217,0.32934278035670655,0.06728072948226936,0.19713796272258696
151671,2,R2,leiden,1,4093,0.34326899584656734,0.0663638026257049,0.16772726305879684,0.37478622037625214,0.0861903343849189,0.20814959494773053
151671,2,R2,leiden,2,4093,0.3437576349865624,0.06824339664594836,0.16952054041638148,0.3760078182262399,0.08930039246823061,0.20936110944608438
151671,2,R2,leiden,3,4093,0.2707060835572929,0.06363670680609528,0.15640922292889434,0.2924505252870755,0.07630500490955973,0.18087951823840712
151671,2,R2,leiden,4,4093,0.31028585389689717,0.06481345084204472,0.1631129187359736,0.34253603713657466,0.08108714355132321,0.19775386831677977
151671,2,R2,leiden,5,4093,0.30124602980698756,0.07330931702847529,0.1653615382452256,0.32885414121671147,0.08998477581624535,0.19415214145152118
151671,2,R2,leiden,6,4093,0.2912289274370877,0.06483409577451243,0.1635435212538272,0.3166381627168336,0.07630209249964581,0.18536926039881746
151671,2,R2,leiden,7,4093,0.30442218421695577,0.06630569153641866,0.16415351211823487,0.3249450280967506,0.07534152994291399,0.18616708734964388
151671,2,R2,leiden,8,4093,0.3173711214268263,0.06508638336166439,0.16401472372216797,0.3474224285365258,0.07910805660436672,0.20259468925099425
151671,2,R2,leiden,9,4093,0.28072318592719275,0.06384573439588291,0.1598177353191186,0.30271194722697287,0.07766043297326497,0.18094277527987956
151671,2,R3,kmeans,0,4093,0.3403371610065966,0.00735143048252913,0.06996484962912962,0.35157586122648427,0.016124370610250363,0.08145476648969116
151671,2,R3,kmeans,1,4093,0.3403371610065966,0.007703894326241674,0.06910502279731137,0.35157586122648427,0.016626748625751725,0.08080795349208074
151671,2,R3,kmeans,2,4093,0.341803078426582,0.007127458353921242,0.06909815783161545,0.3518201807964818,0.014290038017073334,0.079077161983332
151671,2,R3,kmeans,3,4093,0.339604202296604,0.007185427593908816,0.06927172853327115,0.35059858294649404,0.015913968376004752,0.0809081431919776
151671,2,R3,kmeans,4,4093,0.3403371610065966,0.00735143048252913,0.06996484962912962,0.35157586122648427,0.016124370610250363,0.08145476648969116
151671,2,R3,kmeans,5,4093,0.3403371610065966,0.00735143048252913,0.06996484962912962,0.35157586122648427,0.016124370610250363,0.08145476648969113
151671,2,R3,kmeans,6,4093,0.33740532616662594,0.005753748184030897,0.07171933155718152,0.3479110676765209,0.014305122349898818,0.08250443975375227
151671,2,R3,kmeans,7,4093,0.34131443928658683,0.007002305272851915,0.0685774573382843,0.3501099438064989,0.013562751628578685,0.07817296678631065
151671,2,R3,kmeans,8,4093,0.3435133154165649,0.009177337007236755,0.06909629880084206,0.3552406547764476,0.018693064557273795,0.08032805117823266
151671,2,R3,kmeans,9,4093,0.34131443928658683,0.006995891203842901,0.06862552698761382,0.3501099438064989,0.013553769971758658,0.07823194529893523
151671,2,R3,gmm,0,4093,0.28805277302711946,-0.0031031950499906813,0.05650120997818154,0.2963596384070364,-5.4612256954640614e-05,0.06657371505356836
151671,2,R3,gmm,1,4093,0.2878084534571219,-0.0032925085714280984,0.056525253869163905,0.296603957977034,-0.000223658195708045,0.0663842237562519
151671,2,R3,gmm,2,4093,0.2878084534571219,-0.0032657777810532022,0.05624568014899537,0.2963596384070364,-0.00011548236153141317,0.0661526638830467
151671,2,R3,gmm,3,4093,0.28829709259711706,-0.0032787282939527105,0.0562921344532389,0.29709259711702907,1.6882709844419442e-05,0.06640810756977202
151671,2,R3,gmm,4,4093,0.2878084534571219,-0.0032925085714280984,0.0565252538691639,0.296603957977034,-0.000223658195708045,0.06638422375625193
151671,2,R3,gmm,5,4093,0.28829709259711706,-0.0032787282939527105,0.05629213445323889,0.29709259711702907,1.6882709844419442e-05,0.06640810756977202
151671,2,R3,gmm,6,4093,0.2878084534571219,-0.003095370626540192,0.05628207825401415,0.296603957977034,8.10228793538295e-05,0.06607106189206105
151671,2,R3,gmm,7,4093,0.2875641338871244,-0.003243272554414728,0.056386992179389465,0.2958709992670413,-0.00013910170554256383,0.06660287821022774
151671,2,R3,gmm,8,4093,0.28829709259711706,-0.0032787282939527105,0.05629213445323889,0.29709259711702907,1.6882709844419442e-05,0.06640810756977203
151671,2,R3,gmm,9,4093,0.2878084534571219,-0.0031389631435621685,0.05674650147526071,0.2968482775470315,0.0002951493118006685,0.06716656559211731
151671,2,R3,leiden,0,4093,0.3427803567065722,0.04409372706087395,0.09477394052926136,0.3542633764964574,0.05426126925474671,0.10888999407763951
151671,2,R3,leiden,1,4093,0.31712680185682873,0.04504515817186076,0.09495857409692435,0.32445638895675544,0.05387003622662351,0.10699664234974038
151671,2,R3,leiden,2,4093,0.36745663327632544,0.06005458425174547,0.08881387186522681,0.38260444661617393,0.07040573353223124,0.10038850039063602
151671,2,R3,leiden,3,4093,0.32054727583679454,0.008128583090117764,0.09178357013002555,0.3259223063767408,0.013452278602617083,0.09986527411856172
151671,2,R3,leiden,4,4093,0.3444905936965551,0.04254877557800888,0.09019856978912687,0.3591497678964085,0.05326555176064113,0.10474059921393619
151671,2,R3,leiden,5,4093,0.3620816027363792,0.07717263702207204,0.09709097305023352,0.3716100659662839,0.08642534865064266,0.10831652399506536
151671,2,R3,leiden,6,4093,0.35890544832641097,0.05388460701670974,0.0892516681835805,0.37527485951624723,0.06487652688504326,0.10141985709176762
151671,2,R3,leiden,7,4093,0.3427803567065722,0.05450575470787399,0.08814454631688365,0.3608600048863914,0.06716722929549147,0.10244477344454388
151671,2,R3,leiden,8,4093,0.3144392865868556,0.042019448926840855,0.08960127208257028,0.3200586366967994,0.05207194298196836,0.10315152844102643
151671,2,R3,leiden,9,4093,0.32958709992670415,0.03474792592664036,0.08983639641470491,0.3337405326166626,0.04250285788692063,0.10386301436005127
151671,2,R4,kmeans,0,4093,0.33349621304666505,0.06957902780393041,0.16188679694105335,0.35597361348644024,0.0871251397576134,0.19537636037597012
151671,2,R4,kmeans,1,4093,0.3320302956266797,0.06996525576921114,0.16179134370483178,0.35621793305643784,0.08786259205344847,0.1951496951758847
151671,2,R4,kmeans,2,4093,0.32934278035670655,0.06756001515271615,0.15962168727826304,0.3532860982164671,0.08603363740239277,0.1923949195976243
151671,2,R4,kmeans,3,4093,0.33447349132665527,0.0690505740405598,0.1615587036975241,0.35768385047642315,0.08717682709803963,0.19594742429044265
151671,2,R4,kmeans,4,4093,0.3322746151966773,0.06957131727692349,0.16194841172996957,0.35695089176643047,0.0874673149501676,0.19598485553905187
151671,2,R4,kmeans,5,4093,0.32958709992670415,0.06782739858463124,0.15965359981052987,0.3540190569264598,0.08628700102861689,0.1925716546409609
151671,2,R4,kmeans,6,4093,0.33422917175665773,0.06890537572012193,0.1613249636196414,0.35695089176643047,0.08719226043799207,0.19599348275389109
151671,2,R4,kmeans,7,4093,0.33276325433667236,0.06961078546399288,0.16174059647151526,0.35621793305643784,0.08736395630065902,0.1950235653297071
151671,2,R4,kmeans,8,4093,0.3320302956266797,0.06976425367318582,0.16164003171175248,0.35597361348644024,0.0872326914590269,0.19482313089984352
151671,2,R4,kmeans,9,4093,0.33447349132665527,0.06893819713751136,0.16156415927549939,0.35695089176643047,0.08684077190993778,0.19582326443830814
151671,2,R4,gmm,0,4093,0.303200586366968,0.05920092908035773,0.1646021444514268,0.32934278035670655,0.07014073830345981,0.19970276968519562
151671,2,R4,gmm,1,4093,0.33422917175665773,0.05630178974455675,0.16853921293594404,0.3603713657463963,0.07335549148879274,0.2119311812617124
151671,2,R4,gmm,2,4093,0.32787686293672125,0.05920668968769741,0.16373803399816944,0.35499633520645,0.07198425103988579,0.20141015981450822
151671,2,R4,gmm,3,4093,0.3039335450769607,0.05940070420036428,0.16444821931912987,0.3308086977766919,0.07051428168138317,0.19955249614715123
151671,2,R4,gmm,4,4093,0.30344490593696555,0.05932529063318081,0.1645290681177465,0.3303200586366968,0.07046215509711415,0.19954303611490695
151671,2,R4,gmm,5,4093,0.33422917175665773,0.05630178974455675,0.16853921293594404,0.3603713657463963,0.07335549148879274,0.21193118126171245
151671,2,R4,gmm,6,4093,0.30344490593696555,0.059333614368584024,0.16458389031709644,0.3303200586366968,0.07046315641867783,0.19959477704480003
151671,2,R4,gmm,7,4093,0.32616662594673834,0.05921520890618044,0.16332728544889175,0.35157586122648427,0.0711195614464683,0.20097752408414984
151671,2,R4,gmm,8,4093,0.3039335450769607,0.05940070420036428,0.16444821931912987,0.3308086977766919,0.07051428168138317,0.19955249614715123
151671,2,R4,gmm,9,4093,0.30344490593696555,0.05931716377170442,0.1645014316036586,0.3303200586366968,0.07045234862537124,0.19944332207609217
151671,2,R4,leiden,0,4093,0.3904226728560958,0.08967325201684144,0.1699983687066895,0.4116784754458832,0.11233333827670242,0.2088918348742075
151671,2,R4,leiden,1,4093,0.3606156853163938,0.07031267489248005,0.1594332009100558,0.3857806010261422,0.09706961828481027,0.2018164739061552
151671,2,R4,leiden,2,4093,0.38773515758612265,0.06318975708155812,0.1691208753022635,0.40654776447593455,0.08474469566191649,0.2079692367287483
151671,2,R4,leiden,3,4093,0.42829220620571706,0.08310176587272775,0.17703474938741004,0.4541900806254581,0.11023180674711493,0.22339026172744325
151671,2,R4,leiden,4,4093,0.3948204251160518,0.083970372894267,0.16700438296316034,0.41143415587588567,0.10418267277192632,0.20606221170797032
151671,2,R4,leiden,5,4093,0.46982653310530176,0.10580178698341759,0.18513887773834017,0.4903493769850965,0.1271742835416017,0.22845240961966357
151671,2,R4,leiden,6,4093,0.412900073295871,0.07674625716477167,0.17416892879896825,0.4417297825555827,0.10723098779898277,0.22405685085595733
151671,2,R4,leiden,7,4093,0.38211580747617885,0.07053873893229999,0.1495712876996342,0.4038602492059614,0.09482464056457157,0.18905196405192
151671,2,R4,leiden,8,4093,0.3850476423161495,0.06978610665885226,0.16336480591142552,0.4067920840459321,0.09400110171169504,0.20781741048912872
151671,2,R4,leiden,9,4093,0.4661617395553384,0.09920618691362809,0.16658940064983302,0.48741754214512584,0.12080747412193718,0.20998609408644964
151671,2,R5,kmeans,0,4093,0.39897385780601025,0.06695103715321157,0.15145493889431524,0.4204739799657953,0.09296885255986724,0.19911121113687866
151671,2,R5,kmeans,1,4093,0.39408746640605913,0.06410171321013028,0.15033521332970173,0.4158319081358417,0.09013370444946131,0.19856431359070464
151671,2,R5,kmeans,2,4093,0.3960420229660396,0.06545907959851169,0.150649387016546,0.4185194234058148,0.09203927153221216,0.19900465006666704
151671,2,R5,kmeans,3,4093,0.39408746640605913,0.06410171321013028,0.15033521332970176,0.4158319081358417,0.09013370444946131,0.1985643135907047
151671,2,R5,kmeans,4,4093,0.39897385780601025,0.06697383974205759,0.15143564168918922,0.4204739799657953,0.09300845513848699,0.19910076510513064
151671,2,R5,kmeans,5,4093,0.3960420229660396,0.06545907959851169,0.15064938701654595,0.4185194234058148,0.09203927153221216,0.1990046500666671
151671,2,R5,kmeans,6,4093,0.39897385780601025,0.06684120963401435,0.15099801758343365,0.41998534082580014,0.09261860847667822,0.199160673541013
151671,2,R5,kmeans,7,4093,0.3987295382360127,0.06678031332013312,0.1518016989769168,0.41949670168580505,0.09274947999168504,0.19951700257964233
151671,2,R5,kmeans,8,4093,0.3987295382360127,0.06678031332013312,0.1518016989769168,0.41949670168580505,0.09274947999168504,0.19951700257964228
151671,2,R5,kmeans,9,4093,0.3960420229660396,0.06545907959851169,0.150649387016546,0.4185194234058148,0.09203927153221216,0.19900465006666704
151671,2,R5,gmm,0,4093,0.29709259711702907,0.06062757432797972,0.163230397448184,0.32543366723674566,0.07638117441010583,0.1987943087169724
151671,2,R5,gmm,1,4093,0.31566088443684337,0.06236196714574742,0.16465740735940576,0.3398485218666015,0.08078009097156542,0.20182132363817418
151671,2,R5,gmm,2,4093,0.29709259711702907,0.06062757432797972,0.163230397448184,0.32543366723674566,0.07638117441010583,0.19879430871697246
151671,2,R5,gmm,3,4093,0.29709259711702907,0.06062757432797972,0.163230397448184,0.32543366723674566,0.07638117441010583,0.19879430871697248
151671,2,R5,gmm,4,4093,0.31566088443684337,0.06236196714574742,0.16465740735940576,0.3398485218666015,0.08078009097156542,0.2018213236381742
151671,2,R5,gmm,5,4093,0.31492792572685074,0.06204623172247314,0.16445791697078252,0.34009284143659907,0.08062826446112721,0.20142892313451355
151671,2,R5,gmm,6,4093,0.29709259711702907,0.06062757432797972,0.163230397448184,0.32543366723674566,0.07638117441010583,0.1987943087169724
151671,2,R5,gmm,7,4093,0.31492792572685074,0.06204623172247314,0.16445791697078252,0.34009284143659907,0.08062826446112721,0.20142892313451352
151671,2,R5,gmm,8,4093,0.31468360615685315,0.06208044461924911,0.16436899628768592,0.339604202296604,0.0805827852113164,0.2012800301196727
151671,2,R5,gmm,9,4093,0.29709259711702907,0.06062757432797972,0.16323039744818404,0.32543366723674566,0.07638117441010583,0.1987943087169724
151671,2,R5,leiden,0,4093,0.4072807231859272,0.08167118786027706,0.1809511949669832,0.4304910823356951,0.10235404475155886,0.22385680517512682
151671,2,R5,leiden,1,4093,0.39408746640605913,0.09030676528153472,0.1780267282753909,0.41216711458587835,0.10459010135052077,0.20966916879700628
151671,2,R5,leiden,2,4093,0.34473491326655264,0.08306014569123635,0.18605913174793173,0.3694111898363059,0.0974917654208413,0.22181903866245256
151671,2,R5,leiden,3,4093,0.41387735157586125,0.0980336422438498,0.17465769600257425,0.43708771072562913,0.12044235996487458,0.2123004558945495
151671,2,R5,leiden,4,4093,0.39726362081602734,0.10832239981061767,0.1752674911187987,0.42096261910579036,0.1273752713949186,0.20470969412781623
151671,2,R5,leiden,5,4093,0.3718543855362815,0.07136293164791237,0.14626827901700554,0.3997068165160029,0.08906350086798501,0.17487045287858297
151671,2,R5,leiden,6,4093,0.3879794771561202,0.08922492826842733,0.18535798239264392,0.415098949425849,0.1042915968842825,0.21894893224142264
151671,2,R5,leiden,7,4093,0.42511605179574885,0.09688458098090427,0.1752311680339929,0.4456388956755436,0.11630854146303551,0.21045642248044288
151671,2,R5,leiden,8,4093,0.37405326166625946,0.08216057421015531,0.1843483819252956,0.3948204251160518,0.09607413513744865,0.2218738537467724
151671,2,R5,leiden,9,4093,0.39091131199609086,0.08992151353956827,0.1729958820508222,0.4185194234058148,0.11063738321539399,0.21298152925836694
151671,2,R6,kmeans,0,4093,0.39897385780601025,0.06695103715321157,0.15145493889431524,0.4204739799657953,0.09296885255986724,0.19911121113687869
151671,2,R6,kmeans,1,4093,0.39433178597605667,0.06418242892265898,0.150367314767415,0.4158319081358417,0.09013370444946131,0.19856431359070464
151671,2,R6,kmeans,2,4093,0.39433178597605667,0.06418242892265898,0.150367314767415,0.4158319081358417,0.09013370444946131,0.1985643135907047
151671,2,R6,kmeans,3,4093,0.3987295382360127,0.06668485664434147,0.15085520198216687,0.41949670168580505,0.0925253990921559,0.19912302035270057
151671,2,R6,kmeans,4,4093,0.39897385780601025,0.06697383974205759,0.15143564168918922,0.4204739799657953,0.09300845513848699,0.19910076510513064
151671,2,R6,kmeans,5,4093,0.3960420229660396,0.06545907959851169,0.15064938701654595,0.4185194234058148,0.09203927153221216,0.1990046500666671
151671,2,R6,kmeans,6,4093,0.39262154898607377,0.06458435601775361,0.15092082855631894,0.4124114341558759,0.08986407059952667,0.19946344948453357
151671,2,R6,kmeans,7,4093,0.3970193012460298,0.0658135969243482,0.15052017967220543,0.4197410212558026,0.09230595113710303,0.19866526264065906
151671,2,R6,kmeans,8,4093,0.3987295382360127,0.06668485664434147,0.15085520198216693,0.41949670168580505,0.0925253990921559,0.1991230203527006
151671,2,R6,kmeans,9,4093,0.3960420229660396,0.06545907959851169,0.150649387016546,0.4185194234058148,0.09203927153221216,0.1990046500666671
151671,2,R6,gmm,0,4093,0.2958709992670413,0.0019083493138508517,0.06585171310035744,0.3117517713168825,0.009699813216007437,0.08028920613720875
151671,2,R6,gmm,1,4093,0.30271194722697287,0.014857496206413379,0.08576751221593219,0.3210359149767896,0.025583385174844937,0.10851433807283319
151671,2,R6,gmm,2,4093,0.27510383581724895,0.02451427166633781,0.08614908836702835,0.2843879794771561,0.03333225045125951,0.1041825106369763
151671,2,R6,gmm,3,4093,0.279501588077205,-0.019501435005319395,0.05461605424707206,0.2900073295870999,-0.015436087195883005,0.0725365466305848
151671,2,R6,gmm,4,4093,0.27510383581724895,0.02451427166633781,0.08614908836702835,0.2843879794771561,0.03333225045125951,0.10418251063697631
151671,2,R6,gmm,5,4093,0.2946494014170535,0.0008902566846587943,0.06655674987552232,0.30979721475690203,0.008893702106809126,0.08170118547144746
151671,2,R6,gmm,6,4093,0.2951380405570486,0.001516501834404653,0.06629770830608063,0.3095528951869045,0.008982619052078398,0.08076404148075388
151671,2,R6,gmm,7,4093,0.2941607622770584,0.0003835465130054556,0.0667359685806978,0.30857561690691426,0.008369738955450233,0.08179387420938293
151671,2,R6,gmm,8,4093,0.29538236012704616,0.0018951240190161502,0.0659760524231886,0.3110188126068898,0.009875679252927018,0.08062418973705116
151671,2,R6,gmm,9,4093,0.2941607622770584,0.0005328015488169012,0.06632257544586609,0.30906425604690935,0.00822206297886581,0.08134826876322991
151671,2,R6,leiden,0,4093,0.38602492059613974,0.10081603530837532,0.1833931117162024,0.4102125580258979,0.11850800234897284,0.22022673974723053
151671,2,R6,leiden,1,4093,0.4468604935255314,0.08492141090459637,0.15390235723025963,0.46860493525531394,0.10364477099713121,0.19074180262042575
151671,2,R6,leiden,2,4093,0.42682628878573176,0.09859579027419163,0.17034277514297722,0.44881505008551187,0.11759179807355842,0.20479269518726892
151671,2,R6,leiden,3,4093,0.41143415587588567,0.10165357600524007,0.15865973288482565,0.4253603713657464,0.11734481622344785,0.18345649365224176
151671,2,R6,leiden,4,4093,0.3789396530662106,0.06523666406696717,0.14804103348986525,0.4043488883459565,0.0881532378378589,0.18669715511175472
151671,2,R6,leiden,5,4093,0.38846811629611533,0.08710900685940023,0.1825044999182445,0.4060591253359394,0.10680762651185154,0.21658838713528042
151671,2,R6,leiden,6,4093,0.42438309308575617,0.09902347222772792,0.17675214368323752,0.44295138040557047,0.11628226665086333,0.2121428768248244
151671,2,R6,leiden,7,4093,0.4043488883459565,0.07939233568529554,0.18649803811287438,0.4253603713657464,0.0997510097868444,0.2325832551883761
151671,2,R6,leiden,8,4093,0.41778646469582215,0.09603333919878695,0.17651371532440496,0.4378206694356218,0.11353835661865008,0.2112716573766474
151671,2,R6,leiden,9,4093,0.39750794038602494,0.08633566431033567,0.1873150857814097,0.41534326899584656,0.10444155939713078,0.21926851093743907
151671,2,R7,kmeans,0,4093,0.32616662594673834,0.07409254545674349,0.16661361763328175,0.3542633764964574,0.09434923919406925,0.19643154195843177
151671,2,R7,kmeans,1,4093,0.3320302956266797,0.07651416850852298,0.16799159705105135,0.36428047886635717,0.09775595521626833,0.1987150515960908
151671,2,R7,kmeans,2,4093,0.326899584656731,0.07418157593841386,0.16650148246083976,0.35890544832641097,0.0954920384543023,0.19795444314380087
151671,2,R7,kmeans,3,4093,0.3308086977766919,0.07575803908019617,0.1674042209501458,0.36354752015636455,0.09695722273344227,0.19779210704819036
151671,2,R7,kmeans,4,4093,0.326899584656731,0.07459573654149466,0.16696131384216942,0.3579281700464207,0.09583699187814061,0.19762958908770153
151671,2,R7,kmeans,5,4093,0.3303200586366968,0.07551981576806518,0.16704409088202785,0.36281456144637186,0.09639925257360481,0.19718185202812108
151671,2,R7,kmeans,6,4093,0.3303200586366968,0.07595715438621876,0.16729986900624805,0.36183728316638164,0.0965651131745853,0.19768436146203702
151671,2,R7,kmeans,7,4093,0.331297336916687,0.07638622104333716,0.16812796137831448,0.365502076716345,0.098467023530683,0.19947278686104383
151671,2,R7,kmeans,8,4093,0.3308086977766919,0.07583295575608467,0.167197813953644,0.36354752015636455,0.09712496876161002,0.1976453878000253
151671,2,R7,kmeans,9,4093,0.33007573906669924,0.0756911109453048,0.1670120874184313,0.3630588810163694,0.09700694609585707,0.1972565699126166
151671,2,R7,gmm,0,4093,0.29293916442707063,0.07895586206343258,0.15700751934381643,0.3251893476667481,0.09806872837258815,0.18153728974472347
151671,2,R7,gmm,1,4093,0.3137063278768629,0.08695832937613401,0.1558025368776287,0.35621793305643784,0.11752561408362888,0.18563428844336924
151671,2,R7,gmm,2,4093,0.30271194722697287,0.0832621106178283,0.15717780049369,0.34302467627656974,0.11149307277195859,0.1866949681503418
151671,2,R7,gmm,3,4093,0.30026875152699734,0.08221719317099337,0.15794759407183484,0.34009284143659907,0.1081036061782936,0.1868273093817935
151671,2,R7,gmm,4,4093,0.2931834839970682,0.07873527509301863,0.15670157782620786,0.32543366723674566,0.09786008386344033,0.18115654879904702
151671,2,R7,gmm,5,4093,0.3007573906669924,0.08159244104489485,0.1575728440066256,0.341803078426582,0.10793424484794259,0.18726200867831344
151671,2,R7,gmm,6,4093,0.2934278035670657,0.07888507844217195,0.15673780619900884,0.3256779868067432,0.09778319836166821,0.18096638079346966
151671,2,R7,gmm,7,4093,0.2931834839970682,0.07883201190221772,0.15676706656127637,0.32543366723674566,0.09795440143611177,0.181222073002448
151671,2,R7,gmm,8,4093,0.30515514292694845,0.08211893912530085,0.15752808503399227,0.3420473979965795,0.10611720763312509,0.18522843883806767
151671,2,R7,gmm,9,4093,0.3005130710969949,0.08157759927713047,0.15755073149666635,0.34131443928658683,0.10791343845342258,0.18722072060298722
151671,2,R7,leiden,0,4093,0.34424627412655756,0.09624424994770472,0.1517824162133327,0.38602492059613974,0.13189225694003595,0.1847529222527393
151671,2,R7,leiden,1,4093,0.33838260444661616,0.09186203760973555,0.15267398558139667,0.37576349865624237,0.12058145269680236,0.1838045137615766
151671,2,R7,leiden,2,4093,0.2973369166870266,0.07936559706444259,0.15178915830620973,0.3110188126068898,0.09129357019884189,0.17461994723121732
151671,2,R7,leiden,3,4093,0.31712680185682873,0.0731584882593225,0.1506263972921189,0.3437576349865624,0.08863854017193076,0.17657411608570775
151671,2,R7,leiden,4,4093,0.32372343024676276,0.0831654738114331,0.15262140692036671,0.35597361348644024,0.10081727777602109,0.18217269731572874
151671,2,R7,leiden,5,4093,0.3322746151966773,0.0856758156931758,0.15182673933610577,0.3669679941363303,0.10901473078179769,0.1810567554600562
151671,2,R7,leiden,6,4093,0.3137063278768629,0.08642157177844233,0.15696412520051276,0.34644515025653555,0.10724973871103785,0.1854475400842313
151671,2,R7,leiden,7,4093,0.3144392865868556,0.0789376855525642,0.15274583333212166,0.3403371610065966,0.09471179857485842,0.1782471952613746
151671,2,R7,leiden,8,4093,0.40483752748595164,0.12287186104642703,0.1589688884476862,0.47300268751526997,0.2003529043005755,0.2076884573169129
151671,2,R7,leiden,9,4093,0.3105301734668947,0.07886595571803676,0.14770526645552695,0.3347178108966528,0.09624558359498682,0.17379995784105023
151671,2,R8,kmeans,0,4093,0.2963596384070364,0.06070904387463122,0.10634714362093037,0.31297336916687024,0.07386301603619462,0.12268050898917024
151671,2,R8,kmeans,1,4093,0.2963596384070364,0.06069787308836285,0.10605540008839012,0.31321768873686784,0.07393772685771365,0.12232923557258783
151671,2,R8,kmeans,2,4093,0.2958709992670413,0.061475113391820005,0.10694182365412372,0.3127290495968727,0.07441006273051412,0.12299033988324838
151671,2,R8,kmeans,3,4093,0.2975812362570242,0.06123412562385939,0.10654613525984787,0.31468360615685315,0.07474919821432807,0.12298504602403526
151671,2,R8,kmeans,4,4093,0.29709259711702907,0.06116881281738334,0.1064322706039124,0.3139506474468605,0.07435735575243595,0.12208016056209359
151671,2,R8,kmeans,5,4093,0.296603957977034,0.06101488841871782,0.10655089914679097,0.31468360615685315,0.07443963847774424,0.12296734725172534
151671,2,R8,kmeans,6,4093,0.2958709992670413,0.06224502113967605,0.10738744082791193,0.31004153432689957,0.07419902309864347,0.12222738120898881
151671,2,R8,kmeans,7,4093,0.2963596384070364,0.061334146765919924,0.10678503318101182,0.3137063278768629,0.07466428383099158,0.12320999152901108
151671,2,R8,kmeans,8,4093,0.29611531883703884,0.061688262719849764,0.10697303126821181,0.31297336916687024,0.07487719219725485,0.12322672420901226
151671,2,R8,kmeans,9,4093,0.2968482775470315,0.06152712279735597,0.10695949061939455,0.31419496701685806,0.0748758901061101,0.12338829971118694
151671,2,R8,gmm,0,4093,0.30295626679697046,0.03915132523909948,0.09408620459423764,0.3210359149767896,0.0498395017012128,0.11163383045921216
151671,2,R8,gmm,1,4093,0.2724163205472758,0.0494081082090975,0.10393992949934135,0.28634253603713655,0.060010240427015325,0.11985404618576699
151671,2,R8,gmm,2,4093,0.2763254336672367,0.0528029128267088,0.10192001835942836,0.2878084534571219,0.06208105379900036,0.11409031507839965
151671,2,R8,gmm,3,4093,0.2755924749572441,0.05275590716452133,0.10175112633448967,0.28707549474712923,0.062223219417755334,0.11423651229978325
151671,2,R8,gmm,4,4093,0.2804788663571952,0.04400458489633062,0.10104737281552317,0.2941607622770584,0.05403934616647286,0.11721550567539599
151671,2,R8,gmm,5,4093,0.27510383581724895,0.05299407133413847,0.10158013383371198,0.28658685560713415,0.062376826708312176,0.11393772188990006
151671,2,R8,gmm,6,4093,0.28585389689714147,0.04638531799108477,0.10290206740456279,0.3019789885169802,0.05727208495746223,0.11979662172792417
151671,2,R8,gmm,7,4093,0.28023454678719767,0.043778806193734504,0.10083705819569923,0.29440508184705594,0.05401051492299922,0.11728430414464756
151671,2,R8,gmm,8,4093,0.28634253603713655,0.04651710823168881,0.10292308190912001,0.3024676276569753,0.05762263402783223,0.12005192343057776
151671,2,R8,gmm,9,4093,0.2755924749572441,0.05275590716452133,0.10175112633448966,0.28707549474712923,0.062223219417755334,0.11423651229978321
151671,2,R8,leiden,0,4093,0.2873198143171268,0.039810850798850536,0.10459873671814211,0.2992914732470071,0.04779939955506899,0.11951142649096667
151671,2,R8,leiden,1,4093,0.27681407280723186,0.05372044651081926,0.10851600666002108,0.2856095773271439,0.060935264545000145,0.12412497146083237
151671,2,R8,leiden,2,4093,0.28829709259711706,0.04496351639202878,0.10932714406994272,0.2975812362570242,0.05354322720494589,0.1266977434882126
151671,2,R8,leiden,3,4093,0.2680185682873198,0.051063160202651295,0.10847494789380334,0.2836550207671634,0.05929005646791999,0.12246506626806611
151671,2,R8,leiden,4,4093,0.2819447837771806,0.04750984383446181,0.11111539342726778,0.2973369166870266,0.057371329368895684,0.12678094283051225
151671,2,R8,leiden,5,4093,0.2460298069875397,0.05096725765489983,0.11031770688150028,0.2577571463474224,0.05833695049686371,0.12671734053761086
151671,2,R8,leiden,6,4093,0.2553139506474469,0.04670314221735335,0.10800599652990091,0.26386513559736136,0.053477270074214635,0.12217843245055475
151671,2,R8,leiden,7,4093,0.28536525775714633,0.04477132807425057,0.11011554859647314,0.29220620571707795,0.0508639690690355,0.12404132898540401
151671,2,R8,leiden,8,4093,0.2912289274370877,0.040382391645517234,0.10722866135008943,0.2980698753970193,0.046322225903745046,0.11934657965277047
151671,2,R8,leiden,9,4093,0.2902516491570975,0.0476987328092809,0.11415438684115242,0.30515514292694845,0.056544272681396966,0.12926917838359794
151671,2,R9,kmeans,0,4093,0.3603713657463963,0.10058597812233537,0.1972831821363646,0.3867578793061324,0.12289217449339243,0.23770330459810635
151671,2,R9,kmeans,1,4093,0.3728316638162717,0.10278178479580082,0.19743857254572994,0.4072807231859272,0.1328951994078441,0.24195407246470244
151671,2,R9,kmeans,2,4093,0.35939408746640605,0.10008680531703158,0.19690526012100523,0.38455900317615443,0.12215762438210788,0.2376645917482455
151671,2,R9,kmeans,3,4093,0.37087710725629125,0.10218075047756812,0.19468518305471727,0.4053261666259467,0.13120817812005728,0.23929745255565862
151671,2,R9,kmeans,4,4093,0.36403615929635963,0.09820743353003278,0.1957885544691059,0.3953090642560469,0.12370600188768652,0.2403800704994162
151671,2,R9,kmeans,5,4093,0.3620816027363792,0.10125369997874595,0.1972926251510147,0.3882237967261178,0.12361692490823582,0.23806151970643213
151671,2,R9,kmeans,6,4093,0.3659907158563401,0.10009915344101944,0.19606986329996198,0.3960420229660396,0.12411889452246903,0.2372441460601861
151671,2,R9,kmeans,7,4093,0.3703884681162961,0.10159939098466012,0.19466434277556302,0.4011727339359883,0.12917868885505665,0.23952813499305928
151671,2,R9,kmeans,8,4093,0.3652577571463474,0.09964718605852112,0.1960215320484259,0.3953090642560469,0.12377712752070345,0.2370496181552851
151671,2,R9,kmeans,9,4093,0.3711214268262888,0.10226458361542565,0.19468949500118238,0.40557048619594427,0.13143527849901634,0.23942852614088092
151671,2,R9,gmm,0,4093,0.33569508917664304,0.09731112324852925,0.18971174131066368,0.374297581236257,0.12314840145810868,0.23236364443030896
151671,2,R9,gmm,1,4093,0.33569508917664304,0.09726132357176302,0.18929682839620385,0.374297581236257,0.12287650507451264,0.23060308054106973
151671,2,R9,gmm,2,4093,0.34644515025653555,0.09658155875205673,0.19308263509777135,0.3921329098460787,0.13273591757064004,0.23906312397842638
151671,2,R9,gmm,3,4093,0.3518201807964818,0.10864133299707059,0.18726711981941857,0.3945761055460542,0.14983473774114758,0.23196952665898232
151671,2,R9,gmm,4,4093,0.34155875885658443,0.1020484508558024,0.18713671029676293,0.3789396530662106,0.13428286570670875,0.23093680958186494
151671,2,R9,gmm,5,4093,0.33447349132665527,0.10088836525005276,0.1885574036983354,0.3733203029562668,0.12598198739150826,0.2286318951528958
151671,2,R9,gmm,6,4093,0.3259223063767408,0.09970798129110157,0.19215894284657406,0.35621793305643784,0.12747458954261653,0.23135422265697664
151671,2,R9,gmm,7,4093,0.324700708526753,0.09901558147576323,0.19308317450090082,0.3542633764964574,0.12650416206500917,0.23189936829404262
151671,2,R9,gmm,8,4093,0.33520645003664795,0.09968285216116946,0.18881723181970914,0.374297581236257,0.125164144441661,0.22733045985339656
151671,2,R9,gmm,9,4093,0.3476667481065233,0.09719075766119095,0.19200034532254862,0.38993403371610064,0.13221307996223425,0.23567278847032572
151671,2,R9,leiden,0,4093,0.3725873442462741,0.0955681412624594,0.19569267782626407,0.4028829709259712,0.11865936150705823,0.23944545996935143
151671,2,R9,leiden,1,4093,0.38040557048619594,0.10364166227800593,0.2033194223964539,0.39897385780601025,0.12463025736278015,0.24690857328901483
151671,2,R9,leiden,2,4093,0.32787686293672125,0.10167672577142732,0.19741154850147108,0.35548497434644516,0.12329933458185471,0.23661431952682943
151671,2,R9,leiden,3,4093,0.32836550207671633,0.09495601084916483,0.19033190008329087,0.3435133154165649,0.1156176260489191,0.22683833258723513
151671,2,R9,leiden,4,4093,0.34229171756657706,0.10006950016677052,0.1979885105474783,0.3672123137063279,0.12033775369409701,0.24041619537815984
151671,2,R9,leiden,5,4093,0.3955533838260445,0.10478368721439613,0.19068558342799208,0.44319569997556807,0.14642511873551473,0.236271880836725
151671,2,R9,leiden,6,4093,0.31004153432689957,0.0798809091356559,0.19467655146586185,0.3303200586366968,0.09287733909987639,0.22681770456278694
151671,2,R9,leiden,7,4093,0.3361837283166382,0.10382357622993475,0.20077882184050694,0.36403615929635963,0.12913592624893194,0.24881190314721002
151671,2,R9,leiden,8,4093,0.34986562423650136,0.09940230742123858,0.18683912118786283,0.38284876618617153,0.12303098141219816,0.22722708825623922
151671,2,R9,leiden,9,4093,0.3459565111165404,0.10513579868245546,0.19464164069844073,0.374297581236257,0.12653308552418327,0.2371348983490853
151671,2,R10,kmeans,0,4093,0.32152455411678477,0.09454967261140472,0.18544143280398806,0.34302467627656974,0.11782278450534754,0.2211175459536466
151671,2,R10,kmeans,1,4093,0.3249450280967506,0.09204561635553296,0.1850852169101976,0.3547520156364525,0.11434639230739523,0.22257587223098976
151671,2,R10,kmeans,2,4093,0.31492792572685074,0.09934622754938187,0.18127746767472808,0.33691668702663086,0.12413113169632416,0.21995148407216225
151671,2,R10,kmeans,3,4093,0.3210359149767896,0.09304391554986746,0.184909954446283,0.3444905936965551,0.11425556177933731,0.2191502210732903
151671,2,R10,kmeans,4,4093,0.3195699975568043,0.0893172490647398,0.1843491855117204,0.3476667481065233,0.11014997792083502,0.2213615742717702
151671,2,R10,kmeans,5,4093,0.322501832396775,0.09180281301971223,0.18497707955565226,0.35157586122648427,0.1141864658384555,0.22224000287239098
151671,2,R10,kmeans,6,4093,0.324700708526753,0.09172701720477247,0.18719847021545719,0.35279745907647203,0.11072043425976337,0.22291346800487516
151671,2,R10,kmeans,7,4093,0.3183483997068165,0.09976193560269554,0.18087178451211078,0.339604202296604,0.12382876130987502,0.21789026229183162
151671,2,R10,kmeans,8,4093,0.3251893476667481,0.09249018004602928,0.18579479286017886,0.3530417786464696,0.11457386087595925,0.2230984667455593
151671,2,R10,kmeans,9,4093,0.32152455411678477,0.0937079043382204,0.18564425805157603,0.3449792328365502,0.11576688588945616,0.22064611324769695
151671,2,R10,gmm,0,4093,0.3376496457366235,0.094455674137162,0.16665224803460205,0.3857806010261422,0.13513364122847127,0.20588913655904822
151671,2,R10,gmm,1,4093,0.31712680185682873,0.0914147233334683,0.1621168579767091,0.3596384070364036,0.12223577484510172,0.19350210190675404
151671,2,R10,gmm,2,4093,0.28023454678719767,0.08106006470014072,0.1645253103482102,0.3019789885169802,0.09893260201234295,0.19192534019205343
151671,2,R10,gmm,3,4093,0.32152455411678477,0.09070412426772617,0.16147688403394,0.3625702418763743,0.12009052093819916,0.19096411302204963
151671,2,R10,gmm,4,4093,0.30564378206694354,0.08401784454052132,0.16269614473293273,0.3398485218666015,0.10533762657048532,0.18735752531604277
151671,2,R10,gmm,5,4093,0.28976301001710236,0.08257545961165222,0.16340214198986838,0.31297336916687024,0.10035770500881343,0.1884076629111487
151671,2,R10,gmm,6,4093,0.305399462496946,0.08395064757815981,0.16268804803014647,0.339604202296604,0.10522330519813657,0.18733886293367322
151671,2,R10,gmm,7,4093,0.2829220620571708,0.08481609731139779,0.16380110205018217,0.31468360615685315,0.10552602560563644,0.19110406867555108
151671,2,R10,gmm,8,4093,0.2980698753970193,0.08302556403666285,0.16692405081319686,0.32860982164671393,0.1052296727055992,0.19542399868464175
151671,2,R10,gmm,9,4093,0.31321768873686784,0.08874248018079635,0.16082853131698957,0.35377473735646225,0.11757056170343269,0.19052901569339784
151671,2,R10,leiden,0,4093,0.3185927192768141,0.09860783117280689,0.2030782667414466,0.3376496457366235,0.12049728139882869,0.24328428133829597
151671,2,R10,leiden,1,4093,0.31150745174688493,0.09541745401289028,0.19404426060983396,0.3322746151966773,0.11767868726969541,0.2337138155207384
151671,2,R10,leiden,2,4093,0.32543366723674566,0.0894253979394515,0.19066005642087705,0.3476667481065233,0.10885483431527414,0.23051355896047898
151671,2,R10,leiden,3,4093,0.3725873442462741,0.09365127451343959,0.2019684292397251,0.391399951136086,0.11400374883331439,0.24380644364732532
151671,2,R10,leiden,4,4093,0.35866112875641337,0.0757140709607529,0.17661739972264623,0.37698509650623013,0.09425069975810428,0.21429159667413422
151671,2,R10,leiden,5,4093,0.3459565111165404,0.08845082110243187,0.1938689861553737,0.3777180552162228,0.11061489282833654,0.2413320435982807
151671,2,R10,leiden,6,4093,0.3598827266064012,0.09225739124175382,0.20737942407659576,0.3760078182262399,0.10815700345692207,0.24651628417771837
151671,2,R10,leiden,7,4093,0.3403371610065966,0.09958974043452837,0.20025032961038436,0.3625702418763743,0.11785472738429782,0.23990344221352447
151671,2,R10,leiden,8,4093,0.36892255069631075,0.09606200721615686,0.20432267304081234,0.38993403371610064,0.11651080307600167,0.24604744523853578
151671,2,R10,leiden,9,4093,0.3217688736867823,0.09229226363026875,0.1947829702391255,0.339604202296604,0.11192972657474207,0.2361387234726972
151671,2,R11,kmeans,0,4093,0.31712680185682873,0.09416956158507894,0.18282671795695585,0.3476667481065233,0.11971578567703191,0.22213678919836408
151671,2,R11,kmeans,1,4093,0.3266552650867334,0.09178874475510816,0.18513166560995603,0.35597361348644024,0.1134770682437863,0.22232904941782694
151671,2,R11,kmeans,2,4093,0.32054727583679454,0.10106783417259312,0.1821647484286684,0.3444905936965551,0.12781256900860385,0.2222134544385627
151671,2,R11,kmeans,3,4093,0.324700708526753,0.09500000943700843,0.18358442079054665,0.3491326655265087,0.11926444629835427,0.21948492050994625
151671,2,R11,kmeans,4,4093,0.32152455411678477,0.09424159386762711,0.1866104259506017,0.34424627412655756,0.1166266201856021,0.22158978362483628
151671,2,R11,kmeans,5,4093,0.3185927192768141,0.09472929589542259,0.1852383485394916,0.34302467627656974,0.11935123380290893,0.2224005444228178
151671,2,R11,kmeans,6,4093,0.32445638895675544,0.09162006972944865,0.1845870274213005,0.3532860982164671,0.1134201485471304,0.2215027625992988
151671,2,R11,kmeans,7,4093,0.3166381627168336,0.10014617514788582,0.1816902759625787,0.3386269240166137,0.12559997645905682,0.220638239306273
151671,2,R11,kmeans,8,4093,0.32372343024676276,0.09615144693682373,0.1828400849798016,0.34717810896652823,0.11884191799480502,0.21610699874341688
151671,2,R11,kmeans,9,4093,0.31810408013681896,0.09366536621803169,0.18459956520191254,0.34302467627656974,0.11686024717612184,0.22080059328756274
151671,2,R11,gmm,0,4093,0.29220620571707795,0.06295924961298525,0.14329301007282752,0.32372343024676276,0.0792641626355743,0.1733424350910918
151671,2,R11,gmm,1,4093,0.30857561690691426,0.06768832931323951,0.1411977535673128,0.3347178108966528,0.08163068197439323,0.17128698474826293
151671,2,R11,gmm,2,4093,0.30100171023698996,0.059357539499498894,0.14094985443783084,0.3242120693867579,0.06893674431217096,0.16695305994810952
151671,2,R11,gmm,3,4093,0.30124602980698756,0.06307084246251281,0.14501199133627393,0.3256779868067432,0.07951281038680276,0.17747113699377207
151671,2,R11,gmm,4,4093,0.2917175665770828,0.055461625914741464,0.12387648668977014,0.3210359149767896,0.06894981537758088,0.15637922685565986
151671,2,R11,gmm,5,4093,0.29367212313706326,0.05547287194544502,0.12384496263662964,0.322501832396775,0.0683604216640201,0.15593992463713288
151671,2,R11,gmm,6,4093,0.3014903493769851,0.05871610486552895,0.13981642042172285,0.32616662594673834,0.07008159391251431,0.1675801424586586
151671,2,R11,gmm,7,4093,0.2843879794771561,0.05846426757113218,0.11960161766994513,0.3024676276569753,0.07345497296702662,0.14830339665604603
151671,2,R11,gmm,8,4093,0.3193256779868067,0.07012391777740318,0.13814688663642366,0.34302467627656974,0.08360945682720083,0.15957527880127279
151671,2,R11,gmm,9,4093,0.2919618861470804,0.055128808033014225,0.12312067792417207,0.3212802345467872,0.06760462200065108,0.15488331976913253
151671,2,R11,leiden,0,4093,0.33105301734668946,0.08528264043825295,0.1897545093232341,0.35768385047642315,0.10381245485838406,0.22859197950204305
151671,2,R11,leiden,1,4093,0.2885414121671146,0.09144462420476716,0.19492473257497642,0.30515514292694845,0.11193874475379248,0.231864232476133
151671,2,R11,leiden,2,4093,0.3176154409968239,0.09754416456213215,0.1986344314424787,0.33276325433667236,0.12188466667749352,0.2405733273712526
151671,2,R11,leiden,3,4093,0.3264109455167359,0.08775816926421243,0.19905017779072606,0.3476667481065233,0.10452403550538832,0.2390784748461352
151671,2,R11,leiden,4,4093,0.3381382848766186,0.09333172534735902,0.19662978407443907,0.36012704617639874,0.11142865887682808,0.23399959628735673
151671,2,R11,leiden,5,4093,0.3281211825067188,0.09641420755869043,0.19966623522366503,0.3518201807964818,0.11657817559985405,0.23675695494538812
151671,2,R11,leiden,6,4093,0.28487661861715124,0.07984106455296118,0.18929936262054017,0.30759833862692404,0.10137252617031309,0.22743874281508644
151671,2,R11,leiden,7,4093,0.3493769850965062,0.09545374105600202,0.19824244370841948,0.36574639628634253,0.10915498419481452,0.23161152605508734
151671,2,R11,leiden,8,4093,0.33911556315660885,0.10317493681647437,0.20119707603243858,0.3623259223063767,0.12654115178012385,0.24247308600245623
151671,2,R11,leiden,9,4093,0.3469337893965307,0.09725503579860258,0.20431867271550663,0.3728316638162717,0.11584959737776021,0.24468260584994306
151672,2,R1,kmeans,0,3888,0.3263888888888889,0.09614663745394007,0.16892111245482658,0.360082304526749,0.11417597808975206,0.19206307416752144
151672,2,R1,kmeans,1,3888,0.31455761316872427,0.0851999164637878,0.16670823540540106,0.3405349794238683,0.10443914550170431,0.1948012579455885
151672,2,R1,kmeans,2,3888,0.3377057613168724,0.09045939017925533,0.16616470362378225,0.38837448559670784,0.12227731938979407,0.20142523991487585
151672,2,R1,kmeans,3,3888,0.3230452674897119,0.08451950931974049,0.16077723408636363,0.36162551440329216,0.10610754648596535,0.18801144691949065
151672,2,R1,kmeans,4,3888,0.3317901234567901,0.09803466945832645,0.1687986064032214,0.3713991769547325,0.12240104129756907,0.19316922634285885
151672,2,R1,kmeans,5,3888,0.3248456790123457,0.08860284653315659,0.1646223638865331,0.3629115226337449,0.11018014863816764,0.189488504628699
151672,2,R1,kmeans,6,3888,0.3366769547325103,0.1039198802801744,0.17045894926576946,0.3786008230452675,0.13474104590789457,0.20131668734149472
151672,2,R1,kmeans,7,3888,0.34439300411522633,0.10096696951450491,0.16845556433223416,0.39531893004115226,0.1384061989799905,0.205398677639653
151672,2,R1,kmeans,8,3888,0.32587448559670784,0.09937493330066868,0.16715961072237442,0.3582818930041152,0.12393511904418697,0.19325787817746648
151672,2,R1,kmeans,9,3888,0.31352880658436216,0.09776449780260921,0.16944630584086942,0.3382201646090535,0.11786753902593783,0.19395348717535646
151672,2,R1,gmm,0,3888,0.26440329218106995,0.05012474301576929,0.10325279610606894,0.286522633744856,0.06561502975791493,0.12153278661810321
151672,2,R1,gmm,1,3888,0.2813786008230453,0.054324262193923015,0.10919340720666808,0.31069958847736623,0.07127746052328918,0.12675901939916148
151672,2,R1,gmm,2,3888,0.3132716049382716,0.05935108108242674,0.11079143580525432,0.356738683127572,0.0933770764633941,0.133358952531379
151672,2,R1,gmm,3,3888,0.30787037037037035,0.04827651489989608,0.10963853577585199,0.34670781893004116,0.07220831206920095,0.1329591881041076
151672,2,R1,gmm,4,3888,0.26286008230452673,0.048237389083676016,0.10603965328338837,0.2829218106995885,0.061040104779617715,0.12491958135751714
151672,2,R1,gmm,5,3888,0.3011831275720165,0.05928416894442942,0.11148506389932156,0.33127572016460904,0.08344051660749938,0.13529907487055398
151672,2,R1,gmm,6,3888,0.3194444444444444,0.05995330643194183,0.11745673776055765,0.349022633744856,0.07881719459077591,0.1467522175965004
151672,2,R1,gmm,7,3888,0.27314814814814814,0.043647562268644455,0.1011265855955589,0.30478395061728397,0.057055368624686326,0.11926529762418359
151672,2,R1,gmm,8,3888,0.2950102880658436,0.05651329128333454,0.11365172212286963,0.33487654320987653,0.08018759455861127,0.1387939394264669
151672,2,R1,gmm,9,3888,0.28266460905349794,0.04871560802561885,0.11100087932689086,0.31430041152263377,0.07148533453368881,0.1356828819305485
151672,2,R1,leiden,0,3888,0.3184156378600823,0.05526489970327126,0.11837720960223064,0.3464506172839506,0.07041629619993875,0.14851873786103523
151672,2,R1,leiden,1,3888,0.2924382716049383,0.05026166059546698,0.11490031304871158,0.319701646090535,0.06257158691422911,0.1427710010781715
151672,2,R1,leiden,2,3888,0.30606995884773663,0.05492483770044326,0.11534130260787816,0.33204732510288065,0.06796777345943526,0.14450683514258225
151672,2,R1,leiden,3,3888,0.3073559670781893,0.050941488721615,0.11654746168025815,0.3369341563786008,0.06616273523893627,0.14851547767193482
151672,2,R1,leiden,4,3888,0.3374485596707819,0.06047621765068504,0.11908733014843238,0.3662551440329218,0.07637190515608815,0.14954061957157297
151672,2,R1,leiden,5,3888,0.2890946502057613,0.04969783230303703,0.11258557025723655,0.3140432098765432,0.06247791457587092,0.13874504359513648
151672,2,R1,leiden,6,3888,0.2957818930041152,0.05179087065302512,0.1166376869025384,0.32098765432098764,0.06435778920275972,0.14788879348145342
151672,2,R1,leiden,7,3888,0.29012345679012347,0.05156511855103029,0.116049637772029,0.31301440329218105,0.0647525476455208,0.14705296522816522
151672,2,R1,leiden,8,3888,0.32947530864197533,0.057897869562286756,0.12095141050291153,0.35648148148148145,0.07282855275376376,0.15089189127534608
151672,2,R1,leiden,9,3888,0.31430041152263377,0.05564305742424097,0.11835603049117743,0.3428497942386831,0.0726609914852961,0.15287872824961365
151672,2,R2,kmeans,0,3888,0.30401234567901236,0.06197760996663451,0.14830381667580037,0.3263888888888889,0.07913421087058153,0.17665646509000102
151672,2,R2,kmeans,1,3888,0.30401234567901236,0.06197760996663451,0.14830381667580037,0.3263888888888889,0.07913421087058153,0.17665646509000094
151672,2,R2,kmeans,2,3888,0.30401234567901236,0.06197760996663451,0.14830381667580034,0.3263888888888889,0.07913421087058153,0.17665646509000094
151672,2,R2,kmeans,3,3888,0.30401234567901236,0.06197760996663451,0.14830381667580037,0.3263888888888889,0.07913421087058153,0.17665646509000094
151672,2,R2,kmeans,4,3888,0.30401234567901236,0.06197760996663451,0.1483038166758004,0.3263888888888889,0.07913421087058153,0.17665646509000094
151672,2,R2,kmeans,5,3888,0.30401234567901236,0.06197760996663451,0.1483038166758004,0.3263888888888889,0.07913421087058153,0.1766564650900009
151672,2,R2,kmeans,6,3888,0.30401234567901236,0.06197760996663451,0.14830381667580037,0.3263888888888889,0.07913421087058153,0.17665646509000096
151672,2,R2,kmeans,7,3888,0.30401234567901236,0.06197760996663451,0.14830381667580037,0.3263888888888889,0.07913421087058153,0.17665646509000094
151672,2,R2,kmeans,8,3888,0.30401234567901236,0.06197760996663451,0.1483038166758004,0.3263888888888889,0.07913421087058153,0.17665646509000094
151672,2,R2,kmeans,9,3888,0.30401234567901236,0.06197760996663451,0.14830381667580037,0.3263888888888889,0.07913421087058153,0.17665646509000094
151672,2,R2,gmm,0,3888,0.29372427983539096,0.06212136527620497,0.14689127434563634,0.31378600823045266,0.07503644417278821,0.1691265463978146
151672,2,R2,gmm,1,3888,0.29372427983539096,0.06212136527620497,0.14689127434563637,0.31378600823045266,0.07503644417278821,0.16912654639781458
151672,2,R2,gmm,2,3888,0.29398148148148145,0.062093955357731795,0.14686900363191507,0.31275720164609055,0.07482707468036681,0.16895865178908911
151672,2,R2,gmm,3,3888,0.29372427983539096,0.06212136527620497,0.14689127434563634,0.31378600823045266,0.07503644417278821,0.1691265463978146
151672,2,R2,gmm,4,3888,0.29372427983539096,0.06212136527620497,0.14689127434563637,0.31378600823045266,0.07503644417278821,0.1691265463978146
151672,2,R2,gmm,5,3888,0.29372427983539096,0.06212136527620497,0.14689127434563634,0.31378600823045266,0.07503644417278821,0.1691265463978146
151672,2,R2,gmm,6,3888,0.29398148148148145,0.062093955357731795,0.14686900363191507,0.31275720164609055,0.07482707468036681,0.16895865178908917
151672,2,R2,gmm,7,3888,0.29398148148148145,0.062093955357731795,0.14686900363191507,0.31275720164609055,0.07482707468036681,0.16895865178908917
151672,2,R2,gmm,8,3888,0.29398148148148145,0.0621015393554382,0.14686129122946207,0.31275720164609055,0.07484196826667545,0.16896431919832855
151672,2,R2,gmm,9,3888,0.29372427983539096,0.06212136527620497,0.14689127434563634,0.31378600823045266,0.07503644417278821,0.1691265463978146
151672,2,R2,leiden,0,3888,0.2970679012345679,0.06490771899223058,0.14494928889239556,0.3184156378600823,0.07810199532978443,0.16744498388738382
151672,2,R2,leiden,1,3888,0.27237654320987653,0.062863083954268,0.14284968577983245,0.2968106995884774,0.07713892739115161,0.1641048989842811
151672,2,R2,leiden,2,3888,0.27289094650205764,0.05982096008230749,0.1410271956486308,0.29398148148148145,0.07202810080269595,0.1600712542960392
151672,2,R2,leiden,3,3888,0.27391975308641975,0.05941465343863999,0.14077051116590367,0.2978395061728395,0.07076765913496022,0.15800761433459315
151672,2,R2,leiden,4,3888,0.2962962962962963,0.06260344284136661,0.14242976759467044,0.3212448559670782,0.0773530599176733,0.1657391318037067
151672,2,R2,leiden,5,3888,0.27829218106995884,0.059095164353624476,0.14122449994669575,0.30272633744855965,0.06998856729944793,0.160575737551711
151672,2,R2,leiden,6,3888,0.26517489711934156,0.057136070114376325,0.14076697606106364,0.2836934156378601,0.0684399044918156,0.1619499934084521
151672,2,R2,leiden,7,3888,0.2957818930041152,0.06545290734547111,0.14483207874140056,0.3161008230452675,0.07963682927403389,0.16708538041098642
151672,2,R2,leiden,8,3888,0.29475308641975306,0.0652321945755621,0.1446170578035653,0.31995884773662553,0.07771325709896332,0.16480735554681317
151672,2,R2,leiden,9,3888,0.2716049382716049,0.05924265881760298,0.1411782280307578,0.2952674897119342,0.07207027514895206,0.16119744681916814
151672,2,R3,kmeans,0,3888,0.32227366255144035,0.02097470999429159,0.0660079845285073,0.3315329218106996,0.02997899865056305,0.08972207381827299
151672,2,R3,kmeans,1,3888,0.2839506172839506,0.0049899193511918905,0.05207453802591032,0.2962962962962963,0.013335331766623985,0.06881418730124872
151672,2,R3,kmeans,2,3888,0.28497942386831276,0.005204531996800239,0.051626922391859384,0.2986111111111111,0.014055455882008096,0.06792187921071513
151672,2,R3,kmeans,3,3888,0.2836934156378601,0.00547340884699306,0.05207687212663023,0.2950102880658436,0.01373980747566896,0.0684397265682637
151672,2,R3,kmeans,4,3888,0.2829218106995885,0.005334509902321204,0.052025479882611594,0.2926954732510288,0.01291494661558458,0.06770286502891988
151672,2,R3,kmeans,5,3888,0.2836934156378601,0.00547340884699306,0.05207687212663023,0.2950102880658436,0.01373980747566896,0.0684397265682637
151672,2,R3,kmeans,6,3888,0.28266460905349794,0.005192610764782323,0.05179587315461106,0.2924382716049383,0.012840823742069156,0.06765007015499452
151672,2,R3,kmeans,7,3888,0.28266460905349794,0.00526901041743095,0.051977048095750204,0.2924382716049383,0.012840823742069156,0.06765007015499454
151672,2,R3,kmeans,8,3888,0.2836934156378601,0.00547340884699306,0.05207687212663022,0.29475308641975306,0.013596265817046807,0.06805759710789283
151672,2,R3,kmeans,9,3888,0.2836934156378601,0.004876607944722111,0.052012223832374346,0.2952674897119342,0.012977440793704907,0.06881087379539183
151672,2,R3,gmm,0,3888,0.30684156378600824,0.02228283554296805,0.052408925592092585,0.31815843621399176,0.032450256796962874,0.0673749197808154
151672,2,R3,gmm,1,3888,0.2646604938271605,0.020584084516202812,0.05706380865656473,0.2803497942386831,0.029898202078337086,0.07279124150271885
151672,2,R3,gmm,2,3888,0.28935185185185186,0.025159143635415035,0.05848263611276908,0.31352880658436216,0.036332271952463455,0.07730174849621972
151672,2,R3,gmm,3,3888,0.3022119341563786,0.021939549323519318,0.06313670761247095,0.32587448559670784,0.033531995845405435,0.08592415541975026
151672,2,R3,gmm,4,3888,0.26440329218106995,0.02052257188187195,0.057104939431545626,0.2803497942386831,0.029898202078337086,0.07279124150271885
151672,2,R3,gmm,5,3888,0.27469135802469136,0.014053421973628157,0.05767667132311926,0.29835390946502055,0.025502536597148788,0.07371811988079463
151672,2,R3,gmm,6,3888,0.2890946502057613,0.017636824401615212,0.055106286934248044,0.30864197530864196,0.03195521328075473,0.06881621309062949
151672,2,R3,gmm,7,3888,0.2852366255144033,0.01917540863372541,0.05608287538309718,0.3006687242798354,0.03186189841797898,0.07003630295418217
151672,2,R3,gmm,8,3888,0.2654320987654321,0.021272036982887217,0.057562055224932594,0.28060699588477367,0.030534027311539293,0.07338514828773458
151672,2,R3,gmm,9,3888,0.29012345679012347,0.018107004457746764,0.05532017420340886,0.31044238683127573,0.03310802179937711,0.07006038596191949
151672,2,R3,leiden,0,3888,0.2523148148148148,0.03705319730760644,0.0740184926836941,0.2667181069958848,0.04449441397396017,0.08351220951712376
151672,2,R3,leiden,1,3888,0.2525720164609053,0.029402911494320467,0.07120987881945326,0.2692901234567901,0.03758147899547851,0.08702091387174113
151672,2,R3,leiden,2,3888,0.268261316872428,0.024890776406099935,0.07490781048518232,0.2811213991769547,0.0342393763889749,0.08832934249878838
151672,2,R3,leiden,3,3888,0.26517489711934156,0.03084038001483831,0.0697855551758482,0.2816358024691358,0.04040874328529783,0.08078416503210419
151672,2,R3,leiden,4,3888,0.2456275720164609,0.03153585784342225,0.07670171384138495,0.2613168724279835,0.042924157306628824,0.09334844619942131
151672,2,R3,leiden,5,3888,0.2623456790123457,0.031953210141470026,0.0791341848249235,0.2795781893004115,0.04188129054095715,0.09609715895012018
151672,2,R3,leiden,6,3888,0.2839506172839506,0.029883684644523102,0.06746587635304203,0.3006687242798354,0.037097380113396417,0.081539220775461
151672,2,R3,leiden,7,3888,0.3058127572016461,0.0335352539427913,0.06860854492483304,0.3245884773662551,0.044230902109656335,0.08724885954290117
151672,2,R3,leiden,8,3888,0.2463991769547325,0.031224966101377937,0.07716854610687948,0.2623456790123457,0.04219125717870413,0.0960628149011085
151672,2,R3,leiden,9,3888,0.27469135802469136,0.03128781691061993,0.07011630968644475,0.2926954732510288,0.04043043199170122,0.08444211974577467
151672,2,R4,kmeans,0,3888,0.32150205761316875,0.05941642677296825,0.1438556307790533,0.356738683127572,0.08290500048258626,0.19160655715794975
151672,2,R4,kmeans,1,3888,0.3299897119341564,0.06162948583445678,0.14576099118755634,0.36522633744855965,0.08635470806409401,0.19502804569765733
151672,2,R4,kmeans,2,3888,0.3299897119341564,0.06145587813179874,0.14538997661213163,0.3654835390946502,0.08656842235722632,0.19528919834693814
151672,2,R4,kmeans,3,3888,0.3299897119341564,0.06165440783916964,0.14582774008903013,0.36522633744855965,0.0863731906341265,0.1950815813864135
151672,2,R4,kmeans,4,3888,0.3289609053497942,0.06114228463300686,0.14584114492303057,0.363940329218107,0.08601499655367556,0.19522813336933015
151672,2,R4,kmeans,5,3888,0.31224279835390945,0.05578907008387238,0.13943611779077283,0.3405349794238683,0.07500669075859363,0.18244165030884166
151672,2,R4,kmeans,6,3888,0.3212448559670782,0.057645002297910926,0.14054416312723392,0.3479938271604938,0.0774436788562787,0.1826993938110749
151672,2,R4,kmeans,7,3888,0.32098765432098764,0.05757465631790311,0.14079216956164187,0.3479938271604938,0.07747860801620303,0.1840014819738349
151672,2,R4,kmeans,8,3888,0.3299897119341564,0.06162948583445678,0.14576099118755634,0.36522633744855965,0.08635470806409401,0.1950280456976573
151672,2,R4,kmeans,9,3888,0.3299897119341564,0.06165440783916964,0.14582774008903013,0.36522633744855965,0.0863731906341265,0.19508158138641346
151672,2,R4,gmm,0,3888,0.30632716049382713,0.06384417175983,0.14743973590608733,0.33359053497942387,0.08075206108321117,0.17508203600983874
151672,2,R4,gmm,1,3888,0.31121399176954734,0.06416361712599411,0.1402578406882701,0.3361625514403292,0.07835830449652757,0.16491256961387726
151672,2,R4,gmm,2,3888,0.31301440329218105,0.0633355435508621,0.140826640673743,0.3361625514403292,0.07645703441480756,0.16545621354953782
151672,2,R4,gmm,3,3888,0.3096707818930041,0.06451241332788792,0.14032781595620206,0.3317901234567901,0.07835136196466448,0.16450958347897382
151672,2,R4,gmm,4,3888,0.31069958847736623,0.06441983219884422,0.140216645119371,0.3341049382716049,0.07855829701865011,0.16467507070845164
151672,2,R4,gmm,5,3888,0.31044238683127573,0.06460736147828358,0.14043282957057923,0.33204732510288065,0.07820427813045028,0.16470043387721608
151672,2,R4,gmm,6,3888,0.31301440329218105,0.06323047145234394,0.14052907528054925,0.3374485596707819,0.0766590326038905,0.16561115706484458
151672,2,R4,gmm,7,3888,0.31867283950617287,0.07038226834645604,0.1441495402631146,0.35210905349794236,0.08720576272060306,0.16930978006510905
151672,2,R4,gmm,8,3888,0.30941358024691357,0.06460260612532302,0.14042860384367498,0.3323045267489712,0.07850672105475723,0.16471584619466773
151672,2,R4,gmm,9,3888,0.3096707818930041,0.06456579244721138,0.14039695356488988,0.3317901234567901,0.07841119796942898,0.16459519493475294
151672,2,R4,leiden,0,3888,0.3323045267489712,0.07814690741205223,0.16455156787928454,0.356738683127572,0.09818435382017386,0.20872266747762258
151672,2,R4,leiden,1,3888,0.3330761316872428,0.06935430099885728,0.15288729164618628,0.36239711934156377,0.0910935593233817,0.19850823377980598
151672,2,R4,leiden,2,3888,0.3289609053497942,0.05748243987972728,0.15248497385795684,0.3593106995884774,0.07897793981826604,0.20611955002579155
151672,2,R4,leiden,3,3888,0.37114197530864196,0.07822492597915474,0.16019168016452037,0.40329218106995884,0.10945823165482402,0.21600702617868253
151672,2,R4,leiden,4,3888,0.35468106995884774,0.0885216597317874,0.17072636484473216,0.3863168724279835,0.11487190562857373,0.217793984416282
151672,2,R4,leiden,5,3888,0.33461934156378603,0.07759232201743538,0.16936060323678492,0.36599794238683125,0.10128879102983947,0.2231753685243057
151672,2,R4,leiden,6,3888,0.33461934156378603,0.06747879535985579,0.15247647902774253,0.363940329218107,0.09040281553843015,0.1976572582144253
151672,2,R4,leiden,7,3888,0.3533950617283951,0.06760794839419974,0.15690804815433887,0.3809156378600823,0.09358933484002725,0.21691175515706054
151672,2,R4,leiden,8,3888,0.3287037037037037,0.07106370475455955,0.14382498264752178,0.3654835390946502,0.09570180511251417,0.18530510608756467
151672,2,R4,leiden,9,3888,0.31790123456790126,0.06892186330118583,0.16685920387796374,0.3464506172839506,0.08791783315188531,0.21476378185994144
151672,2,R5,kmeans,0,3888,0.31635802469135804,0.04197113374588765,0.12715513602089626,0.33641975308641975,0.058107357764530305,0.1656843516343319
151672,2,R5,kmeans,1,3888,0.31738683127572015,0.04221964202090532,0.12709608343801818,0.3382201646090535,0.05876337419709659,0.16814231316526332
151672,2,R5,kmeans,2,3888,0.31635802469135804,0.04228829471012759,0.12567485319543675,0.3359053497942387,0.05832779172040686,0.16553119612148035
151672,2,R5,kmeans,3,3888,0.31635802469135804,0.04223773597150455,0.12584151722415346,0.33564814814814814,0.05812009822213404,0.16455490425831493
151672,2,R5,kmeans,4,3888,0.31661522633744854,0.04199203623855014,0.12723000302737877,0.33641975308641975,0.058100156209941675,0.16573838422202072
151672,2,R5,kmeans,5,3888,0.31738683127572015,0.04221964202090532,0.1270960834380182,0.3382201646090535,0.05876337419709659,0.16814231316526332
151672,2,R5,kmeans,6,3888,0.31738683127572015,0.04221964202090532,0.12709608343801818,0.3382201646090535,0.05876337419709659,0.16814231316526332
151672,2,R5,kmeans,7,3888,0.31738683127572015,0.04221964202090532,0.12709608343801818,0.3382201646090535,0.05876337419709659,0.16814231316526332
151672,2,R5,kmeans,8,3888,0.31661522633744854,0.04213209189933006,0.1273015028426525,0.3369341563786008,0.058451135772182035,0.16726150923561364
151672,2,R5,kmeans,9,3888,0.3096707818930041,0.03951895548231903,0.11962271741880548,0.3341049382716049,0.05451567328488084,0.15885387029703008
151672,2,R5,gmm,0,3888,0.29475308641975306,0.06410621261410367,0.13687190505002786,0.31815843621399176,0.07764625359495268,0.1586965105682921
151672,2,R5,gmm,1,3888,0.2844650205761317,0.06397558749065496,0.14423390671000366,0.3029835390946502,0.07686615703208358,0.16615864778964548
151672,2,R5,gmm,2,3888,0.2875514403292181,0.06453252263982885,0.1430197238552771,0.3117283950617284,0.07801484943081435,0.16455802639436984
151672,2,R5,gmm,3,3888,0.29475308641975306,0.06235719831412871,0.14737110984333715,0.3150720164609053,0.07517842039940381,0.16970188744803144
151672,2,R5,gmm,4,3888,0.294238683127572,0.0645722013056519,0.13771190392021931,0.32021604938271603,0.07851494510557123,0.15970945264233583
151672,2,R5,gmm,5,3888,0.2875514403292181,0.06454614612440691,0.14301702051587123,0.31147119341563784,0.07798605270573353,0.1645346118219804
151672,2,R5,gmm,6,3888,0.2950102880658436,0.06460307104480148,0.13744672770368996,0.319701646090535,0.07778628816239026,0.15877657410749757
151672,2,R5,gmm,7,3888,0.2932098765432099,0.06462701044425537,0.13781551705609013,0.3184156378600823,0.0783132911132831,0.1595639247466411
151672,2,R5,gmm,8,3888,0.2932098765432099,0.06450254500959621,0.13771503793561968,0.3184156378600823,0.07828147587616431,0.15953442101663587
151672,2,R5,gmm,9,3888,0.2952674897119342,0.06434741327880474,0.1372610647937434,0.3184156378600823,0.07771308612139459,0.15894874730226632
151672,2,R5,leiden,0,3888,0.2993827160493827,0.0587487557986957,0.11936862476723518,0.3243312757201646,0.07632796598433125,0.15015982985532852
151672,2,R5,leiden,1,3888,0.30941358024691357,0.06913470903689754,0.1387865541429574,0.34079218106995884,0.09006798469343207,0.1704333059176352
151672,2,R5,leiden,2,3888,0.3176440329218107,0.06479153158039497,0.12472994145155816,0.33899176954732513,0.08112201538023787,0.15053953653958402
151672,2,R5,leiden,3,3888,0.279320987654321,0.04683404570151776,0.11808453783557686,0.3117283950617284,0.06361186189386867,0.14802110512731312
151672,2,R5,leiden,4,3888,0.27314814814814814,0.05256734428006215,0.13563117624121096,0.30246913580246915,0.06997569920134938,0.1653601213047897
151672,2,R5,leiden,5,3888,0.2821502057613169,0.05232579580207746,0.13002005036893552,0.3011831275720165,0.06782030278868438,0.15721721738305441
151672,2,R5,leiden,6,3888,0.2736625514403292,0.058201739568183634,0.13877206090352373,0.29886831275720166,0.07428336422644585,0.16453550880255993
151672,2,R5,leiden,7,3888,0.2808641975308642,0.05149733579481813,0.11653375193184844,0.31147119341563784,0.06779527526374356,0.1423952406989109
151672,2,R5,leiden,8,3888,0.31301440329218105,0.07032325070801514,0.14701154671832434,0.3413065843621399,0.09012913071710643,0.18081074185142273
151672,2,R5,leiden,9,3888,0.2919238683127572,0.06701237875197662,0.13504182588276153,0.31893004115226337,0.08724449839681969,0.16639138937573422
151672,2,R6,kmeans,0,3888,0.31044238683127573,0.039674637404564964,0.1198136441881445,0.3351337448559671,0.054667149168195095,0.15832643358066273
151672,2,R6,kmeans,1,3888,0.31738683127572015,0.04221964202090532,0.1270960834380182,0.3382201646090535,0.05876337419709659,0.16814231316526335
151672,2,R6,kmeans,2,3888,0.31635802469135804,0.04228829471012759,0.12567485319543675,0.3359053497942387,0.05832779172040686,0.16553119612148035
151672,2,R6,kmeans,3,3888,0.31635802469135804,0.04223773597150455,0.12584151722415346,0.33564814814814814,0.05812009822213404,0.16455490425831493
151672,2,R6,kmeans,4,3888,0.31738683127572015,0.04221964202090532,0.1270960834380182,0.3382201646090535,0.05876337419709659,0.16814231316526332
151672,2,R6,kmeans,5,3888,0.3096707818930041,0.0395160070865864,0.1196548946492969,0.3341049382716049,0.05453420844289644,0.15894650771775226
151672,2,R6,kmeans,6,3888,0.31738683127572015,0.04221964202090532,0.12709608343801818,0.3382201646090535,0.05876337419709659,0.16814231316526332
151672,2,R6,kmeans,7,3888,0.31738683127572015,0.04221964202090532,0.12709608343801818,0.3382201646090535,0.05876337419709659,0.16814231316526332
151672,2,R6,kmeans,8,3888,0.31661522633744854,0.04213209189933006,0.1273015028426525,0.3369341563786008,0.058451135772182035,0.16726150923561364
151672,2,R6,kmeans,9,3888,0.3117283950617284,0.04055851710100979,0.12274222025776382,0.3397633744855967,0.05983065497970012,0.1701229036072679
151672,2,R6,gmm,0,3888,0.32098765432098764,0.0617646641757717,0.1242463647145823,0.3464506172839506,0.07984716974290576,0.15465734545637755
151672,2,R6,gmm,1,3888,0.31635802469135804,0.053305410470970115,0.10907677421787153,0.3479938271604938,0.0792161584714656,0.13744241172439126
151672,2,R6,gmm,2,3888,0.32175925925925924,0.06279466238434323,0.12614782055323173,0.3482510288065844,0.08159323658462239,0.15762564027647558
151672,2,R6,gmm,3,3888,0.31635802469135804,0.053305410470970115,0.10907677421787151,0.3479938271604938,0.0792161584714656,0.13744241172439126
151672,2,R6,gmm,4,3888,0.3410493827160494,0.068662342893757,0.12256968336742734,0.37371399176954734,0.09680983325467399,0.15853957927960868
151672,2,R6,gmm,5,3888,0.3176440329218107,0.0560227347222033,0.10770511147230954,0.33127572016460904,0.07466894637303904,0.13422875987841462
151672,2,R6,gmm,6,3888,0.3413065843621399,0.06913727571337108,0.1237552322435319,0.3724279835390947,0.09649862936240917,0.16051337528250162
151672,2,R6,gmm,7,3888,0.37165637860082307,0.06899619979819241,0.13846403049450037,0.40046296296296297,0.09149414506501165,0.17724247256384124
151672,2,R6,gmm,8,3888,0.3191872427983539,0.05626254939339234,0.10781460047921261,0.33461934156378603,0.07432171592948017,0.13387254267313195
151672,2,R6,gmm,9,3888,0.3413065843621399,0.06899957095316955,0.12318314098719309,0.3721707818930041,0.09754325831695783,0.16034340576797815
151672,2,R6,leiden,0,3888,0.30787037037037035,0.06048973936610166,0.12402741132409183,0.3325617283950617,0.0786358743237094,0.15556103111837394
151672,2,R6,leiden,1,3888,0.31790123456790126,0.0574697197646327,0.13434789080573217,0.3317901234567901,0.07313492593303363,0.1666796626074838
151672,2,R6,leiden,2,3888,0.3341049382716049,0.06442162543274416,0.14484660308301942,0.35288065843621397,0.08593703936942788,0.18400278543385884
151672,2,R6,leiden,3,3888,0.30684156378600824,0.06258426332639576,0.13594845254934804,0.33281893004115226,0.08182334353091719,0.16915163260301755
151672,2,R6,leiden,4,3888,0.2854938271604938,0.04170205300575689,0.10360824545110431,0.31430041152263377,0.05315387585883628,0.12846940230182977
151672,2,R6,leiden,5,3888,0.2962962962962963,0.041802379291856866,0.11175525976533429,0.323559670781893,0.05986359305195443,0.13954664041904616
151672,2,R6,leiden,6,3888,0.3292181069958848,0.06944704415471552,0.1301084864317351,0.3582818930041152,0.09349976776225496,0.16662236058088875
151672,2,R6,leiden,7,3888,0.3343621399176955,0.05978627227664919,0.13583049901907196,0.35288065843621397,0.08078593222244541,0.17609241180455112
151672,2,R6,leiden,8,3888,0.31584362139917693,0.057722848581587424,0.1442888111246564,0.35288065843621397,0.08058591499774559,0.1870619720243937
151672,2,R6,leiden,9,3888,0.33024691358024694,0.056411762124456116,0.11644565039421428,0.36136831275720166,0.07708746141174147,0.1444486781405707
151672,2,R7,kmeans,0,3888,0.31147119341563784,0.07440990705497214,0.1547660450119343,0.3387345679012346,0.09114172800328336,0.18056252398588124
151672,2,R7,kmeans,1,3888,0.3109567901234568,0.0740234716704546,0.15499432198225835,0.3359053497942387,0.09030401163962012,0.18058951816754618
151672,2,R7,kmeans,2,3888,0.30684156378600824,0.07333940232876617,0.15295592904015576,0.3338477366255144,0.08925297335132662,0.17752957623951074
151672,2,R7,kmeans,3,3888,0.3088991769547325,0.07315804846237572,0.15370302388615828,0.3338477366255144,0.08894463850926591,0.17926032314770898
151672,2,R7,kmeans,4,3888,0.31044238683127573,0.07341556699574454,0.15440072266827903,0.33539094650205764,0.08966146892766134,0.18027863626875887
151672,2,R7,kmeans,5,3888,0.3125,0.07428371793197344,0.15503853660937736,0.33719135802469136,0.09067021202771307,0.18070677376123187
151672,2,R7,kmeans,6,3888,0.3096707818930041,0.07324301388465998,0.15383031707723727,0.33487654320987653,0.08898482337393182,0.17919471192226766
151672,2,R7,kmeans,7,3888,0.3096707818930041,0.07327734216034272,0.15373112551932958,0.33487654320987653,0.08898482337393182,0.1791947119222677
151672,2,R7,kmeans,8,3888,0.30915637860082307,0.07326905012509768,0.1537649174911607,0.3341049382716049,0.08910190862755733,0.1793474109037534
151672,2,R7,kmeans,9,3888,0.3096707818930041,0.07317727953950398,0.15426567035079183,0.3351337448559671,0.08923729683695635,0.179791526308966
151672,2,R7,gmm,0,3888,0.28600823045267487,0.07017060705181474,0.14742592251763426,0.30632716049382713,0.08277218327667338,0.16470501103127652
151672,2,R7,gmm,1,3888,0.279320987654321,0.07182033059718743,0.14781154128685456,0.29963991769547327,0.08660675205196733,0.166865160247712
151672,2,R7,gmm,2,3888,0.2762345679012346,0.06932830034775199,0.14839213585276512,0.29038065843621397,0.08211237199967436,0.16827014865556544
151672,2,R7,gmm,3,3888,0.27906378600823045,0.0717375034559844,0.14776565426397845,0.29912551440329216,0.0865951257051192,0.16687668337223938
151672,2,R7,gmm,4,3888,0.27906378600823045,0.07182096722716523,0.14782102144872508,0.29912551440329216,0.08669834335375369,0.16694258041564122
151672,2,R7,gmm,5,3888,0.27906378600823045,0.07182096722716523,0.1478210214487251,0.29912551440329216,0.08669834335375369,0.16694258041564122
151672,2,R7,gmm,6,3888,0.27649176954732513,0.0693984456280079,0.14845276183083236,0.2908950617283951,0.08229871329635437,0.16839971420539335
151672,2,R7,gmm,7,3888,0.27906378600823045,0.0717375034559844,0.1477656542639784,0.29912551440329216,0.0865951257051192,0.16687668337223938
151672,2,R7,gmm,8,3888,0.27649176954732513,0.06939617374076891,0.14851198872547772,0.2906378600823045,0.08217709956524101,0.16834458802483146
151672,2,R7,gmm,9,3888,0.275977366255144,0.06869248476624866,0.14747976335705695,0.29218106995884774,0.08053345449269839,0.1663257360326556
151672,2,R7,leiden,0,3888,0.32407407407407407,0.08335168069604797,0.14460178115888894,0.36136831275720166,0.10755354662469255,0.16985259787957266
151672,2,R7,leiden,1,3888,0.294238683127572,0.07793604253282896,0.14747135696287123,0.3148148148148148,0.08997601695368668,0.17085673841131255
151672,2,R7,leiden,2,3888,0.30941358024691357,0.07557869774028902,0.1511445377529434,0.3297325102880658,0.09176765496568308,0.17493762845483962
151672,2,R7,leiden,3,3888,0.3191872427983539,0.08663202826050197,0.14960076442317768,0.3428497942386831,0.10739895652751734,0.17387816214594862
151672,2,R7,leiden,4,3888,0.33204732510288065,0.07745583301848795,0.1526756364193935,0.36419753086419754,0.09639896347098259,0.17857519029629165
151672,2,R7,leiden,5,3888,0.2726337448559671,0.0633304398650291,0.14374086918126905,0.29449588477366256,0.07642443203652469,0.16609648485595885
151672,2,R7,leiden,6,3888,0.3109567901234568,0.07813525483974115,0.1447044241849921,0.33796296296296297,0.09547710677421187,0.16974569279533808
151672,2,R7,leiden,7,3888,0.3325617283950617,0.08802757667443399,0.15263234263741188,0.3721707818930041,0.11789322176027552,0.17904450066416125
151672,2,R7,leiden,8,3888,0.3582818930041152,0.08324793558098761,0.14015356676098542,0.38760288065843623,0.11035016422119981,0.17541759045346042
151672,2,R7,leiden,9,3888,0.29655349794238683,0.0743339775522209,0.14692074738100241,0.32175925925925924,0.09025254950448312,0.17009792539568677
151672,2,R8,kmeans,0,3888,0.24691358024691357,0.02677650347579326,0.0610009223232933,0.26800411522633744,0.03736528579030087,0.07925668233882516
151672,2,R8,kmeans,1,3888,0.2566872427983539,0.028411340316339826,0.062343329040847294,0.2777777777777778,0.039199336980508086,0.08085001256130445
151672,2,R8,kmeans,2,3888,0.2515432098765432,0.027231011553987248,0.060655803127031886,0.27314814814814814,0.03744068199460865,0.07889703302748292
151672,2,R8,kmeans,3,3888,0.2523148148148148,0.027019478090162013,0.06206122363966024,0.27391975308641975,0.03730995133899422,0.07980925861242728
151672,2,R8,kmeans,4,3888,0.2523148148148148,0.02844579036286782,0.06290338065988753,0.27469135802469136,0.038733808186532576,0.08104937056107415
151672,2,R8,kmeans,5,3888,0.25205761316872427,0.028525337816989894,0.06282099518499416,0.2734053497942387,0.03954695718822285,0.08164115468208773
151672,2,R8,kmeans,6,3888,0.25,0.028414264590537624,0.06479184399075877,0.27109053497942387,0.0390811086217157,0.0830589327898225
151672,2,R8,kmeans,7,3888,0.25102880658436216,0.028099077548512232,0.062314755181444026,0.2718621399176955,0.03858023608051008,0.08053036795983527
151672,2,R8,kmeans,8,3888,0.2507716049382716,0.028129183073613208,0.06304371126560199,0.2718621399176955,0.038919217886194596,0.08190930517365519
151672,2,R8,kmeans,9,3888,0.25128600823045266,0.027907339030878595,0.06184000918570443,0.27211934156378603,0.03861782548124202,0.0800798367787553
151672,2,R8,gmm,0,3888,0.2656893004115226,0.031550875915197896,0.06396139580808671,0.29398148148148145,0.04569078423062205,0.08805727716218545
151672,2,R8,gmm,1,3888,0.264917695473251,0.031297941127401405,0.06332258072015133,0.2926954732510288,0.04523219360766588,0.08736315982280488
151672,2,R8,gmm,2,3888,0.2456275720164609,0.02643906163692054,0.061511372170109054,0.25771604938271603,0.03194574397237705,0.0742644561201496
151672,2,R8,gmm,3,3888,0.26594650205761317,0.031615286141847276,0.06366647128793461,0.29398148148148145,0.0457293856907539,0.08793540681722649
151672,2,R8,gmm,4,3888,0.25025720164609055,0.02613481597567551,0.0636015474566322,0.27109053497942387,0.036354193817965744,0.08423034790672347
151672,2,R8,gmm,5,3888,0.26594650205761317,0.03158932053890462,0.06413981763040011,0.29449588477366256,0.04600173696891727,0.08838980760918871
151672,2,R8,gmm,6,3888,0.2654320987654321,0.031291701371453734,0.063720089262557,0.2934670781893004,0.045516948261164696,0.08792791992792577
151672,2,R8,gmm,7,3888,0.25,0.026013220037682944,0.0634583917257886,0.2708333333333333,0.03619121452858151,0.08404876289946599
151672,2,R8,gmm,8,3888,0.24819958847736626,0.02782282415385292,0.06275000036540905,0.26080246913580246,0.03373517241735423,0.07506887807863014
151672,2,R8,gmm,9,3888,0.26594650205761317,0.03164668205356908,0.06402215844282512,0.294238683127572,0.04581869129578447,0.08814688832100132
151672,2,R8,leiden,0,3888,0.21219135802469136,0.016292087908933186,0.04648508208085866,0.21296296296296297,0.018681812294493293,0.050333105587914234
151672,2,R8,leiden,1,3888,0.22145061728395063,0.019948795279446215,0.04825350058422296,0.23276748971193414,0.024954261987891198,0.056805761840275554
151672,2,R8,leiden,2,3888,0.2613168724279835,0.026378235366030057,0.05361361487094517,0.2836934156378601,0.03120328231898011,0.06426905414562624
151672,2,R8,leiden,3,3888,0.2361111111111111,0.013267661480795103,0.047734730614985094,0.24717078189300412,0.017260474336555233,0.05688980105999815
151672,2,R8,leiden,4,3888,0.20421810699588477,0.01542513157985891,0.04708806367748095,0.21064814814814814,0.01802579819631013,0.05265141111000898
151672,2,R8,leiden,5,3888,0.23585390946502058,0.01367167254379652,0.04806102063033219,0.24897119341563786,0.01901865873068575,0.0586469133702384
151672,2,R8,leiden,6,3888,0.22839506172839505,0.012305287626219429,0.0475098345592529,0.23353909465020575,0.014148803901470905,0.055113787398203634
151672,2,R8,leiden,7,3888,0.20601851851851852,0.018130329849844248,0.052137688149144115,0.21862139917695472,0.022296453407285085,0.06021247131552653
151672,2,R8,leiden,8,3888,0.227880658436214,0.01622762969924091,0.049339096579643284,0.23996913580246915,0.01913371225921561,0.055678556316696666
151672,2,R8,leiden,9,3888,0.2656893004115226,0.023452202856492882,0.05360004946735364,0.283179012345679,0.02562339680638679,0.062394952778807806
151672,2,R9,kmeans,0,3888,0.2957818930041152,0.07346253754628693,0.1570196853510151,0.32175925925925924,0.09070139393319415,0.18440917201342022
151672,2,R9,kmeans,1,3888,0.30272633744855965,0.0752103691239342,0.15870757336476934,0.3297325102880658,0.09270733846137028,0.18707493172904124
151672,2,R9,kmeans,2,3888,0.29295267489711935,0.07453232957370759,0.15764197914391703,0.3212448559670782,0.09264675665032955,0.18657321333382754
151672,2,R9,kmeans,3,3888,0.30169753086419754,0.0752703937524173,0.1587844003037881,0.3292181069958848,0.0929561956576032,0.18696325325494823
151672,2,R9,kmeans,4,3888,0.29372427983539096,0.07431755798279399,0.15765982722732322,0.32175925925925924,0.09240094534837408,0.18638265730271278
151672,2,R9,kmeans,5,3888,0.29372427983539096,0.07486714972325477,0.15807918316705638,0.3204732510288066,0.09125683838702513,0.18554680310401062
151672,2,R9,kmeans,6,3888,0.29398148148148145,0.07445272825370312,0.1575503810635192,0.3220164609053498,0.0925392002996009,0.1862048414151809
151672,2,R9,kmeans,7,3888,0.2919238683127572,0.07422913010544539,0.15712921300547686,0.32073045267489714,0.09304623427317889,0.18663153537006463
151672,2,R9,kmeans,8,3888,0.30246913580246915,0.07591128479469844,0.15916277098012946,0.3299897119341564,0.09394636174097631,0.18752456198755563
151672,2,R9,kmeans,9,3888,0.29372427983539096,0.07583437458591186,0.15869681986688536,0.319701646090535,0.09291815226034743,0.1866228074316508
151672,2,R9,gmm,0,3888,0.29012345679012347,0.08013420809183341,0.15768507724521635,0.31224279835390945,0.09690568175817714,0.1850307797601696
151672,2,R9,gmm,1,3888,0.2906378600823045,0.08042954259038246,0.15813844980923006,0.3125,0.0974972713743825,0.18582435957868493
151672,2,R9,gmm,2,3888,0.2908950617283951,0.08044893593181639,0.15818212420823902,0.3132716049382716,0.09759353630086946,0.18595136503558798
151672,2,R9,gmm,3,3888,0.29038065843621397,0.0803380350337307,0.15818127915227984,0.3125,0.09745642046850761,0.18594893448595132
151672,2,R9,gmm,4,3888,0.29012345679012347,0.08028215361616278,0.1580801459952092,0.31198559670781895,0.09727484533190636,0.18575089788698007
151672,2,R9,gmm,5,3888,0.29218106995884774,0.07660110430857772,0.156229750106319,0.3161008230452675,0.09153053986907529,0.18316237671437297
151672,2,R9,gmm,6,3888,0.29038065843621397,0.0803380350337307,0.15818127915227978,0.3125,0.09745642046850761,0.18594893448595132
151672,2,R9,gmm,7,3888,0.31224279835390945,0.08402021444795708,0.15916018766069298,0.3330761316872428,0.10142411615402197,0.18466035750764928
151672,2,R9,gmm,8,3888,0.29012345679012347,0.08017346484688834,0.15823321667841936,0.31275720164609055,0.09673321139337283,0.18561908329828114
151672,2,R9,gmm,9,3888,0.29218106995884774,0.08075146260816102,0.1589264718020248,0.31352880658436216,0.09748054286251848,0.18624540702154932
151672,2,R9,leiden,0,3888,0.33641975308641975,0.08301271731985516,0.16257782321124395,0.3500514403292181,0.09711338942915737,0.19318473233209238
151672,2,R9,leiden,1,3888,0.36599794238683125,0.08757193264377375,0.17273784753585106,0.37628600823045266,0.10652441670063285,0.2076064573052564
151672,2,R9,leiden,2,3888,0.30272633744855965,0.06460690380124914,0.13963949978441817,0.3333333333333333,0.08186773634663233,0.17341134260256813
151672,2,R9,leiden,3,3888,0.31455761316872427,0.06769400634099286,0.13658868423639842,0.3343621399176955,0.08137679743239781,0.16996451056035894
151672,2,R9,leiden,4,3888,0.3330761316872428,0.06147734282623551,0.14963545743502932,0.36342592592592593,0.07489031548484334,0.19051165158736436
151672,2,R9,leiden,5,3888,0.33101851851851855,0.07296977512183256,0.13725263773290328,0.3469650205761317,0.08819647340463323,0.16930273986613847
151672,2,R9,leiden,6,3888,0.31635802469135804,0.07045093726941816,0.1368611443367683,0.34850823045267487,0.08556678081037646,0.1640280710941653
151672,2,R9,leiden,7,3888,0.3338477366255144,0.08085738839123989,0.15325079595621433,0.36676954732510286,0.09670637808457824,0.18281837733521805
151672,2,R9,leiden,8,3888,0.3438786008230453,0.08012368238581129,0.14922072555768973,0.36574074074074076,0.09876765432480498,0.1902399837428431
151672,2,R9,leiden,9,3888,0.3317901234567901,0.08314061967174632,0.16038702660724444,0.3469650205761317,0.09769433902349192,0.1952102559025319
151672,2,R10,kmeans,0,3888,0.30606995884773663,0.08023944471112433,0.15782257480900402,0.32664609053497945,0.09417140244714153,0.18022604091757638
151672,2,R10,kmeans,1,3888,0.28960905349794236,0.07851583420357144,0.15786228844620648,0.30864197530864196,0.09280522543021237,0.1816084645481165
151672,2,R10,kmeans,2,3888,0.3081275720164609,0.07837677136011975,0.15784449999322223,0.32947530864197533,0.09264835477761493,0.18287730925121776
151672,2,R10,kmeans,3,3888,0.30632716049382713,0.08041309068793716,0.1582884714332617,0.3281893004115226,0.09497547526140192,0.18316148852109987
151672,2,R10,kmeans,4,3888,0.30349794238683125,0.08050207908858902,0.16125540457159374,0.3330761316872428,0.10136475662889546,0.1918859553304405
151672,2,R10,kmeans,5,3888,0.2934670781893004,0.0778567541820358,0.1575725106078124,0.31430041152263377,0.0922496410746508,0.18144968079420923
151672,2,R10,kmeans,6,3888,0.30709876543209874,0.08075960960323637,0.15814670952106663,0.32844650205761317,0.0953102440342507,0.18280851963632225
151672,2,R10,kmeans,7,3888,0.27752057613168724,0.079305773397874,0.16016835898115422,0.29655349794238683,0.09281681724907408,0.18519922121944965
151672,2,R10,kmeans,8,3888,0.29912551440329216,0.07822078916375419,0.15727714056998024,0.3230452674897119,0.09256792375917183,0.18099596414149957
151672,2,R10,kmeans,9,3888,0.3058127572016461,0.08021040324555903,0.1577136688782551,0.327417695473251,0.09481021086129511,0.18080781021452272
151672,2,R10,gmm,0,3888,0.2836934156378601,0.07078663126695793,0.14672071408283746,0.30324074074074076,0.0844980260784641,0.16476302491239814
151672,2,R10,gmm,1,3888,0.29295267489711935,0.07574555468625321,0.14920528507824515,0.31301440329218105,0.09031874066262366,0.1659148067871604
151672,2,R10,gmm,2,3888,0.2844650205761317,0.07567106115069683,0.14904742267425888,0.305298353909465,0.09067192811855017,0.16797409461607338
151672,2,R10,gmm,3,3888,0.283179012345679,0.0738938663151513,0.14888118033830905,0.3006687242798354,0.08728147058547861,0.16777043478670772
151672,2,R10,gmm,4,3888,0.2883230452674897,0.07553989961426075,0.15039779876476617,0.30915637860082307,0.09086302515911315,0.16961706054930484
151672,2,R10,gmm,5,3888,0.2803497942386831,0.07252387358743151,0.14962606515471877,0.29732510288065844,0.08583355997049201,0.16788225830043207
151672,2,R10,gmm,6,3888,0.2803497942386831,0.07230219617554988,0.14944684798053395,0.2970679012345679,0.08542872162802256,0.16760877472311753
151672,2,R10,gmm,7,3888,0.2836934156378601,0.07416083568041414,0.14805680709827823,0.29912551440329216,0.08758230276120227,0.16536684988699035
151672,2,R10,gmm,8,3888,0.2803497942386831,0.07237067259602409,0.1495004567815671,0.29732510288065844,0.08567188399220935,0.16774123824865897
151672,2,R10,gmm,9,3888,0.2772633744855967,0.07117436292364986,0.15101116816236676,0.29475308641975306,0.08322562766706225,0.16983574202645535
151672,2,R10,leiden,0,3888,0.3289609053497942,0.08208924465629677,0.15925020671330806,0.36059670781893005,0.10309327259511616,0.1969688010181591
151672,2,R10,leiden,1,3888,0.3441358024691358,0.0812401469873984,0.15492238420892082,0.3523662551440329,0.09244162257081905,0.18886511101761846
151672,2,R10,leiden,2,3888,0.31661522633744854,0.0723495592574983,0.14702982471825393,0.34747942386831276,0.09461647358722,0.18478170892257656
151672,2,R10,leiden,3,3888,0.3377057613168724,0.07889984176920704,0.15649706761957044,0.37319958847736623,0.09448198599812196,0.18599967223271166
151672,2,R10,leiden,4,3888,0.34516460905349794,0.06767725777929266,0.15501920025411198,0.37319958847736623,0.0834313516117394,0.19788764087979296
151672,2,R10,leiden,5,3888,0.34156378600823045,0.07640527264595096,0.15414127367249433,0.3505658436213992,0.08663749015118367,0.18445175612754197
151672,2,R10,leiden,6,3888,0.33461934156378603,0.07783410920392675,0.15663725147114074,0.3536522633744856,0.08850429641193024,0.1880462426197839
151672,2,R10,leiden,7,3888,0.3315329218106996,0.08151052779233835,0.16105573799647563,0.3402777777777778,0.09821620948034632,0.19749645273521724
151672,2,R10,leiden,8,3888,0.32947530864197533,0.06288167373850755,0.1326042597929656,0.3582818930041152,0.08481120361570066,0.17097376031002703
151672,2,R10,leiden,9,3888,0.3425925925925926,0.08339826249039838,0.16172479028681508,0.35905349794238683,0.10431505199054131,0.1980838330941495
151672,2,R11,kmeans,0,3888,0.30761316872427985,0.08140046319782249,0.16020563570789342,0.3330761316872428,0.10169907870579845,0.18867999934496077
151672,2,R11,kmeans,1,3888,0.28858024691358025,0.07738606404727064,0.15722406541915823,0.30606995884773663,0.09099109134653542,0.1806083946607717
151672,2,R11,kmeans,2,3888,0.30684156378600824,0.0807125771747091,0.15819663311766125,0.3287037037037037,0.09554845244495573,0.18148667033086846
151672,2,R11,kmeans,3,3888,0.2772633744855967,0.07929468771469293,0.1598142711218149,0.2957818930041152,0.09188788979139097,0.18331461136111582
151672,2,R11,kmeans,4,3888,0.30684156378600824,0.08051358597226921,0.15811173708307008,0.3289609053497942,0.09498511236012466,0.18170296705927513
151672,2,R11,kmeans,5,3888,0.30838477366255146,0.07959805687738411,0.15842787626868582,0.33281893004115226,0.09478941628139559,0.18408249077196015
151672,2,R11,kmeans,6,3888,0.30684156378600824,0.0807125771747091,0.15819663311766125,0.3287037037037037,0.09554845244495573,0.18148667033086843
151672,2,R11,kmeans,7,3888,0.30324074074074076,0.07975272095083341,0.15776406729559952,0.32510288065843623,0.09460677686470652,0.18296457662179638
151672,2,R11,kmeans,8,3888,0.30709876543209874,0.0820064624313312,0.15904346823379614,0.33024691358024694,0.09741631774367551,0.18274882093721906
151672,2,R11,kmeans,9,3888,0.3088991769547325,0.08151844280263762,0.1594866659018973,0.3289609053497942,0.09547424266553138,0.18211663575550177
151672,2,R11,gmm,0,3888,0.32613168724279834,0.08590354889660924,0.15548524653959256,0.3585390946502058,0.10458345731070719,0.1841420556916137
151672,2,R11,gmm,1,3888,0.2934670781893004,0.06985706353105615,0.147548420454512,0.3263888888888889,0.08504360839471072,0.17553252407992298
151672,2,R11,gmm,2,3888,0.33641975308641975,0.08698894482758769,0.16031050475586098,0.36419753086419754,0.10705167387361449,0.19111073874411078
151672,2,R11,gmm,3,3888,0.3287037037037037,0.06969899876377944,0.14469118406969664,0.36239711934156377,0.08550981122194211,0.17388748814215516
151672,2,R11,gmm,4,3888,0.3325617283950617,0.08588422765854227,0.15780393529198683,0.35982510288065844,0.10638860106281907,0.19163713218266998
151672,2,R11,gmm,5,3888,0.33281893004115226,0.08447443363763166,0.15887049099008474,0.3557098765432099,0.10095556533542717,0.1861101013489096
151672,2,R11,gmm,6,3888,0.3289609053497942,0.07831600696356723,0.14915636520028286,0.349022633744856,0.09486958620047282,0.17986087268086567
151672,2,R11,gmm,7,3888,0.3366769547325103,0.08681325688863553,0.15959539850891988,0.36496913580246915,0.10795013622552682,0.18980347410210774
151672,2,R11,gmm,8,3888,0.3338477366255144,0.08552873696664776,0.15752381593700396,0.36136831275720166,0.10503150329949026,0.19099101040646455
151672,2,R11,gmm,9,3888,0.323559670781893,0.08090934700913499,0.1578046626571003,0.35030864197530864,0.09859358808820655,0.1879519085863428
151672,2,R11,leiden,0,3888,0.32227366255144035,0.08113073156108647,0.15924713314688077,0.3536522633744856,0.10195341650769515,0.19855351921793551
151672,2,R11,leiden,1,3888,0.3299897119341564,0.07458324302727638,0.1564681341806788,0.3477366255144033,0.08581118375961967,0.18644051981440152
151672,2,R11,leiden,2,3888,0.31069958847736623,0.07545337069373752,0.14452533047808058,0.3449074074074074,0.09556931229849196,0.17999945874853512
151672,2,R11,leiden,3,3888,0.2960390946502058,0.06506047129172335,0.1438996752602679,0.32330246913580246,0.0798208300063777,0.17778687946475147
151672,2,R11,leiden,4,3888,0.319701646090535,0.07718867137667194,0.1616185689639673,0.34516460905349794,0.09322271323275519,0.19462592429135234
151672,2,R11,leiden,5,3888,0.31584362139917693,0.07682723941068492,0.1570686851173503,0.3382201646090535,0.0921688407816554,0.19020284541659813
151672,2,R11,leiden,6,3888,0.35622427983539096,0.07145446455389226,0.1619543448935288,0.38786008230452673,0.09073284595301408,0.2108285475528654
151672,2,R11,leiden,7,3888,0.3299897119341564,0.08360954635294537,0.15955587614263703,0.3523662551440329,0.10223119740784238,0.19310570600948387
151672,2,R11,leiden,8,3888,0.3317901234567901,0.07975238185676138,0.14926062841704651,0.3593106995884774,0.09651098267009561,0.1817034678585286
151672,2,R11,leiden,9,3888,0.36934156378600824,0.08957820350776223,0.1635121773381156,0.4122942386831276,0.11366763102858543,0.20463786785105478
151673,3,R1,kmeans,0,3611,0.3517031293270562,0.14694630109231627,0.25865926124341515,0.4012738853503185,0.1860319617062321,0.30644934236862087
151673,3,R1,kmeans,1,3611,0.37136527277762393,0.1568427353464212,0.269616818903339,0.4212129603987815,0.20181820851773055,0.31788826565304645
151673,3,R1,kmeans,2,3611,0.36444198283024093,0.1471216143292924,0.25511806962200645,0.4159512600387704,0.1951273622714193,0.3048068131290677
151673,3,R1,kmeans,3,3611,0.369703683190252,0.14349179332377443,0.240921835731442,0.4245361395735253,0.18973718861594502,0.28911713925298815
151673,3,R1,kmeans,4,3611,0.38991968983661035,0.15128259637402847,0.25353197506815756,0.445029077817779,0.20159253633529023,0.3059380492992386
151673,3,R1,kmeans,5,3611,0.3544724453060094,0.14498114817054908,0.2544520743226133,0.40072002215452784,0.18207197117364726,0.29687137955914455
151673,3,R1,kmeans,6,3611,0.3708114095818333,0.15941723157358909,0.2709260133201009,0.4225976183882581,0.20832487161316515,0.3296988996356423
151673,3,R1,kmeans,7,3611,0.3818886734976461,0.1569272760869989,0.26616099496066636,0.43312101910828027,0.20850982578446892,0.3207251402234268
151673,3,R1,kmeans,8,3611,0.35474937690390473,0.13722262066359875,0.24723986078508353,0.40819717529770144,0.1773686827816833,0.29111547694736273
151673,3,R1,kmeans,9,3611,0.3494876765438937,0.1363425112481333,0.24148400341555576,0.39268900581556354,0.16977223910853131,0.28351374666254325
151673,3,R1,gmm,0,3611,0.39684297978399335,0.15226862783067052,0.2194355046504225,0.44530600941567433,0.20386990177547393,0.27217336018763794
151673,3,R1,gmm,1,3611,0.3303793962891166,0.11844615364034793,0.21378827602498737,0.3669343672112988,0.14678426693554505,0.25097903971557617
151673,3,R1,gmm,2,3611,0.3334256438659651,0.13694412476844545,0.21203042566434155,0.36942675159235666,0.1723928419484214,0.2496012235413917
151673,3,R1,gmm,3,3611,0.3514261977291609,0.1319143309063936,0.20866867040060094,0.4090279700913874,0.17909306649719986,0.2581122694345756
151673,3,R1,gmm,4,3611,0.3525339241207422,0.14625588641098136,0.21528625032440327,0.3877042370534478,0.18542863035565973,0.262258487290167
151673,3,R1,gmm,5,3611,0.3846579894765993,0.15377288185798607,0.2117124160963782,0.4314594295209083,0.20789449117606057,0.2662392590394312
151673,3,R1,gmm,6,3611,0.389642758238715,0.14840643146756066,0.21768627791606346,0.4364441982830241,0.19931586445655447,0.26916171583812565
151673,3,R1,gmm,7,3611,0.32982553309332596,0.12031022225212343,0.20183718838630904,0.37025754638604264,0.1524036127256329,0.2335351874625504
151673,3,R1,gmm,8,3611,0.35364165051232344,0.13802443554478525,0.1952562423173398,0.3818886734976461,0.17217769649626702,0.2367539406083346
151673,3,R1,gmm,9,3611,0.3494876765438937,0.1408850905109568,0.20094025523233922,0.3816117418997508,0.18046838323395806,0.24748441460731255
151673,3,R1,leiden,0,3611,0.36278039324286904,0.12820871181124027,0.1792884087078918,0.41539739684297977,0.19054989402449826,0.24953197124092014
151673,3,R1,leiden,1,3611,0.37053447798393796,0.12777318738714774,0.18143107185607113,0.41788978122403764,0.18491650818659983,0.24817424451308817
151673,3,R1,leiden,2,3611,0.35364165051232344,0.12419206123253379,0.17611777748534788,0.4068125173082249,0.18250613876800956,0.24257181636620073
151673,3,R1,leiden,3,3611,0.3572417612849626,0.12480155366816009,0.17864147996241186,0.40764331210191085,0.1808277933195634,0.24333637731599372
151673,3,R1,leiden,4,3611,0.36056494045970644,0.12569586851484912,0.1807661349950798,0.40542785931874825,0.17787272498432571,0.2469474417775133
151673,3,R1,leiden,5,3611,0.37053447798393796,0.13150078873697424,0.18233258996665028,0.4156743284408751,0.18806072174740107,0.2453981974469438
151673,3,R1,leiden,6,3611,0.3649958460260316,0.12656409928344084,0.17949051055097437,0.41539739684297977,0.18456940452931792,0.24723335799154486
151673,3,R1,leiden,7,3611,0.3683190252007754,0.12573516494535664,0.1813069701051669,0.4198283024093049,0.1849994787557781,0.2515278170621339
151673,3,R1,leiden,8,3611,0.3719191359734146,0.12786089661499167,0.18519314044286064,0.41927443921351426,0.18443153186806932,0.24959364727052855
151673,3,R1,leiden,9,3611,0.3638881196344503,0.13221380136006378,0.18480221052249146,0.41345887565771255,0.1918693018637856,0.2569537869048387
151673,3,R2,kmeans,0,3611,0.3173636111880366,0.11847513549056546,0.16675763107041178,0.3378565494322902,0.13989396510398625,0.18984097601716057
151673,3,R2,kmeans,1,3611,0.3181944059817225,0.11905573897396969,0.16690540222469955,0.33924120742176683,0.14094491429189757,0.18974988499519818
151673,3,R2,kmeans,2,3611,0.3165328163943506,0.11825522372523242,0.1666015886263878,0.33564109664912767,0.1391081742117611,0.18918430603222963
151673,3,R2,kmeans,3,3611,0.3165328163943506,0.12013193610927089,0.1674913431209664,0.33564109664912767,0.1417939291186231,0.18966190714875641
151673,3,R2,kmeans,4,3611,0.3173636111880366,0.12074713776027332,0.16757764107777656,0.33674882304070897,0.14338968853754494,0.19037256619493825
151673,3,R2,kmeans,5,3611,0.3165328163943506,0.12013193610927089,0.16749134312096642,0.33564109664912767,0.1417939291186231,0.18966190714875647
151673,3,R2,kmeans,6,3611,0.3168097479922459,0.11983180001841787,0.1675864581420557,0.3370257546386043,0.14162837587845367,0.19003742327095607
151673,3,R2,kmeans,7,3611,0.31874826917751314,0.12054949639056323,0.1677219314809191,0.34117972860703405,0.14413824108365647,0.19128639268879447
151673,3,R2,kmeans,8,3611,0.3165328163943506,0.12041599349249525,0.16728040434475988,0.3375796178343949,0.1427867841576488,0.18984321055155856
151673,3,R2,kmeans,9,3611,0.3181944059817225,0.11905573897396969,0.16690540222469955,0.33924120742176683,0.14094491429189757,0.18974988499519818
151673,3,R2,gmm,0,3611,0.2960398781500969,0.1005474536738472,0.16340086666089257,0.3248407643312102,0.12070441165146123,0.18065700479255162
151673,3,R2,gmm,1,3611,0.2960398781500969,0.1005474536738472,0.16340086666089257,0.3248407643312102,0.12070441165146123,0.18065700479255162
151673,3,R2,gmm,2,3611,0.2960398781500969,0.1005474536738472,0.16340086666089254,0.3248407643312102,0.12070441165146123,0.18065700479255162
151673,3,R2,gmm,3,3611,0.2960398781500969,0.10026838634784105,0.16351142918186945,0.32373303793962893,0.1199465549407741,0.18058981242185373
151673,3,R2,gmm,4,3611,0.2960398781500969,0.1005474536738472,0.16340086666089257,0.3248407643312102,0.12070441165146123,0.1806570047925516
151673,3,R2,gmm,5,3611,0.2960398781500969,0.1005474536738472,0.16340086666089254,0.3248407643312102,0.12070441165146123,0.1806570047925516
151673,3,R2,gmm,6,3611,0.29631680974799224,0.1003252996135948,0.16358024725488846,0.3242869011354195,0.12019519287372858,0.18079095041288246
151673,3,R2,gmm,7,3611,0.29354749376903905,0.09985059485309794,0.16352491385176676,0.3206867903627804,0.11910846230936714,0.18143309490990336
151673,3,R2,gmm,8,3611,0.2960398781500969,0.1005474536738472,0.1634008666608926,0.3248407643312102,0.12070441165146123,0.1806570047925516
151673,3,R2,gmm,9,3611,0.29354749376903905,0.09994599356163981,0.16368391255002618,0.3206867903627804,0.11911290647396464,0.18156464007028103
151673,3,R2,leiden,0,3611,0.29548601495430626,0.10085517295608956,0.16305612782464962,0.32179451675436166,0.11796915544925737,0.18072391268035415
151673,3,R2,leiden,1,3611,0.2999169205206314,0.10316137753445424,0.16105089451729443,0.3273331487122681,0.12295914093575185,0.17876927679153984
151673,3,R2,leiden,2,3611,0.30240930490168927,0.10248533891635797,0.1621253457264238,0.32899473829964,0.12125167106996892,0.181152510411018
151673,3,R2,leiden,3,3611,0.2578233176405428,0.08511157835029091,0.1558261101013378,0.27803932428690115,0.09826322217931753,0.16910768755610148
151673,3,R2,leiden,4,3611,0.31210191082802546,0.10270229397873445,0.16214286524437166,0.3361949598449183,0.1232052201511073,0.18757337797274473
151673,3,R2,leiden,5,3611,0.30490168928274713,0.09911423225377146,0.16049108790038863,0.335087233453337,0.12574519490240896,0.1799448680888748
151673,3,R2,leiden,6,3611,0.2902243145942952,0.09475995268458919,0.15880971396551985,0.3231791747438383,0.1175167205728539,0.18038272960198715
151673,3,R2,leiden,7,3611,0.2694544447521462,0.08569948204444139,0.15373370467784034,0.28690113541955137,0.1007007496478527,0.1731781124702632
151673,3,R2,leiden,8,3611,0.30157851010800335,0.10229969282125809,0.16179105709269,0.32844087510384934,0.12082240155664097,0.18076600231276402
151673,3,R2,leiden,9,3611,0.25062309609526445,0.08437569468015428,0.15475007572335683,0.26253115480476324,0.09579320519093718,0.16706085226752312
151673,3,R3,kmeans,0,3611,0.41622819163666575,0.18617977376393888,0.2854522254118438,0.4314594295209083,0.19881292715202314,0.305899521272169
151673,3,R3,kmeans,1,3611,0.4295209083356411,0.20401559615698642,0.30001835491080425,0.43672112988091943,0.20874383948651473,0.31219421044249335
151673,3,R3,kmeans,2,3611,0.4295209083356411,0.204245667098292,0.3013212647971555,0.438105787870396,0.20991578256185678,0.31488907604858085
151673,3,R3,kmeans,3,3611,0.4303517031293271,0.19963861230473978,0.2960770387298887,0.43727499307671003,0.20405575272344015,0.3069640405111865
151673,3,R3,kmeans,4,3611,0.43007477153143175,0.20500653033190178,0.3021347014801093,0.43727499307671003,0.21035736838890573,0.3166596205375361
151673,3,R3,kmeans,5,3611,0.42315148158404875,0.18661070521560197,0.28567863332276594,0.44170589864303517,0.19972527185807548,0.3046754988783634
151673,3,R3,kmeans,6,3611,0.4314594295209083,0.19860602456536522,0.2935952688138867,0.4394904458598726,0.20422464255356226,0.30465364985764243
151673,3,R3,kmeans,7,3611,0.42979783993353643,0.20382848647061863,0.30027813421773836,0.4364441982830241,0.20852176565564773,0.31278325041072874
151673,3,R3,kmeans,8,3611,0.4295209083356411,0.204245667098292,0.30132126479715543,0.438105787870396,0.20991578256185678,0.31488907604858085
151673,3,R3,kmeans,9,3611,0.4306286347272224,0.19784045889570692,0.29175349236133996,0.4400443090556633,0.2042451086673924,0.3031202673958566
151673,3,R3,gmm,0,3611,0.4018277485461091,0.13023960870017118,0.23104348999371585,0.41345887565771255,0.143026832891763,0.24692048986801857
151673,3,R3,gmm,1,3611,0.4284131819440598,0.17736140001991516,0.26986083220206303,0.44835225699252285,0.19073309126239846,0.28319941760984735
151673,3,R3,gmm,2,3611,0.4433674882304071,0.18467079190049387,0.27184326504497147,0.45721406812517307,0.20340096952660897,0.29417337412779937
151673,3,R3,gmm,3,3611,0.36056494045970644,0.13454616385474205,0.2211240266228604,0.3710883411797286,0.13789968840504552,0.22737154732047124
151673,3,R3,gmm,4,3611,0.36194959844918306,0.13512976994720263,0.2272501958364733,0.3730268623649958,0.13841424102478836,0.23268669101026584
151673,3,R3,gmm,5,3611,0.4101356964829687,0.13948315852872836,0.23076969935512312,0.42758238715037383,0.15058705457485325,0.24453845644679834
151673,3,R3,gmm,6,3611,0.40958183328717807,0.13904789288223726,0.2303240881326592,0.42702852395458324,0.1501101694692043,0.24385373416547626
151673,3,R3,gmm,7,3611,0.3602880088618111,0.13543888986120692,0.22594046687742325,0.37164220437551926,0.13855415570097154,0.23408953450814915
151673,3,R3,gmm,8,3611,0.4101356964829687,0.13934031098176852,0.23029173169981235,0.42758238715037383,0.15036893322815695,0.24370659392041255
151673,3,R3,gmm,9,3611,0.3613957352533924,0.13482152171567566,0.22141382161412332,0.3719191359734146,0.13808945793399544,0.22753459870951598
151673,3,R3,leiden,0,3611,0.5186928828579341,0.25080962341929613,0.3481564520837401,0.5314317363611188,0.2633301767696432,0.3624477100622442
151673,3,R3,leiden,1,3611,0.5009692605926336,0.22414643883043373,0.31895230593095864,0.5128773193021324,0.23586472740357564,0.33261477018664487
151673,3,R3,leiden,2,3611,0.5220160620326779,0.2436457638813303,0.35987821692236477,0.5358626419274439,0.2571072785865589,0.37670931932572116
151673,3,R3,leiden,3,3611,0.5164774300747715,0.2255051458580031,0.32004981237828134,0.5267238991968983,0.2367515466343117,0.3328268112707908
151673,3,R3,leiden,4,3611,0.5372472999169206,0.2716316733263016,0.36107991180046245,0.5516477430074771,0.28690032038492996,0.37842117540496983
151673,3,R3,leiden,5,3611,0.5031847133757962,0.2262786484337,0.34730880532914843,0.5189698144558295,0.23923703871420113,0.36609078910094794
151673,3,R3,leiden,6,3611,0.4602603157020216,0.220242127948421,0.3268910258811529,0.46690667405150926,0.23330676795328956,0.34221876508461063
151673,3,R3,leiden,7,3611,0.4829687067294378,0.213699092920065,0.35009093956800164,0.486568817502077,0.2205785542256606,0.3604052347601712
151673,3,R3,leiden,8,3611,0.5042924397673775,0.24273238521508783,0.36008025327636645,0.5178620880642482,0.2557017883471607,0.3736793826406588
151673,3,R3,leiden,9,3611,0.5256161728053171,0.23032318992838866,0.320400027782938,0.5380780947106065,0.2425697884117297,0.33346456249095774
151673,3,R4,kmeans,0,3611,0.45250623096095266,0.19200201153450047,0.29373556312575544,0.49155358626419277,0.23062538062793567,0.3354433669434389
151673,3,R4,kmeans,1,3611,0.4544447521462199,0.19468434111097302,0.29542322904689006,0.49155358626419277,0.23357314214686492,0.3370390030481469
151673,3,R4,kmeans,2,3611,0.4555524785378012,0.19488628097717545,0.2956292083676366,0.4945998338410413,0.2344871679643059,0.33783942807335665
151673,3,R4,kmeans,3,3611,0.4544447521462199,0.19468434111097302,0.29542322904689,0.49155358626419277,0.23357314214686492,0.33703900304814677
151673,3,R4,kmeans,4,3611,0.4505677097756854,0.1919183227647937,0.29453414907312286,0.4876765438936583,0.22990830848374613,0.3355868484265298
151673,3,R4,kmeans,5,3611,0.4533370257546386,0.193323053136114,0.29476804482762353,0.4923843810578787,0.2317898862099941,0.335949118204341
151673,3,R4,kmeans,6,3611,0.4508446413735807,0.19231776655030303,0.2949301786732671,0.48850733868734425,0.23093960451722917,0.3367380782937587
151673,3,R4,kmeans,7,3611,0.4544447521462199,0.19468434111097302,0.29542322904689,0.49155358626419277,0.23357314214686492,0.33703900304814677
151673,3,R4,kmeans,8,3611,0.4530600941567433,0.19431092788331308,0.2952492552339922,0.49016892827471614,0.2332744782887891,0.33701179307474033
151673,3,R4,kmeans,9,3611,0.45250623096095266,0.19200201153450047,0.2937355631257554,0.49155358626419277,0.23062538062793567,0.3354433669434389
151673,3,R4,gmm,0,3611,0.3265023539185821,0.12817224419777695,0.17062509084031144,0.3583494876765439,0.15936828776097847,0.20100146770679475
151673,3,R4,gmm,1,3611,0.3265023539185821,0.12817224419777695,0.1706250908403114,0.3583494876765439,0.15936828776097847,0.20100146770679475
151673,3,R4,gmm,2,3611,0.33148712268069785,0.13037161525894145,0.1832453318767985,0.3602880088618111,0.16020720605013775,0.2204806669394114
151673,3,R4,gmm,3,3611,0.3076710052617004,0.10287569778276173,0.16398648085380513,0.342841318194406,0.12487777022704227,0.19106165481960252
151673,3,R4,gmm,4,3611,0.3262254223206868,0.12801450713208887,0.1708006777460649,0.3583494876765439,0.15989451935057777,0.20130928826005498
151673,3,R4,gmm,5,3611,0.3079479368595957,0.10299161728065484,0.16410533078351033,0.34339518139019665,0.12504058478590244,0.19121525259341213
151673,3,R4,gmm,6,3611,0.3262254223206868,0.12809896607599286,0.17066228762799174,0.3583494876765439,0.15992024162015567,0.20134517445007688
151673,3,R4,gmm,7,3611,0.3076710052617004,0.10287569778276173,0.16398648085380513,0.342841318194406,0.12487777022704227,0.19106165481960252
151673,3,R4,gmm,8,3611,0.3320409858764885,0.1301233655150908,0.18307497077581142,0.36194959844918306,0.1605016159178535,0.2193529451151966
151673,3,R4,gmm,9,3611,0.3265023539185821,0.12817224419777695,0.1706250908403114,0.3583494876765439,0.15936828776097847,0.20100146770679475
151673,3,R4,leiden,0,3611,0.40930490168928274,0.16978432886743955,0.27062478632741516,0.4436444198283024,0.19999281882390257,0.3083315660920995
151673,3,R4,leiden,1,3611,0.4558294101356965,0.20542521675404796,0.3073827323674446,0.48629188590418165,0.23666952347653797,0.3415571278152387
151673,3,R4,leiden,2,3611,0.45222929936305734,0.20001073907384648,0.29749588882981004,0.4810301855441706,0.23271921767651982,0.3329779673384601
151673,3,R4,leiden,3,3611,0.44059817225145387,0.17900566333551846,0.2724727887284106,0.46773746884519524,0.20969351318121357,0.31120149381202117
151673,3,R4,leiden,4,3611,0.4447521462198837,0.19338316557517443,0.3072392852723098,0.4646912212683467,0.20966355788015145,0.32953092383294164
151673,3,R4,leiden,5,3611,0.4392135142619773,0.17896006305645218,0.28588792259870305,0.4741068955967876,0.21457360301449602,0.3277864488946466
151673,3,R4,leiden,6,3611,0.4627527000830795,0.19380798836260643,0.28486134981735395,0.4868457490999723,0.2225266050014766,0.3288557851395577
151673,3,R4,leiden,7,3611,0.4491830517862088,0.1804287322778147,0.28001540087056837,0.4829687067294378,0.2159452348345705,0.3174687948018496
151673,3,R4,leiden,8,3611,0.4710606480199391,0.20378072627036323,0.290895583179668,0.5031847133757962,0.23213801095788042,0.33154972184837844
151673,3,R4,leiden,9,3611,0.4198283024093049,0.18021958717718464,0.3018084501776711,0.45139850456937136,0.20741968753215723,0.33818697458611247
151673,3,R5,kmeans,0,3611,0.4361672666851288,0.20365892745729322,0.3101851733053369,0.44724453060094155,0.21463721883516157,0.32766337704841514
151673,3,R5,kmeans,1,3611,0.43699806147881476,0.203431100007614,0.3091839351872917,0.44835225699252285,0.21410245416161472,0.32701578973777623
151673,3,R5,kmeans,2,3611,0.4408751038493492,0.21205852887221188,0.3108941646937676,0.44724453060094155,0.2226433581260573,0.33369762977569606
151673,3,R5,kmeans,3,3611,0.4059817225145389,0.189352573622505,0.2938109914225819,0.4098587648850734,0.2021574824097346,0.3184675605572082
151673,3,R5,kmeans,4,3611,0.43284408751038495,0.20911952009829593,0.3174812397724421,0.4383827194682913,0.21962882762424332,0.34006057531105
151673,3,R5,kmeans,5,3611,0.43450567709775684,0.209881431827078,0.31348304035035723,0.4411520354472445,0.2192199575144064,0.33607150789267554
151673,3,R5,kmeans,6,3611,0.4087510384934921,0.18886008740168378,0.292677993053367,0.4137358072556079,0.2014864207988313,0.31588152472031494
151673,3,R5,kmeans,7,3611,0.43450567709775684,0.21061023799392894,0.31532236496162647,0.44059817225145387,0.22068766296331077,0.337685334974013
151673,3,R5,kmeans,8,3611,0.43201329271669897,0.20855288459933535,0.31578200541553575,0.438105787870396,0.21901054812310705,0.33818654600042963
151673,3,R5,kmeans,9,3611,0.4339518139019662,0.20971383901716587,0.3175530645592906,0.4400443090556633,0.22023454116154434,0.34003824167760993
151673,3,R5,gmm,0,3611,0.29548601495430626,0.10064844233268,0.16427490362293395,0.32013292716698977,0.11828667306650623,0.1807783130498694
151673,3,R5,gmm,1,3611,0.2960398781500969,0.10082331423952218,0.1643672051904812,0.321240653558571,0.1187061376401195,0.18104891877090443
151673,3,R5,gmm,2,3611,0.2957629465522016,0.1006789622307326,0.16429039087074868,0.3204098587648851,0.11831477367744098,0.18078409019642858
151673,3,R5,gmm,3,3611,0.2957629465522016,0.10077078113522729,0.16432888480845007,0.3204098587648851,0.11838827227128292,0.18082038334448808
151673,3,R5,gmm,4,3611,0.29493215175851567,0.10036905399640376,0.16418917512478295,0.3193021323733038,0.11742729988044336,0.1804524881254233
151673,3,R5,gmm,5,3611,0.29548601495430626,0.10064844233268,0.16427490362293395,0.32013292716698977,0.11828667306650623,0.1807783130498694
151673,3,R5,gmm,6,3611,0.2957629465522016,0.10077078113522729,0.16432888480845007,0.3204098587648851,0.11838827227128292,0.1808203833444881
151673,3,R5,gmm,7,3611,0.29548601495430626,0.10063996727699355,0.1643095491059223,0.32096372196067574,0.1182297106187034,0.1805623445278125
151673,3,R5,gmm,8,3611,0.29631680974799224,0.10063752184389382,0.16423444916889152,0.32151758515646633,0.11811233825598838,0.1805909684102528
151673,3,R5,gmm,9,3611,0.29548601495430626,0.10061436439144944,0.1642841011423926,0.32013292716698977,0.11813065802757758,0.18085348777911328
151673,3,R5,leiden,0,3611,0.4408751038493492,0.20633189421782103,0.2834463776661873,0.4533370257546386,0.22180337955098592,0.30553880289512936
151673,3,R5,leiden,1,3611,0.4760454167820548,0.22172853358844394,0.31760157630481256,0.49598449183051785,0.23914437221661955,0.34039834842206146
151673,3,R5,leiden,2,3611,0.4868457490999723,0.2282513302957647,0.32744770506110193,0.5018000553863196,0.23964403995266936,0.3456486377221028
151673,3,R5,leiden,3,3611,0.42425920797563,0.21105790703970845,0.339708624008804,0.43727499307671003,0.22203368356376774,0.36018746120831013
151673,3,R5,leiden,4,3611,0.4253669343672113,0.19586034169743197,0.3032294817104496,0.4303517031293271,0.20819859861586204,0.31985251392495734
151673,3,R5,leiden,5,3611,0.4729991692052063,0.2244185358317205,0.3345455364189124,0.4923843810578787,0.23650418113790858,0.3531686912453051
151673,3,R5,leiden,6,3611,0.46192190528939353,0.21985791495682236,0.3289038996887634,0.4821379119357519,0.24127245288558988,0.35648505405740816
151673,3,R5,leiden,7,3611,0.4898919966768208,0.2464083733816621,0.3361643311211482,0.5067848241484353,0.26743676832101543,0.35640352767678407
151673,3,R5,leiden,8,3611,0.5098310717252839,0.25266748700264,0.33969355731765727,0.5278316255884796,0.27214793761304473,0.36003450229840855
151673,3,R5,leiden,9,3611,0.49709221822209915,0.22575977156865604,0.3313969073804664,0.5103849349210745,0.2383049281579295,0.35281253287676967
151673,3,R6,kmeans,0,3611,0.4361672666851288,0.20365892745729322,0.3101851733053369,0.44724453060094155,0.21463721883516157,0.32766337704841514
151673,3,R6,kmeans,1,3611,0.3946275270008308,0.18769520824662989,0.29368646940881127,0.4098587648850734,0.20155814861860194,0.31754178626800317
151673,3,R6,kmeans,2,3611,0.44059817225145387,0.2120311060311135,0.31088715205801026,0.44641373580725563,0.22256165418795554,0.3336956351359733
151673,3,R6,kmeans,3,3611,0.4059817225145389,0.189352573622505,0.2938109914225819,0.4098587648850734,0.2021574824097346,0.3184675605572082
151673,3,R6,kmeans,4,3611,0.43284408751038495,0.20874710891204926,0.3163824690606254,0.43865965106618665,0.21914616784412627,0.3384400985496648
151673,3,R6,kmeans,5,3611,0.43450567709775684,0.209881431827078,0.31348304035035723,0.4411520354472445,0.2192199575144064,0.33607150789267554
151673,3,R6,kmeans,6,3611,0.4059817225145389,0.18905097548265296,0.29437403513532906,0.41041262808086404,0.20226023501489765,0.3184994695081171
151673,3,R6,kmeans,7,3611,0.43450567709775684,0.21061023799392894,0.31532236496162647,0.44059817225145387,0.22068766296331077,0.337685334974013
151673,3,R6,kmeans,8,3611,0.43976737745776795,0.21175672507222337,0.3100262884269771,0.445859872611465,0.22261006566214422,0.33401241560106465
151673,3,R6,kmeans,9,3611,0.4339518139019662,0.2098003739168502,0.31757619377654206,0.4400443090556633,0.2202541807310838,0.34018792362810274
151673,3,R6,gmm,0,3611,0.3780116311271116,0.17572478231276648,0.26044077520962117,0.38687344225976183,0.19015316844275912,0.27742442546156454
151673,3,R6,gmm,1,3611,0.42896704513985046,0.1857567385317963,0.2716197766466904,0.4477983937967322,0.20161796043715474,0.2879708684789788
151673,3,R6,gmm,2,3611,0.4281362503461645,0.18534365439283063,0.271343487912617,0.44724453060094155,0.2014527432832515,0.2877615062514781
151673,3,R6,gmm,3,3611,0.42896704513985046,0.1857567385317963,0.2716197766466904,0.4477983937967322,0.20161796043715474,0.2879708684789788
151673,3,R6,gmm,4,3611,0.4400443090556633,0.19464491861637412,0.2710866202688018,0.451952367765162,0.2172398162243919,0.2975614630509005
151673,3,R6,gmm,5,3611,0.4292439767377458,0.185880420871489,0.27181677472625354,0.4477983937967322,0.2016264712122179,0.28802056467056525
151673,3,R6,gmm,6,3611,0.42869011354195513,0.1854840232604409,0.27123141207058243,0.4475214621988369,0.20086746252707655,0.2868570356791867
151673,3,R6,gmm,7,3611,0.42896704513985046,0.18587109229454432,0.2718103862893777,0.4475214621988369,0.20160232563583005,0.28796323397456236
151673,3,R6,gmm,8,3611,0.3780116311271116,0.17327970560554476,0.25209134254566096,0.38991968983661035,0.18361152875045353,0.2665400700897598
151673,3,R6,gmm,9,3611,0.3796732207144835,0.17410132120205946,0.25641803498377974,0.3921351426197729,0.18575322440416944,0.26892933028994814
151673,3,R6,leiden,0,3611,0.5436167266685129,0.2640505736766722,0.35192476533022893,0.5616172805317087,0.28086949648011933,0.37397717344255804
151673,3,R6,leiden,1,3611,0.4945998338410413,0.22691598013232697,0.3095500030216579,0.5139850456937136,0.24835040152222226,0.33158298585576373
151673,3,R6,leiden,2,3611,0.46386042647466075,0.20739294571051517,0.30729867915607495,0.4918305178620881,0.22890854078043069,0.3318288476636912
151673,3,R6,leiden,3,3611,0.5275546939905843,0.2513835892790926,0.34101888940566133,0.541955137081141,0.26757230883925825,0.3631258532142276
151673,3,R6,leiden,4,3611,0.49986153420105234,0.2276405317176728,0.32634355758439754,0.5098310717252839,0.2361474121470557,0.3391490538521934
151673,3,R6,leiden,5,3611,0.5018000553863196,0.2315732775727192,0.3387984395027358,0.5150927720852949,0.2427588173981628,0.35720837129614313
151673,3,R6,leiden,6,3611,0.46496815286624205,0.2221943041935162,0.33300281414575694,0.4826917751315425,0.23714408773319676,0.35625323466543707
151673,3,R6,leiden,7,3611,0.45942952090833566,0.1994430185659271,0.32493475023553214,0.4724453060094157,0.21315131332285264,0.34552387686292874
151673,3,R6,leiden,8,3611,0.4976460814178898,0.23889888575661347,0.32052820147823985,0.5106618665189698,0.25380350729781637,0.3416596782435144
151673,3,R6,leiden,9,3611,0.42010523400720023,0.18547308334590626,0.3020822358573073,0.43699806147881476,0.1990033339192941,0.32659670629174775
151673,3,R7,kmeans,0,3611,0.2996399889227361,0.1098222340881503,0.19126511966616153,0.3306563278870119,0.12627841940704437,0.2163175749552618
151673,3,R7,kmeans,1,3611,0.29908612572694543,0.10947704152183577,0.19094917868669412,0.32871780670174466,0.12540356560848656,0.21648828984253665
151673,3,R7,kmeans,2,3611,0.2988091941290501,0.10956283961767953,0.19115579129972787,0.32761008031016337,0.1251254631759066,0.2161200400100582
151673,3,R7,kmeans,3,3611,0.29936305732484075,0.10979118593757702,0.19109261072925604,0.3292716698975353,0.12600153067618977,0.2159951383462724
151673,3,R7,kmeans,4,3611,0.29936305732484075,0.10989019786156212,0.19132664778506175,0.32954860149543064,0.12618719709606321,0.21615688091880655
151673,3,R7,kmeans,5,3611,0.2985322625311548,0.10964519791989676,0.1911504009939585,0.3278870119080587,0.125755856506706,0.21651761757931437
151673,3,R7,kmeans,6,3611,0.2985322625311548,0.10964519791989676,0.19115040099395847,0.3278870119080587,0.125755856506706,0.21651761757931437
151673,3,R7,kmeans,7,3611,0.2988091941290501,0.10956283961767953,0.19115579129972785,0.32761008031016337,0.1251254631759066,0.21612004001005813
151673,3,R7,kmeans,8,3611,0.2985322625311548,0.10964519791989676,0.1911504009939585,0.3278870119080587,0.125755856506706,0.21651761757931437
151673,3,R7,kmeans,9,3611,0.2985322625311548,0.10975829719076048,0.19140744977263177,0.32899473829964,0.12589369863090627,0.21680509914607818
151673,3,R7,gmm,0,3611,0.2927166989753531,0.09854448379476768,0.17809247279013862,0.32013292716698977,0.12044019019743551,0.208846880209113
151673,3,R7,gmm,1,3611,0.2927166989753531,0.09854448379476768,0.17809247279013865,0.32013292716698977,0.12044019019743551,0.20884688020911302
151673,3,R7,gmm,2,3611,0.2927166989753531,0.09854448379476768,0.17809247279013865,0.32013292716698977,0.12044019019743551,0.208846880209113
151673,3,R7,gmm,3,3611,0.2927166989753531,0.09854448379476768,0.17809247279013862,0.32013292716698977,0.12044019019743551,0.208846880209113
151673,3,R7,gmm,4,3611,0.2927166989753531,0.09854448379476768,0.17809247279013862,0.32013292716698977,0.12044019019743551,0.20884688020911302
151673,3,R7,gmm,5,3611,0.2927166989753531,0.09854448379476768,0.17809247279013865,0.32013292716698977,0.12044019019743551,0.20884688020911293
151673,3,R7,gmm,6,3611,0.2927166989753531,0.09854448379476768,0.17809247279013865,0.32013292716698977,0.12044019019743551,0.20884688020911302
151673,3,R7,gmm,7,3611,0.2927166989753531,0.09854448379476768,0.17809247279013862,0.32013292716698977,0.12044019019743551,0.20884688020911302
151673,3,R7,gmm,8,3611,0.29243976737745775,0.09825727051256303,0.17776996779999388,0.3193021323733038,0.11966671096331863,0.20803723603029348
151673,3,R7,gmm,9,3611,0.2927166989753531,0.09854448379476768,0.1780924727901386,0.32013292716698977,0.12044019019743551,0.20884688020911293
151673,3,R7,leiden,0,3611,0.3026862364995846,0.09267240585622284,0.15465047498616225,0.3278870119080587,0.12614138095379526,0.19234489226819626
151673,3,R7,leiden,1,3611,0.30600941567432843,0.10424920921371567,0.1704526981955924,0.3375796178343949,0.14888406067348103,0.21907306042896843
151673,3,R7,leiden,2,3611,0.27997784547216836,0.10120681455565758,0.16453799874346306,0.3098864580448629,0.13207715863827588,0.19646269985415424
151673,3,R7,leiden,3,3611,0.29770146773746886,0.0993786525558192,0.15729841786339996,0.32400996953752426,0.13144636998889073,0.19660436165595704
151673,3,R7,leiden,4,3611,0.28496261423428415,0.08536289163455082,0.1622087839407668,0.2979783993353642,0.09791702306604293,0.1853849983944827
151673,3,R7,leiden,5,3611,0.2968706729437829,0.09640839458576902,0.16474169070749473,0.32844087510384934,0.12719889485866545,0.1967269711887445
151673,3,R7,leiden,6,3611,0.3040708944890612,0.08016241872238489,0.17065317071975028,0.31431736361118806,0.0904639310459688,0.18752764410898148
151673,3,R7,leiden,7,3611,0.31874826917751314,0.10200181918080556,0.16249972035522967,0.34422597618388256,0.13588648898487285,0.20009935048614913
151673,3,R7,leiden,8,3611,0.3054555524785378,0.10071461729786972,0.16205836406560398,0.33259484907227915,0.1386077494985583,0.20565866107732578
151673,3,R7,leiden,9,3611,0.30157851010800335,0.09501194608385272,0.15873631794145424,0.32844087510384934,0.12622995289820982,0.19924600459963374
151673,3,R8,kmeans,0,3611,0.42896704513985046,0.19192636705180366,0.28336890688430466,0.4558294101356965,0.22229877407219795,0.3091848669655541
151673,3,R8,kmeans,1,3611,0.4333979507061756,0.19347334660105717,0.2846985735687962,0.4566602049293824,0.2237010517671574,0.3105431696755478
151673,3,R8,kmeans,2,3611,0.4295209083356411,0.19366536099676138,0.2848440653971424,0.4547216837441152,0.22281222210879154,0.3100506119239087
151673,3,R8,kmeans,3,3611,0.42869011354195513,0.1924155287433629,0.2836979982121632,0.45416782054832455,0.22426065717920346,0.31053820041421626
151673,3,R8,kmeans,4,3611,0.4325671559124896,0.1939572087355007,0.28492452402675766,0.4555524785378012,0.22364448169811083,0.3102520861254479
151673,3,R8,kmeans,5,3611,0.4309055663251177,0.19341390013771745,0.28435980361875496,0.4555524785378012,0.22413832181170584,0.31106861981273354
151673,3,R8,kmeans,6,3611,0.42730545555247856,0.19118661192377528,0.28320114027173343,0.4508446413735807,0.22093547523433704,0.3082402099738795
151673,3,R8,kmeans,7,3611,0.42896704513985046,0.19158185196490984,0.2830236822055685,0.4536139573525339,0.22181589692520656,0.3086128274667439
151673,3,R8,kmeans,8,3611,0.42869011354195513,0.1928261721753316,0.2840457313822295,0.4533370257546386,0.22421170589091446,0.31081686643217604
151673,3,R8,kmeans,9,3611,0.42785931874826916,0.19133855249449938,0.2830494816224292,0.45416782054832455,0.22286862575724187,0.30983222836619595
151673,3,R8,gmm,0,3611,0.4167820548324564,0.20036695799931759,0.2910623129954431,0.4378288562725007,0.2269376020713929,0.32078529327623034
151673,3,R8,gmm,1,3611,0.4195513708114096,0.20414004357927346,0.29567928684618455,0.4411520354472445,0.22974550914608913,0.3238961334179812
151673,3,R8,gmm,2,3611,0.35391858211021876,0.15452638082421044,0.2731306554889562,0.36887288839656607,0.17167915754627266,0.3014747964874217
151673,3,R8,gmm,3,3611,0.4214898919966768,0.20488917335432827,0.2954267781898862,0.4430905566325118,0.23008300199430415,0.32416007491821447
151673,3,R8,gmm,4,3611,0.41927443921351426,0.20266711835806087,0.29247518156310714,0.4436444198283024,0.22965820832669231,0.32168901116081666
151673,3,R8,gmm,5,3611,0.41899750761561894,0.2029457610032979,0.292585624096173,0.4422597618388258,0.2294875614470567,0.3213236276439672
151673,3,R8,gmm,6,3611,0.33453337025754637,0.13904858757736827,0.2529517187264809,0.3370257546386043,0.14981718663792812,0.2717003518786107
151673,3,R8,gmm,7,3611,0.42204375519246745,0.20615887892723792,0.2956134228124942,0.4433674882304071,0.23173510406932551,0.32390022733025264
151673,3,R8,gmm,8,3611,0.4228745499861534,0.2062165740878801,0.295653490264883,0.44419828302409303,0.23203890539240674,0.32410359729475763
151673,3,R8,gmm,9,3611,0.41816671282193296,0.2026080684627075,0.2916064033066078,0.4403212406535586,0.22868183257832045,0.31985127538935726
151673,3,R8,leiden,0,3611,0.4871226806978676,0.22975464727475522,0.34972966184288024,0.4976460814178898,0.24337827627582176,0.3718759088892907
151673,3,R8,leiden,1,3611,0.49293824425366933,0.23266100743517354,0.3494309245170128,0.4984768762115757,0.2468896328843451,0.3729631926211598
151673,3,R8,leiden,2,3611,0.4871226806978676,0.23066507443063394,0.3509649824331342,0.49819994461368045,0.2451351140057175,0.37431338587221935
151673,3,R8,leiden,3,3611,0.47659927997784546,0.20923363590345137,0.31863681189399384,0.4945998338410413,0.22783994518762773,0.3429921057225217
151673,3,R8,leiden,4,3611,0.46690667405150926,0.20911585534951407,0.3159893493967485,0.4851841595126004,0.22623658695590018,0.33922813858555195
151673,3,R8,leiden,5,3611,0.4469675990030462,0.20549550989141663,0.3226767171336518,0.4533370257546386,0.22045063148488353,0.34443403738336775
151673,3,R8,leiden,6,3611,0.49875380780947104,0.2259577959985194,0.3232872011973744,0.5247853780116312,0.25483515226998477,0.3499112609939447
151673,3,R8,leiden,7,3611,0.4646912212683467,0.20710780777417928,0.31104456228447624,0.4801993907504846,0.22029965702465815,0.32760104849041977
151673,3,R8,leiden,8,3611,0.45139850456937136,0.202025943645076,0.3186371341365933,0.4566602049293824,0.2147609627046787,0.33936918411408123
151673,3,R8,leiden,9,3611,0.5015231237884242,0.2209096352075817,0.33229326498109535,0.5231237884242592,0.24021662946509217,0.3547365896569733
151673,3,R9,kmeans,0,3611,0.3752423151481584,0.16811148247123697,0.2677587889743422,0.4051509277208529,0.19851430842250198,0.305485756677076
151673,3,R9,kmeans,1,3611,0.37995015231237883,0.16879876127576807,0.2698481284365527,0.4129050124619219,0.19937433652939418,0.3065071325090498
151673,3,R9,kmeans,2,3611,0.37607310994184434,0.16894021424312636,0.2693561192038605,0.40459706452506233,0.19723907197019663,0.3047652300896465
151673,3,R9,kmeans,3,3611,0.376626973137635,0.16664833389431544,0.2691103957267651,0.40764331210191085,0.19515920211695942,0.3034095497990254
151673,3,R9,kmeans,4,3611,0.3730268623649958,0.16606701467059146,0.26864720936184,0.40099695375242317,0.19357998646160346,0.301934112202357
151673,3,R9,kmeans,5,3611,0.37718083633342564,0.1667367633989182,0.2693121319987249,0.4090279700913874,0.1957255752683641,0.30454573484347774
151673,3,R9,kmeans,6,3611,0.3788424259207976,0.16752377589083461,0.2691382470504809,0.41207421766823593,0.19658379706649923,0.3047505999945707
151673,3,R9,kmeans,7,3611,0.37607310994184434,0.16695636301280314,0.2698371723338216,0.40764331210191085,0.19558761133991648,0.30371872665660393
151673,3,R9,kmeans,8,3611,0.37718083633342564,0.16651432717282855,0.26895220486614607,0.41041262808086404,0.1955634289425244,0.3037904414386132
151673,3,R9,kmeans,9,3611,0.3741345887565771,0.16683786271159498,0.26732578892443387,0.4018277485461091,0.19461234911199735,0.30162403507749724
151673,3,R9,gmm,0,3611,0.3483799501523124,0.15218346108475694,0.2733079250039214,0.38022708391027416,0.1755771983952135,0.3066757055764068
151673,3,R9,gmm,1,3611,0.38881196344502905,0.17550958740854578,0.27207340425385407,0.4195513708114096,0.20847468195245394,0.3120793814459165
151673,3,R9,gmm,2,3611,0.3874273054555525,0.17526967090861437,0.2713312760133454,0.4187205760177236,0.20849598193232477,0.3109913734876477
151673,3,R9,gmm,3,3611,0.3885350318471338,0.17562666076697375,0.2715581288504436,0.4198283024093049,0.20864889521545735,0.3109631758065703
151673,3,R9,gmm,4,3611,0.3885350318471338,0.17565272668868176,0.2715634765812278,0.4198283024093049,0.208689666073601,0.31097728612096637
151673,3,R9,gmm,5,3611,0.3788424259207976,0.16973318321948275,0.2705272904290052,0.4090279700913874,0.19899908887426698,0.3041252166495748
151673,3,R9,gmm,6,3611,0.3594572140681252,0.15631274897330444,0.2658580879487078,0.3901966214345057,0.18369099956356985,0.2984194619058047
151673,3,R9,gmm,7,3611,0.3838271946829133,0.16894945656994573,0.2705576948668273,0.41124342287455,0.19724271284462283,0.3062605702689561
151673,3,R9,gmm,8,3611,0.38881196344502905,0.1757147667322786,0.2716344083000475,0.42010523400720023,0.20867052563948066,0.3108639419247686
151673,3,R9,gmm,9,3611,0.38825810024923846,0.17558195617883535,0.2716351944695991,0.41899750761561894,0.20856908471436097,0.3110955515496531
151673,3,R9,leiden,0,3611,0.4439213514261977,0.1891134445956129,0.2902320703454126,0.47078371642204375,0.21303768063587844,0.32272821340810887
151673,3,R9,leiden,1,3611,0.445859872611465,0.20175206678641375,0.29909987734535476,0.47743007477153143,0.22829224443752516,0.33407444575565076
151673,3,R9,leiden,2,3611,0.4325671559124896,0.19622820525937928,0.29430083682898295,0.4547216837441152,0.220981511767861,0.3306550313653767
151673,3,R9,leiden,3,3611,0.41041262808086404,0.19326005029452892,0.29682232579433965,0.4342287454998615,0.2141253963781028,0.3277338239650084
151673,3,R9,leiden,4,3611,0.46109111049570756,0.21123926206449728,0.3080493555655162,0.48352256992522846,0.23400338041105914,0.3439734889637744
151673,3,R9,leiden,5,3611,0.4674605372472999,0.21117147090325528,0.30537373409302115,0.49875380780947104,0.23924914136727796,0.34478108228253473
151673,3,R9,leiden,6,3611,0.43727499307671003,0.19341237892336952,0.2856494010263048,0.45638327333148715,0.21392441517932478,0.31834996999651516
151673,3,R9,leiden,7,3611,0.4228745499861534,0.18116776383837987,0.2721678219826082,0.4461368042093603,0.2047508071908721,0.29719201730850614
151673,3,R9,leiden,8,3611,0.4206590972029909,0.1762452985688179,0.27096556702988017,0.43976737745776795,0.1953694022614862,0.2957550170319178
151673,3,R9,leiden,9,3611,0.44253669343672114,0.18697392024459578,0.2877820617606566,0.4682913320409859,0.20771667603251587,0.31477132038232325
151673,3,R10,kmeans,0,3611,0.3486568817502077,0.14288383888869177,0.2669927962521662,0.37164220437551926,0.1560517568876753,0.29096814897289597
151673,3,R10,kmeans,1,3611,0.3486568817502077,0.14198912380175654,0.2665832479395747,0.3719191359734146,0.15455208580792393,0.28920622779211086
151673,3,R10,kmeans,2,3611,0.34505677097756854,0.14101794796144546,0.2673670786724144,0.3669343672112988,0.1530783063252057,0.29069301785967483
151673,3,R10,kmeans,3,3611,0.3486568817502077,0.14288383888869177,0.26699279625216626,0.37164220437551926,0.1560517568876753,0.2909681489728959
151673,3,R10,kmeans,4,3611,0.3417335918028247,0.13968863713181282,0.26682689368068985,0.36471891442813625,0.15461964102217893,0.2932688748109967
151673,3,R10,kmeans,5,3611,0.3630573248407643,0.15850508763640608,0.26495750269988216,0.3907504846302963,0.18350586184404982,0.2942680849721191
151673,3,R10,kmeans,6,3611,0.34893381334810303,0.14294184203909455,0.26740832554487887,0.3719191359734146,0.1558179390452121,0.29083859612858454
151673,3,R10,kmeans,7,3611,0.33924120742176683,0.13860157513196072,0.2684529863099679,0.3591802824702299,0.1495410269985899,0.2889762978796623
151673,3,R10,kmeans,8,3611,0.3445029077817779,0.14006360762717363,0.26570317291977585,0.36776516200498477,0.1527854620482437,0.2898182993056413
151673,3,R10,kmeans,9,3611,0.3486568817502077,0.14288383888869177,0.26699279625216626,0.37164220437551926,0.1560517568876753,0.29096814897289586
151673,3,R10,gmm,0,3611,0.3555801716975907,0.1376907745967701,0.2252308099621887,0.3918582110218776,0.1733669660124244,0.26404168128640865
151673,3,R10,gmm,1,3611,0.3553032400996954,0.13766254607048434,0.22515992081381886,0.3915812794239823,0.17335405978404064,0.2639771525170319
151673,3,R10,gmm,2,3611,0.3195790639711991,0.13202663817943072,0.2405777365009847,0.3339795070617557,0.14534026365213096,0.2680897937688022
151673,3,R10,gmm,3,3611,0.3572417612849626,0.14513448577872662,0.22996834518075737,0.39102741622819165,0.18197136307291067,0.270316539353544
151673,3,R10,gmm,4,3611,0.35502630850180006,0.13764435437203953,0.2251140914446116,0.391304347826087,0.17325526630350882,0.263842378580245
151673,3,R10,gmm,5,3611,0.3273331487122681,0.12881069469583664,0.22412716368870014,0.3672112988091941,0.16967825800463984,0.26603293766055086
151673,3,R10,gmm,6,3611,0.3223483799501523,0.13141816702455722,0.23876650263263396,0.33841041262808086,0.14589081832470638,0.2680036878311895
151673,3,R10,gmm,7,3611,0.3472722237607311,0.14169716845955935,0.22553919446244713,0.3824425366934367,0.1776627681176971,0.26394177599432667
151673,3,R10,gmm,8,3611,0.3555801716975907,0.1376907745967701,0.22523080996218867,0.3918582110218776,0.1733669660124244,0.26404168128640865
151673,3,R10,gmm,9,3611,0.3569648296870673,0.14508076291494176,0.22994728235281314,0.39102741622819165,0.18189856096358265,0.27020622950684137
151673,3,R10,leiden,0,3611,0.40847410689559677,0.17988768117043238,0.28269145926856704,0.4184436444198283,0.19403342741704585,0.3052759810749247
151673,3,R10,leiden,1,3611,0.4544447521462199,0.19317444624433086,0.30187596762553687,0.48186098033785657,0.21958949208664336,0.3368209190687421
151673,3,R10,leiden,2,3611,0.4342287454998615,0.20235453737056214,0.301007069782513,0.4558294101356965,0.22903669448674976,0.33798426963260736
151673,3,R10,leiden,3,3611,0.4544447521462199,0.1949616236792897,0.2936087359427698,0.47936859595679865,0.21873886018551816,0.32403154175202
151673,3,R10,leiden,4,3611,0.46192190528939353,0.2054536219180916,0.2991477968362538,0.4909997230684021,0.23352912301822457,0.3341652862169531
151673,3,R10,leiden,5,3611,0.42038216560509556,0.18713264254356213,0.29349811784495167,0.43699806147881476,0.20586973490212798,0.32311067802987853
151673,3,R10,leiden,6,3611,0.4400443090556633,0.1892688030880516,0.291039328608446,0.45416782054832455,0.20468614708783053,0.31820853931966836
151673,3,R10,leiden,7,3611,0.42204375519246745,0.18570631267742602,0.29028980372583973,0.44724453060094155,0.2091792467254787,0.31893360451485836
151673,3,R10,leiden,8,3611,0.41788978122403764,0.1740724979708553,0.2736231866937073,0.4400443090556633,0.19523595281777545,0.29873935511016964
151673,3,R10,leiden,9,3611,0.42315148158404875,0.18332377519289764,0.28619585711088047,0.43755192467460535,0.19959747720199938,0.30631879157155223
151673,3,R11,kmeans,0,3611,0.3414566602049294,0.13988136026001072,0.26545665073646485,0.36361118803655496,0.15311508339400556,0.29030978583250366
151673,3,R11,kmeans,1,3611,0.34394904458598724,0.1406941973775489,0.2662211146800031,0.3680420936028801,0.1535780567856304,0.2897370463867107
151673,3,R11,kmeans,2,3611,0.34810301855441705,0.1413111607736754,0.26623988743610044,0.37025754638604264,0.15383955334152932,0.28943626453529664
151673,3,R11,kmeans,3,3611,0.3503184713375796,0.1436329602866149,0.26769553042192284,0.37330379396289115,0.15660412860238676,0.29093822529091334
151673,3,R11,kmeans,4,3611,0.3475491553586264,0.14123094516143594,0.26615786895636284,0.3699806147881473,0.15374788751379256,0.2893903383029192
151673,3,R11,kmeans,5,3611,0.3486568817502077,0.14288383888869177,0.26699279625216626,0.37164220437551926,0.1557568244136436,0.29032095589836593
151673,3,R11,kmeans,6,3611,0.34644142896704516,0.14103205489418266,0.26548177115399435,0.36859595679867074,0.15558929666109547,0.2918104223120583
151673,3,R11,kmeans,7,3611,0.3431182497923013,0.1405990061001338,0.26665091772031513,0.36582664081971755,0.1535819797136782,0.2912678889570435
151673,3,R11,kmeans,8,3611,0.34422597618388256,0.13980256900654894,0.26522486790475025,0.36638050401550815,0.15252589749087364,0.28969463343479546
151673,3,R11,kmeans,9,3611,0.3505954029354749,0.143709677230663,0.26823920325840195,0.3738576571586818,0.15671026854299303,0.2916492416943403
151673,3,R11,gmm,0,3611,0.3505954029354749,0.131102962497083,0.23324729887028056,0.38604264746607586,0.16202023189110348,0.27199736651275164
151673,3,R11,gmm,1,3611,0.3505954029354749,0.12978837660318363,0.228099270779538,0.38327333148712267,0.15914023817230843,0.26595577094502115
151673,3,R11,gmm,2,3611,0.33536416505123234,0.1059461323626499,0.2132499309105342,0.3630573248407643,0.1291351266534397,0.24897428426310725
151673,3,R11,gmm,3,3611,0.33841041262808086,0.10907536189108714,0.21780042201278485,0.36665743561340347,0.13200585598226883,0.25330466476824687
151673,3,R11,gmm,4,3611,0.35087233453337024,0.12954108115873617,0.22763534103689378,0.3846579894765993,0.1590033182072223,0.26516913986429336
151673,3,R11,gmm,5,3611,0.35474937690390473,0.12982564648683786,0.23113044132990282,0.3877042370534478,0.16051037261775328,0.27322750771808957
151673,3,R11,gmm,6,3611,0.32677928551647745,0.11273050831617909,0.20546415757407657,0.3541955137081141,0.1374377570970029,0.240448080302704
151673,3,R11,gmm,7,3611,0.3409027970091387,0.11038846737194956,0.22019734932048093,0.37025754638604264,0.1332836176140492,0.2541841137864085
151673,3,R11,gmm,8,3611,0.335918028247023,0.1072500456117619,0.21577806460639215,0.36333425643865963,0.13051290773505483,0.2517268986238155
151673,3,R11,gmm,9,3611,0.3361949598449183,0.10847549861066094,0.2177075416099399,0.3655497092218222,0.13109432575809057,0.2523728885536067
151673,3,R11,leiden,0,3611,0.41207421766823593,0.18072546279573637,0.2833660529229706,0.43755192467460535,0.20212392781245686,0.3068263520864517
151673,3,R11,leiden,1,3611,0.41733591802824704,0.18110881806452692,0.2836119068238307,0.4267515923566879,0.19352820639864965,0.30358218259282305
151673,3,R11,leiden,2,3611,0.44059817225145387,0.1870195705405047,0.29168482866057055,0.4635834948767654,0.20746718367120015,0.31902616186196153
151673,3,R11,leiden,3,3611,0.39656604818609803,0.172860926571072,0.27738354047126257,0.4170589864303517,0.19069503472672972,0.2983040839577817
151673,3,R11,leiden,4,3611,0.43201329271669897,0.18461086349900138,0.2881103734143397,0.4489061201883135,0.19987237745406705,0.3124369829764559
151673,3,R11,leiden,5,3611,0.4436444198283024,0.20063490622187025,0.3017926291049316,0.4699529216283578,0.22473770890679978,0.33492227052247847
151673,3,R11,leiden,6,3611,0.4322902243145943,0.1853979614509584,0.2833099194113676,0.4436444198283024,0.20203233872158893,0.30776633733693054
151673,3,R11,leiden,7,3611,0.4433674882304071,0.18766506706444683,0.29079128345226984,0.4721683744115204,0.21157725253565005,0.3245457770155602
151673,3,R11,leiden,8,3611,0.4225976183882581,0.17758143928842438,0.28385337752223183,0.445859872611465,0.19615275433485485,0.3096890782205821
151673,3,R11,leiden,9,3611,0.41761284962614237,0.179491328237631,0.2828428242311162,0.4333979507061756,0.19540041237534383,0.30746486044205834
151674,3,R1,kmeans,0,3635,0.3323246217331499,0.14330790733711307,0.24269179196658394,0.3656121045392022,0.17199363814971713,0.2778870219251074
151674,3,R1,kmeans,1,3635,0.36506189821182944,0.16339532893710476,0.22415121395448584,0.4082530949105915,0.21776404012985257,0.2773933607981565
151674,3,R1,kmeans,2,3635,0.39587345254470424,0.18056696251857748,0.249112601721911,0.44951856946354884,0.2533985366571731,0.32479597840382846
151674,3,R1,kmeans,3,3635,0.37579092159559835,0.16521235509426532,0.2534674041441284,0.4162310866574966,0.2197488118858619,0.3171172466175791
151674,3,R1,kmeans,4,3635,0.4049518569463549,0.18013341323432117,0.23972925135477915,0.4517193947730399,0.23824540802502447,0.29361888662919094
151674,3,R1,kmeans,5,3635,0.3884456671251719,0.17174303069346092,0.22828452410914699,0.43548830811554334,0.23017159782265048,0.2799163771054104
151674,3,R1,kmeans,6,3635,0.4,0.18939020451495436,0.2623731255160512,0.4484181568088033,0.2587841141340651,0.3290516543578406
151674,3,R1,kmeans,7,3635,0.35213204951856947,0.14806770354847634,0.22905457017224443,0.39669876203576343,0.18818117507259485,0.2685444731824178
151674,3,R1,kmeans,8,3635,0.3799174690508941,0.17228237818152062,0.23049301812059045,0.41788170563961485,0.22678119652249762,0.2812585657194191
151674,3,R1,kmeans,9,3635,0.3735900962861073,0.17135955078911286,0.22762339655141237,0.4159559834938102,0.22571389425537233,0.27817170271546454
151674,3,R1,gmm,0,3635,0.35900962861072905,0.14649343458976338,0.2102908046997383,0.4195323246217332,0.2103098511386937,0.2791703067699729
151674,3,R1,gmm,1,3635,0.35240715268225586,0.14717891047714726,0.20961119485289503,0.4033012379642366,0.2114894736543188,0.27223695540416787
151674,3,R1,gmm,2,3635,0.3375515818431912,0.12453113737013316,0.19880326718106206,0.39917469050894083,0.18515518658016852,0.2617969345117485
151674,3,R1,gmm,3,3635,0.3171939477303989,0.11407634222580397,0.20463788473160383,0.3488308115543329,0.1472986285893778,0.24366768563577224
151674,3,R1,gmm,4,3635,0.36533700137551584,0.14031722395463575,0.21327514895030525,0.4233837689133425,0.19975742826249515,0.279047499775476
151674,3,R1,gmm,5,3635,0.3499312242090784,0.12782264731841242,0.19751665363177673,0.41815680880330125,0.19343469992850013,0.26397457813606534
151674,3,R1,gmm,6,3635,0.36478679504814304,0.1381094478561983,0.21623526194551337,0.4156808803301238,0.19138985888187393,0.2824199777632962
151674,3,R1,gmm,7,3635,0.3686382393397524,0.14776260392847704,0.22053219656440345,0.4198074277854195,0.20130270444531267,0.2852403896726085
151674,3,R1,gmm,8,3635,0.362585969738652,0.1492883980470644,0.1964875220944039,0.4140302613480055,0.2050820185185387,0.25989226525568576
151674,3,R1,gmm,9,3635,0.334525447042641,0.12484090555982749,0.20946110812905952,0.4016506189821183,0.1734648183772473,0.26735698142037706
151674,3,R1,leiden,0,3635,0.3436038514442916,0.1160677320356645,0.12381976129471901,0.40715268225584594,0.18903393742364408,0.199992200194557
151674,3,R1,leiden,1,3635,0.3460797799174691,0.11028927451304012,0.12553023937364743,0.40852819807427787,0.1795523653147268,0.19684512442536883
151674,3,R1,leiden,2,3635,0.349656121045392,0.12044713245676049,0.12925147950218546,0.4096286107290234,0.18891271817921182,0.2034020439704089
151674,3,R1,leiden,3,3635,0.35845942228335625,0.1170010078003212,0.12916699011544944,0.41155433287482807,0.1750516897844285,0.1912346269952136
151674,3,R1,leiden,4,3635,0.3546079779917469,0.11998274457966814,0.12647459826174526,0.41458046767537826,0.1876904648737442,0.19817837117764095
151674,3,R1,leiden,5,3635,0.3598349381017882,0.11463884770647538,0.13513311285041246,0.4167812929848693,0.1839508971648361,0.20911209838563244
151674,3,R1,leiden,6,3635,0.3634112792297111,0.12292185097099961,0.1300478861425564,0.42916093535075656,0.19474018040029886,0.20614192156088026
151674,3,R1,leiden,7,3635,0.3348005502063274,0.11656978816610995,0.12994032738511258,0.3878954607977992,0.17957520644802782,0.19766314496773765
151674,3,R1,leiden,8,3635,0.33837689133425036,0.11737587875197406,0.12730619470653276,0.390646492434663,0.1821599976926221,0.19325271544425518
151674,3,R1,leiden,9,3635,0.3433287482806052,0.10762656767934375,0.11746675843066455,0.4030261348005502,0.17846718341551174,0.19159385264208545
151674,3,R2,kmeans,0,3635,0.28885832187070154,0.11326080284976331,0.17363667579715067,0.30563961485557084,0.13618546346531094,0.2005119704411428
151674,3,R2,kmeans,1,3635,0.287757909215956,0.11312405125529668,0.17344103139529793,0.3034387895460798,0.13629504191314257,0.19842015073539268
151674,3,R2,kmeans,2,3635,0.2858321870701513,0.11298522287799172,0.17284224184448976,0.3031636863823934,0.1367073781469337,0.19711179359350262
151674,3,R2,kmeans,3,3635,0.2896836313617607,0.11373004074688887,0.17374832375202046,0.3081155433287483,0.13815224876109866,0.2011423804515884
151674,3,R2,kmeans,4,3635,0.2869325997248968,0.11279937742087671,0.17284861063611184,0.3017881705639615,0.13523896107667946,0.19729717243539144
151674,3,R2,kmeans,5,3635,0.2896836313617607,0.11373004074688887,0.17374832375202046,0.3081155433287483,0.13815224876109866,0.20114238045158836
151674,3,R2,kmeans,6,3635,0.2869325997248968,0.1127927250219834,0.17333450385359617,0.3017881705639615,0.1351916233776736,0.19806025460195692
151674,3,R2,kmeans,7,3635,0.2858321870701513,0.11298522287799172,0.17284224184448982,0.3031636863823934,0.1367073781469337,0.19711179359350262
151674,3,R2,kmeans,8,3635,0.28885832187070154,0.11326080284976331,0.17363667579715067,0.30563961485557084,0.13618546346531094,0.20051197044114277
151674,3,R2,kmeans,9,3635,0.2869325997248968,0.1127927250219834,0.17333450385359617,0.3017881705639615,0.1351916233776736,0.19806025460195692
151674,3,R2,gmm,0,3635,0.2797799174690509,0.10121480494457946,0.1690802684208081,0.29160935350756534,0.11334447867159342,0.18415518909383324
151674,3,R2,gmm,1,3635,0.2797799174690509,0.10112640522773943,0.16903472666783037,0.29160935350756534,0.11334447867159342,0.18415518909383324
151674,3,R2,gmm,2,3635,0.2797799174690509,0.10121480494457946,0.16908026842080806,0.29160935350756534,0.11334447867159342,0.18415518909383324
151674,3,R2,gmm,3,3635,0.2797799174690509,0.10121480494457946,0.1690802684208081,0.29160935350756534,0.11334447867159342,0.18415518909383324
151674,3,R2,gmm,4,3635,0.2797799174690509,0.10140281158703103,0.16941533267258366,0.29133425034387894,0.11345621305697366,0.1843309911295111
151674,3,R2,gmm,5,3635,0.2795048143053645,0.10113067330689794,0.1690408400634596,0.29133425034387894,0.1133873198216088,0.18419594893036204
151674,3,R2,gmm,6,3635,0.2795048143053645,0.10113067330689794,0.16904084006345954,0.29133425034387894,0.1133873198216088,0.18419594893036206
151674,3,R2,gmm,7,3635,0.2797799174690509,0.10121480494457946,0.1690802684208081,0.29160935350756534,0.11334447867159342,0.18415518909383324
151674,3,R2,gmm,8,3635,0.2795048143053645,0.10113067330689794,0.1690408400634596,0.29133425034387894,0.1133873198216088,0.18419594893036206
151674,3,R2,gmm,9,3635,0.2797799174690509,0.10121480494457946,0.16908026842080806,0.29160935350756534,0.11334447867159342,0.18415518909383324
151674,3,R2,leiden,0,3635,0.2764786795048143,0.0909984232186505,0.16863955710977582,0.29573590096286106,0.10979520912319865,0.18957344340766286
151674,3,R2,leiden,1,3635,0.3108665749656121,0.12052506067222613,0.1754408344638986,0.33370013755158184,0.14743307575453823,0.2035155001280104
151674,3,R2,leiden,2,3635,0.26767537826685006,0.09027741466605534,0.1660748383185051,0.28830811554332875,0.10244281529851917,0.1836180165627827
151674,3,R2,leiden,3,3635,0.25749656121045394,0.08962892292740547,0.16474322672240613,0.2751031636863824,0.10553093983320559,0.1794659428736593
151674,3,R2,leiden,4,3635,0.29353507565337,0.0991053112153581,0.1750026614425213,0.3012379642365887,0.11446672233977943,0.20144609444505218
151674,3,R2,leiden,5,3635,0.2583218707015131,0.09050690143684713,0.1649347008105953,0.27730398899587344,0.10824132186838058,0.1805120626547453
151674,3,R2,leiden,6,3635,0.2921595598349381,0.09871993214931092,0.17098567104118934,0.31031636863823936,0.11933784318053764,0.19805321104287796
151674,3,R2,leiden,7,3635,0.29491059147180193,0.09908848835305793,0.17097105976006566,0.3108665749656121,0.11602855332071556,0.194563997248374
151674,3,R2,leiden,8,3635,0.2836313617606602,0.09594011013572916,0.16844654277899848,0.3004126547455296,0.11437578605789855,0.18687402952182683
151674,3,R2,leiden,9,3635,0.2580467675378267,0.08994716863615558,0.16476548098212346,0.2764786795048143,0.10661816065659234,0.17994721578035427
151674,3,R3,kmeans,0,3635,0.3658872077028886,0.14963844912132346,0.21719993669653578,0.37909215955983494,0.1587521764633617,0.23315802077268044
151674,3,R3,kmeans,1,3635,0.37111416781292983,0.15253512904117347,0.22121081268973383,0.38514442916093533,0.1636452191093388,0.23814832796142554
151674,3,R3,kmeans,2,3635,0.3705639614855571,0.15206035853182692,0.220693862328577,0.384869325997249,0.16320665786591385,0.23781067430793712
151674,3,R3,kmeans,3,3635,0.3485557083906465,0.13925400081207795,0.20770521394908975,0.35543328748280606,0.1474415130352738,0.2220059847486863
151674,3,R3,kmeans,4,3635,0.3702888583218707,0.15206894058354314,0.22078616617096075,0.384869325997249,0.16347592002064643,0.23805101489271996
151674,3,R3,kmeans,5,3635,0.3485557083906465,0.13940588807647158,0.2085150990775066,0.3559834938101788,0.14746790824202205,0.22227759176170728
151674,3,R3,kmeans,6,3635,0.3642365887207703,0.14596642889658137,0.21070536189747108,0.37909215955983494,0.15720837587417358,0.22827373424000474
151674,3,R3,kmeans,7,3635,0.3642365887207703,0.14819849604642807,0.21641041940863606,0.37606602475928474,0.15730518101931804,0.2325280716163659
151674,3,R3,kmeans,8,3635,0.3708390646492435,0.15223141561462405,0.2208455092568964,0.38514442916093533,0.1634111802577595,0.23799704892583126
151674,3,R3,kmeans,9,3635,0.36533700137551584,0.14924465074656393,0.2168853414024499,0.3779917469050894,0.15798775130843803,0.23268074442529507
151674,3,R3,gmm,0,3635,0.36176066024759285,0.11430444014493865,0.17673575986042045,0.3983493810178817,0.14414600310435674,0.203952871932033
151674,3,R3,gmm,1,3635,0.36176066024759285,0.11274142482329245,0.17301323562950008,0.4019257221458047,0.14467980520444326,0.20363268789026392
151674,3,R3,gmm,2,3635,0.36891334250343877,0.11644644438847435,0.18075775057771576,0.40742778541953234,0.14671431150598138,0.21040967755241705
151674,3,R3,gmm,3,3635,0.3639614855570839,0.11402077581007761,0.17354527620471422,0.40357634112792296,0.14604558081556243,0.20346924521447568
151674,3,R3,gmm,4,3635,0.3603851444291609,0.11621582451569672,0.17893123627588914,0.39752407152682256,0.1467358468104888,0.20696251971437304
151674,3,R3,gmm,5,3635,0.3603851444291609,0.11621582451569672,0.17893123627588914,0.39752407152682256,0.1467358468104888,0.20696251971437304
151674,3,R3,gmm,6,3635,0.3612104539202201,0.11289055580063549,0.17320525074327997,0.4013755158184319,0.14482527614596144,0.20370957046978588
151674,3,R3,gmm,7,3635,0.36231086657496564,0.11568860328083377,0.17798313575541058,0.3980742778541953,0.14493357345138527,0.20496379114301286
151674,3,R3,gmm,8,3635,0.36891334250343877,0.11750494045622299,0.1833446237509958,0.405777166437414,0.14669007995073366,0.2126789685296799
151674,3,R3,gmm,9,3635,0.36231086657496564,0.11568860328083377,0.17798313575541058,0.3980742778541953,0.14493357345138527,0.20496379114301289
151674,3,R3,leiden,0,3635,0.4159559834938102,0.17179070191881618,0.24991866949186953,0.42861072902338376,0.17740253715414786,0.25887730502988665
151674,3,R3,leiden,1,3635,0.4077028885832187,0.17734686687333073,0.27594972133242246,0.4063273727647868,0.1793370678980251,0.286454047601233
151674,3,R3,leiden,2,3635,0.4401650618982118,0.18475482394971757,0.272375854803896,0.446767537826685,0.19147318242699946,0.28439722787403876
151674,3,R3,leiden,3,3635,0.43246217331499315,0.18868269466325097,0.27423654798922054,0.4393397524071527,0.1972884941880817,0.28809280085772576
151674,3,R3,leiden,4,3635,0.4261348005502063,0.1756025271589352,0.2602495638898343,0.42530949105914717,0.17960252161579243,0.27202155550708873
151674,3,R3,leiden,5,3635,0.41430536451169186,0.1794335158650144,0.27466468444204867,0.4159559834938102,0.1850208634931388,0.2855514791426272
151674,3,R3,leiden,6,3635,0.4470426409903714,0.19190946400099274,0.26299374176683316,0.45254470426409904,0.19972349429757,0.27582949122409933
151674,3,R3,leiden,7,3635,0.41815680880330125,0.18582231556510545,0.270309215914217,0.4236588720770289,0.18989960319200355,0.28054883443561673
151674,3,R3,leiden,8,3635,0.40412654745529575,0.17177733755036553,0.2663628809279813,0.40687757909215955,0.17860483481517184,0.2796456872305081
151674,3,R3,leiden,9,3635,0.4110041265474553,0.17492611490676865,0.2683936378702518,0.4140302613480055,0.1813121601449068,0.2799722697920062
151674,3,R4,kmeans,0,3635,0.3887207702888583,0.15704135772914604,0.24850414878203314,0.4049518569463549,0.1732098649756851,0.2739064518127075
151674,3,R4,kmeans,1,3635,0.3887207702888583,0.15744137442889308,0.2490226470765195,0.4049518569463549,0.17363787587480295,0.2744587414206836
151674,3,R4,kmeans,2,3635,0.35488308115543327,0.14784639587480253,0.23868446768534124,0.37634112792297114,0.1612973496565937,0.2626367410117087
151674,3,R4,kmeans,3,3635,0.38294360385144427,0.15572199630756833,0.24770926076217412,0.3980742778541953,0.17290812813235856,0.27408589393543475
151674,3,R4,kmeans,4,3635,0.3887207702888583,0.15704135772914604,0.24850414878203309,0.4049518569463549,0.1732098649756851,0.27390645181270745
151674,3,R4,kmeans,5,3635,0.38514442916093533,0.1530342529042633,0.24392660911837086,0.4033012379642366,0.17471860105958437,0.27364334762316644
151674,3,R4,kmeans,6,3635,0.3887207702888583,0.15744137442889308,0.2490226470765195,0.4049518569463549,0.17363787587480295,0.2744587414206836
151674,3,R4,kmeans,7,3635,0.3887207702888583,0.15704135772914604,0.24850414878203314,0.4049518569463549,0.1732098649756851,0.27390645181270745
151674,3,R4,kmeans,8,3635,0.3887207702888583,0.15744137442889308,0.2490226470765195,0.4049518569463549,0.17363787587480295,0.2744587414206835
151674,3,R4,kmeans,9,3635,0.3856946354883081,0.1528617224514092,0.2442400536693976,0.40385144429160935,0.1742392876764557,0.27333197522122504
151674,3,R4,gmm,0,3635,0.3075653370013755,0.10911459818482709,0.18730767284116304,0.33975240715268223,0.12898933007490945,0.2210458572726235
151674,3,R4,gmm,1,3635,0.3177441540577717,0.11454520466659261,0.17846603932595798,0.3491059147180193,0.13313564666677988,0.20816347575168104
151674,3,R4,gmm,2,3635,0.28033012379642364,0.09078485894770627,0.1721851602615952,0.30701513067400277,0.10941400181485922,0.20287525392617997
151674,3,R4,gmm,3,3635,0.3061898211829436,0.10885270006611532,0.18677786060999374,0.3375515818431912,0.12800190503846937,0.21953952079667072
151674,3,R4,gmm,4,3635,0.3061898211829436,0.10885270006611532,0.18677786060999374,0.3375515818431912,0.12800190503846937,0.21953952079667072
151674,3,R4,gmm,5,3635,0.2797799174690509,0.09061631817976958,0.17206409491888955,0.30674002751031637,0.10909246995197658,0.20241615378448477
151674,3,R4,gmm,6,3635,0.2756533700137552,0.0940396967791591,0.17234233403972313,0.29601100412654746,0.11709633305382611,0.20059147300652733
151674,3,R4,gmm,7,3635,0.3001375515818432,0.10765254071776106,0.17869557559994756,0.3328748280605227,0.13212927426865584,0.20935657531691468
151674,3,R4,gmm,8,3635,0.3061898211829436,0.10885270006611532,0.18677786060999382,0.3375515818431912,0.12800190503846937,0.2195395207966707
151674,3,R4,gmm,9,3635,0.3072902338376891,0.10909404577768451,0.18730405093278063,0.33975240715268223,0.12898933007490945,0.2210458572726235
151674,3,R4,leiden,0,3635,0.4294360385144429,0.20263485724722607,0.2696424892116284,0.45226960110041264,0.22416064406908845,0.2924452186160936
151674,3,R4,leiden,1,3635,0.4192572214580468,0.1825131645560408,0.2474970219518918,0.4437414030261348,0.20330867050024265,0.2711230947789505
151674,3,R4,leiden,2,3635,0.44621733149931225,0.18371330824988613,0.24462007100036498,0.46960110041265474,0.2083291515463561,0.27629118571513855
151674,3,R4,leiden,3,3635,0.4049518569463549,0.16678354496697825,0.2394530366210728,0.42888583218707016,0.195152147943791,0.27002250591457533
151674,3,R4,leiden,4,3635,0.4390646492434663,0.18956760366503445,0.26048773361416455,0.450343878954608,0.20462329577288224,0.28192830228545535
151674,3,R4,leiden,5,3635,0.39009628610729025,0.17031429580468152,0.24486080009831562,0.39642365887207703,0.1760520680114337,0.2571408549435268
151674,3,R4,leiden,6,3635,0.3771664374140303,0.1627937114976117,0.23847105907690494,0.38294360385144427,0.17227490829539263,0.2569589441605857
151674,3,R4,leiden,7,3635,0.4481430536451169,0.1989558680999364,0.2706045803133628,0.4720770288858322,0.22314331323173114,0.2973342966762905
151674,3,R4,leiden,8,3635,0.41292984869326,0.17534703910296692,0.257814064133434,0.42448418156808804,0.18261707037258246,0.27067076434328785
151674,3,R4,leiden,9,3635,0.3636863823933975,0.15923760339608894,0.22106846284755155,0.36836313617606603,0.16269259301354427,0.23142638861893264
151674,3,R5,kmeans,0,3635,0.409353507565337,0.18657123845177082,0.2718538971716919,0.43493810178817055,0.21156215230526002,0.30643079339574597
151674,3,R5,kmeans,1,3635,0.4088033012379642,0.18587137476401222,0.27120905743832535,0.43246217331499315,0.20962084132752576,0.3043587692479804
151674,3,R5,kmeans,2,3635,0.40687757909215955,0.18430497230492032,0.26985634233815514,0.43163686382393396,0.20721766131064745,0.30210082479697176
151674,3,R5,kmeans,3,3635,0.4088033012379642,0.18587628448509183,0.27136813519002995,0.4346629986244842,0.210605571620654,0.3065092676585032
151674,3,R5,kmeans,4,3635,0.4079779917469051,0.185303442374698,0.2704206022889279,0.4310866574965612,0.20827579899742824,0.30259571152422443
151674,3,R5,kmeans,5,3635,0.409353507565337,0.18677213738158963,0.2720422886474992,0.43548830811554334,0.21194164102141724,0.30770327312027695
151674,3,R5,kmeans,6,3635,0.40687757909215955,0.1845009236549884,0.2699071261173036,0.4310866574965612,0.20766686406562607,0.302575007168726
151674,3,R5,kmeans,7,3635,0.4090784044016506,0.185622070737701,0.2717358526648609,0.4330123796423659,0.20891557500520633,0.305213184019244
151674,3,R5,kmeans,8,3635,0.4088033012379642,0.18486531178399554,0.2698877627663904,0.4308115543328748,0.20681916130755398,0.3024814825447395
151674,3,R5,kmeans,9,3635,0.4088033012379642,0.186179664939799,0.27180102177088816,0.433837689133425,0.20969971355299605,0.30539508702148244
151674,3,R5,gmm,0,3635,0.3081155433287483,0.11665599523884855,0.17655684818464734,0.321595598349381,0.13814217506166532,0.19989583977025122
151674,3,R5,gmm,1,3635,0.3031636863823934,0.11017927381283234,0.1710943513838612,0.32352132049518567,0.13017112684269116,0.19291525947323962
151674,3,R5,gmm,2,3635,0.3081155433287483,0.11665599523884855,0.17655684818464737,0.321595598349381,0.13814217506166532,0.19989583977025127
151674,3,R5,gmm,3,3635,0.30839064649243464,0.11669265711860817,0.1766873638362203,0.3218707015130674,0.13818837642098677,0.20005834524871516
151674,3,R5,gmm,4,3635,0.3081155433287483,0.11665599523884855,0.17655684818464734,0.321595598349381,0.13814217506166532,0.1998958397702512
151674,3,R5,gmm,5,3635,0.3081155433287483,0.11663956360699822,0.17639735715523214,0.321595598349381,0.1381225135114808,0.1997127318898459
151674,3,R5,gmm,6,3635,0.3037138927097662,0.11005202043731492,0.1709897301862148,0.32572214580467673,0.12975922763368056,0.19264385626172748
151674,3,R5,gmm,7,3635,0.3081155433287483,0.11665599523884855,0.17655684818464737,0.321595598349381,0.13814217506166532,0.19989583977025124
151674,3,R5,gmm,8,3635,0.3037138927097662,0.10988674199659208,0.17083245158566668,0.32572214580467673,0.12960752093753852,0.19250113082378048
151674,3,R5,gmm,9,3635,0.3034387895460798,0.10964200503387436,0.1706998090444102,0.32599724896836313,0.12971345386444752,0.19220753160812146
151674,3,R5,leiden,0,3635,0.4082530949105915,0.1913600583884186,0.277970927524222,0.4159559834938102,0.20264947157227126,0.29611173977783395
151674,3,R5,leiden,1,3635,0.40385144429160935,0.19916077513499775,0.2888363410624018,0.41513067400275105,0.2099317779267907,0.30801990682244845
151674,3,R5,leiden,2,3635,0.3799174690508941,0.17112655101038066,0.26808251102626907,0.38514442916093533,0.17772139825740657,0.28114429946348546
151674,3,R5,leiden,3,3635,0.3628610729023384,0.1846101372768339,0.293502509274418,0.3656121045392022,0.19346629487255967,0.3166208318787704
151674,3,R5,leiden,4,3635,0.3815680880330124,0.17000637410840938,0.2735264773062461,0.3859697386519945,0.17717815956601912,0.2875854846414179
151674,3,R5,leiden,5,3635,0.3298486932599725,0.15594058481432954,0.26833639800358544,0.33342503438789545,0.16083029822995917,0.28319644822073947
151674,3,R5,leiden,6,3635,0.3997248968363136,0.17763610712585068,0.2820272088604849,0.4077028885832187,0.1843063582692347,0.2978069104622238
151674,3,R5,leiden,7,3635,0.39449793672627237,0.17754766266949934,0.28195717948400817,0.40357634112792296,0.18678888363185486,0.30017203507654666
151674,3,R5,leiden,8,3635,0.3840440165061898,0.1734275026661263,0.27851026762666325,0.3881705639614856,0.1815667594368075,0.29824279731786485
151674,3,R5,leiden,9,3635,0.4330123796423659,0.18462950658523378,0.2782542990325684,0.45364511691884457,0.20157373723330305,0.30236478780857257
151674,3,R6,kmeans,0,3635,0.4096286107290234,0.1866454227286159,0.2718211997417596,0.4360385144429161,0.2122591836776186,0.3063973269888022
151674,3,R6,kmeans,1,3635,0.4088033012379642,0.18604426635115215,0.27165231019087155,0.4332874828060523,0.20904560394473615,0.30483152926328594
151674,3,R6,kmeans,2,3635,0.4088033012379642,0.18560237015082723,0.27066586518478214,0.433837689133425,0.20955703641395187,0.3039698415627527
151674,3,R6,kmeans,3,3635,0.4088033012379642,0.18587628448509183,0.27136813519002995,0.4346629986244842,0.210605571620654,0.3065092676585032
151674,3,R6,kmeans,4,3635,0.4088033012379642,0.1859453924395187,0.27138641192834595,0.4330123796423659,0.21012651753311218,0.305767140934298
151674,3,R6,kmeans,5,3635,0.4088033012379642,0.18560237015082723,0.2706658651847822,0.433837689133425,0.20955703641395187,0.3039698415627527
151674,3,R6,kmeans,6,3635,0.40715268225584594,0.18500335354587594,0.2705621494152191,0.4313617606602476,0.2074526156392252,0.3028992397372397
151674,3,R6,kmeans,7,3635,0.4088033012379642,0.18604426635115215,0.2716523101908716,0.4332874828060523,0.20904560394473615,0.30483152926328577
151674,3,R6,kmeans,8,3635,0.4088033012379642,0.18478031526384042,0.2696711323039738,0.4308115543328748,0.20681916130755398,0.3024814825447395
151674,3,R6,kmeans,9,3635,0.4088033012379642,0.18614448716713952,0.2714453746806056,0.43246217331499315,0.20982455934680302,0.3046938011469455
151674,3,R6,gmm,0,3635,0.3598349381017882,0.1136675229565594,0.18660697800579085,0.3892709766162311,0.13785127714839385,0.21561363626332447
151674,3,R6,gmm,1,3635,0.3603851444291609,0.10140552483938495,0.19386575425434768,0.3884456671251719,0.121291754899756,0.2209798450783608
151674,3,R6,gmm,2,3635,0.35818431911966986,0.11372239522643794,0.18623573255027112,0.3887207702888583,0.1392965577270755,0.21620044818658316
151674,3,R6,gmm,3,3635,0.35873452544704265,0.11403401760772407,0.18668150397657413,0.3892709766162311,0.13974378485540698,0.21688884317450946
151674,3,R6,gmm,4,3635,0.3603851444291609,0.10140552483938495,0.19386575425434766,0.3884456671251719,0.121291754899756,0.22097984507836077
151674,3,R6,gmm,5,3635,0.3573590096286107,0.11289208614955347,0.18603815531369172,0.3859697386519945,0.13618663536552356,0.21491327131245405
151674,3,R6,gmm,6,3635,0.3573590096286107,0.11310119032582008,0.18527091114742064,0.3881705639614856,0.13853488394419025,0.21477825953161733
151674,3,R6,gmm,7,3635,0.35818431911966986,0.11354732486004895,0.18599068099252192,0.3887207702888583,0.1392965577270755,0.21620044818658316
151674,3,R6,gmm,8,3635,0.356808803301238,0.11273639783808755,0.18508853064808176,0.38651994497936726,0.13740564715986084,0.21409313126798651
151674,3,R6,gmm,9,3635,0.356808803301238,0.11273639783808755,0.18508853064808173,0.38651994497936726,0.13740564715986084,0.21409313126798646
151674,3,R6,leiden,0,3635,0.4123796423658872,0.18745019485630587,0.28852230333950696,0.41485557083906466,0.1930537499332557,0.30389349093990514
151674,3,R6,leiden,1,3635,0.4126547455295736,0.19427680493888752,0.28244836324528144,0.41843191196698765,0.20186507494409656,0.29582677508524874
151674,3,R6,leiden,2,3635,0.41513067400275105,0.19224962963156433,0.28444980430345373,0.4159559834938102,0.19727571033506194,0.2980816254911479
151674,3,R6,leiden,3,3635,0.4786795048143054,0.2208198981520917,0.30330526283833176,0.49133425034387895,0.2368192832485767,0.33225472425022884
151674,3,R6,leiden,4,3635,0.4159559834938102,0.1936843979596709,0.2849393186962915,0.41760660247592846,0.2002076819440825,0.2984096004329833
151674,3,R6,leiden,5,3635,0.41292984869326,0.19191809205042937,0.28510007781515156,0.4156808803301238,0.19902576420444326,0.3009099596349719
151674,3,R6,leiden,6,3635,0.4588720770288858,0.1944890938393475,0.2784001814223724,0.465474552957359,0.20711277296211472,0.29958683002708447
151674,3,R6,leiden,7,3635,0.422283356258597,0.19298608849300014,0.2841481943059378,0.42558459422283357,0.20119639113635426,0.3019608964248446
151674,3,R6,leiden,8,3635,0.41292984869326,0.1965617372488896,0.27993255336846945,0.4162310866574966,0.20429813905675664,0.2945156717039394
151674,3,R6,leiden,9,3635,0.44456671251719393,0.19787966483606995,0.25604788253891025,0.45529573590096284,0.20878891052367227,0.2726735587613016
151674,3,R7,kmeans,0,3635,0.30508940852819805,0.1060094815457043,0.1850319133771874,0.33370013755158184,0.12990341475390535,0.21727774216667584
151674,3,R7,kmeans,1,3635,0.3031636863823934,0.10547390206687865,0.1848655844263924,0.328748280605227,0.12686160527214238,0.21480248511988367
151674,3,R7,kmeans,2,3635,0.3048143053645117,0.10574295035551941,0.18460106042655258,0.3331499312242091,0.12955772407134042,0.2165265263636604
151674,3,R7,kmeans,3,3635,0.30563961485557084,0.1062750597748959,0.1851638405024938,0.33397524071526824,0.1300995140172066,0.2174012265816416
151674,3,R7,kmeans,4,3635,0.3042640990371389,0.1059465518449062,0.18452258185895068,0.3312242090784044,0.12868125718048246,0.21496784757248383
151674,3,R7,kmeans,5,3635,0.30536451169188444,0.10600809194221185,0.18473172676501654,0.33342503438789545,0.12975441818482444,0.2166511923414214
151674,3,R7,kmeans,6,3635,0.3042640990371389,0.10549208177789417,0.1846363286387372,0.3317744154057772,0.12798249818172394,0.21552721652398
151674,3,R7,kmeans,7,3635,0.30508940852819805,0.10617768947541893,0.18492969726367114,0.33397524071526824,0.1291078288525314,0.21561296620217157
151674,3,R7,kmeans,8,3635,0.3042640990371389,0.10549208177789417,0.18463632863873716,0.3317744154057772,0.12798249818172394,0.21552721652398
151674,3,R7,kmeans,9,3635,0.3048143053645117,0.10574295035551941,0.1846010604265526,0.3331499312242091,0.12955772407134042,0.2165265263636604
151674,3,R7,gmm,0,3635,0.29105914718019255,0.11015876636808382,0.18121863271953206,0.3213204951856946,0.13135282736748546,0.20499453504259327
151674,3,R7,gmm,1,3635,0.29133425034387894,0.11025506604875716,0.18126533380615553,0.321595598349381,0.13152932451957,0.20506635821967836
151674,3,R7,gmm,2,3635,0.3155433287482806,0.11404724514638133,0.18008977922028319,0.35048143053645114,0.15414309706143137,0.21553930512903316
151674,3,R7,gmm,3,3635,0.3155433287482806,0.11400294897409799,0.18002630927504756,0.35048143053645114,0.1541051453668903,0.21548557169035226
151674,3,R7,gmm,4,3635,0.29105914718019255,0.11018946550510005,0.18126946254436976,0.3213204951856946,0.13140738544848302,0.20507984905991292
151674,3,R7,gmm,5,3635,0.29133425034387894,0.11025506604875716,0.18126533380615553,0.321595598349381,0.13152932451957,0.20506635821967836
151674,3,R7,gmm,6,3635,0.29105914718019255,0.11018946550510005,0.18126946254436976,0.3213204951856946,0.13140738544848302,0.20507984905991294
151674,3,R7,gmm,7,3635,0.3155433287482806,0.11403520556659347,0.18006180747657713,0.35048143053645114,0.15414522148561996,0.21554218300706135
151674,3,R7,gmm,8,3635,0.29133425034387894,0.11024790941261763,0.18125747631947067,0.321595598349381,0.13152932451957,0.2050663582196784
151674,3,R7,gmm,9,3635,0.29105914718019255,0.11018946550510005,0.18126946254436976,0.3213204951856946,0.13140738544848302,0.20507984905991294
151674,3,R7,leiden,0,3635,0.28885832187070154,0.1022640537591701,0.16256368940915866,0.315818431911967,0.13179514015408983,0.19213689533508127
151674,3,R7,leiden,1,3635,0.30701513067400277,0.11312429209815485,0.17615670945685857,0.3493810178817056,0.15194045784417143,0.20977109038818198
151674,3,R7,leiden,2,3635,0.30921595598349383,0.11060791495679356,0.17602737889016445,0.33645116918844564,0.1343271431201434,0.2023341603567583
151674,3,R7,leiden,3,3635,0.3125171939477304,0.10656114875193978,0.17523283524492814,0.35515818431911966,0.14855066735405933,0.21240959774835827
151674,3,R7,leiden,4,3635,0.29298486932599727,0.10683195246426351,0.16973691940239777,0.321595598349381,0.13349917043946252,0.19249649946361894
151674,3,R7,leiden,5,3635,0.287757909215956,0.1055914755990412,0.16292173440415814,0.312242090784044,0.13467830217603022,0.19368739199709284
151674,3,R7,leiden,6,3635,0.3001375515818432,0.09983619767382405,0.17259560440535018,0.34167812929848695,0.13504326222213392,0.2031419213403155
151674,3,R7,leiden,7,3635,0.28473177441540576,0.09621748184054497,0.16412877141944643,0.3004126547455296,0.11413119531935871,0.190876118864544
151674,3,R7,leiden,8,3635,0.2811554332874828,0.09972723702872356,0.1689598957894793,0.29463548830811553,0.11399803916499764,0.19154831195645006
151674,3,R7,leiden,9,3635,0.2764786795048143,0.0988213184797644,0.16696131159982178,0.29436038514442914,0.11793248322979637,0.19213484017441604
151674,3,R8,kmeans,0,3635,0.3922971114167813,0.1571529601404575,0.26613683125105214,0.41045392022008254,0.17253943210948408,0.2864479004437968
151674,3,R8,kmeans,1,3635,0.3988995873452545,0.160517507498416,0.26869091779265875,0.4137551581843191,0.1758219430989883,0.28645482317530657
151674,3,R8,kmeans,2,3635,0.40082530949105916,0.16166777287130144,0.2695771490015022,0.4162310866574966,0.17762226361738556,0.28837600365805954
151674,3,R8,kmeans,3,3635,0.3955983493810179,0.15870830399007516,0.26831622845710096,0.40990371389270974,0.17407372260875445,0.28696749279087047
151674,3,R8,kmeans,4,3635,0.3936726272352132,0.15844010269423744,0.26784654307832684,0.4121045392022008,0.1747846914385634,0.2883752005312058
151674,3,R8,kmeans,5,3635,0.40082530949105916,0.16216746385184594,0.2701773166669926,0.41513067400275105,0.17698915268488544,0.287907175033995
151674,3,R8,kmeans,6,3635,0.3953232462173315,0.1585655027450917,0.2681772162885481,0.4088033012379642,0.17399206472700757,0.2861528109373202
151674,3,R8,kmeans,7,3635,0.40055020632737276,0.16216514492696327,0.26990611626995104,0.41430536451169186,0.17646284808198134,0.28689540996720686
151674,3,R8,kmeans,8,3635,0.3878954607977992,0.1569641097918293,0.2669129923724517,0.40660247592847315,0.17297230540871422,0.2872977240927098
151674,3,R8,kmeans,9,3635,0.3988995873452545,0.16187245054035412,0.27002369440306445,0.4123796423658872,0.17658799680564496,0.2886315715926857
151674,3,R8,gmm,0,3635,0.3766162310866575,0.15982835286215377,0.27300741676297574,0.3955983493810179,0.17882770014402447,0.2999870710586113
151674,3,R8,gmm,1,3635,0.3815680880330124,0.1709812219440847,0.28079647645682043,0.39779917469050896,0.19428322394756528,0.3120184396756782
151674,3,R8,gmm,2,3635,0.3810178817056396,0.1515361692068026,0.260125796032938,0.39587345254470424,0.16731050730574706,0.2809699882482204
151674,3,R8,gmm,3,3635,0.3810178817056396,0.1515361692068026,0.26012579603293806,0.39587345254470424,0.16731050730574706,0.2809699882482204
151674,3,R8,gmm,4,3635,0.38211829436038514,0.1706943491851199,0.28197163085316285,0.4024759284731774,0.19519359155853155,0.313520875611133
151674,3,R8,gmm,5,3635,0.38046767537826687,0.1512998689426327,0.2599483198912249,0.3947730398899587,0.16687050961197014,0.28070340760212925
151674,3,R8,gmm,6,3635,0.38046767537826687,0.15128723816768827,0.2599168721083081,0.3947730398899587,0.16684015890389634,0.2806505264837604
151674,3,R8,gmm,7,3635,0.3810178817056396,0.1515361692068026,0.26012579603293806,0.39587345254470424,0.16731050730574706,0.2809699882482204
151674,3,R8,gmm,8,3635,0.38046767537826687,0.15106259169244893,0.25966694670317036,0.394222833562586,0.16602931370559648,0.2799833428763109
151674,3,R8,gmm,9,3635,0.38046767537826687,0.17100454909355267,0.2820211119316058,0.4,0.1950116718168209,0.313467457604028
151674,3,R8,leiden,0,3635,0.4960110041265475,0.21602202062719814,0.2944803353620035,0.5119669876203576,0.2325996960926048,0.3127840324473505
151674,3,R8,leiden,1,3635,0.4718019257221458,0.2118833095816438,0.3097767745065894,0.4872077028885832,0.2284231462730073,0.32804899029404727
151674,3,R8,leiden,2,3635,0.4896836313617607,0.22019263263637948,0.2976627888826043,0.5059147180192572,0.23904754650712484,0.3205959374188643
151674,3,R8,leiden,3,3635,0.4657496561210454,0.19922722938461151,0.2815499762299066,0.474828060522696,0.2121976345430701,0.29631409643751316
151674,3,R8,leiden,4,3635,0.4640990371389271,0.1960362909032918,0.2780710074188252,0.4723521320495186,0.208460821739425,0.294127694653352
151674,3,R8,leiden,5,3635,0.47455295735900965,0.21285554734721487,0.3074560308359897,0.48390646492434664,0.22960967470374957,0.33309543196174946
151674,3,R8,leiden,6,3635,0.4497936726272352,0.19342314895574808,0.2880479008983094,0.4591471801925722,0.20615647814173818,0.3070182218722303
151674,3,R8,leiden,7,3635,0.44924346629986245,0.19396051717724488,0.2844842875786927,0.4583218707015131,0.20300001142791652,0.30039978477844
151674,3,R8,leiden,8,3635,0.47455295735900965,0.20842853893274588,0.2999955881209655,0.48198074277854197,0.221066109228729,0.3211152489982481
151674,3,R8,leiden,9,3635,0.41127922971114167,0.17954899579446068,0.28421144657391373,0.428060522696011,0.1926281577871889,0.3043592989197646
151674,3,R9,kmeans,0,3635,0.37221458046767536,0.15570792312149134,0.26544781861570627,0.4019257221458047,0.1847071598601832,0.3092233462228662
151674,3,R9,kmeans,1,3635,0.36891334250343877,0.1541026643539628,0.26343452629093345,0.39944979367262723,0.18177628346802976,0.30354932026041614
151674,3,R9,kmeans,2,3635,0.3636863823933975,0.15105380811096158,0.2591289146278447,0.3914718019257221,0.17980706754140077,0.2982219343514305
151674,3,R9,kmeans,3,3635,0.362585969738652,0.14848178643210053,0.25864421481846633,0.3936726272352132,0.1772482646025125,0.29795209274383777
151674,3,R9,kmeans,4,3635,0.3658872077028886,0.14959707219623428,0.26103665877755816,0.4016506189821183,0.1788493263438354,0.3028385329862325
151674,3,R9,kmeans,5,3635,0.3658872077028886,0.1510686764648929,0.26117539562782044,0.3986244841815681,0.1806845421822361,0.30260108735476937
151674,3,R9,kmeans,6,3635,0.3716643741403026,0.151989245638118,0.26370093923818677,0.40715268225584594,0.18399958992369436,0.3099172334146819
151674,3,R9,kmeans,7,3635,0.36478679504814304,0.15046067439939212,0.2600551440738023,0.3936726272352132,0.17735509070591174,0.29871964370394044
151674,3,R9,kmeans,8,3635,0.36616231086657497,0.15193384790936082,0.2624102396471196,0.3980742778541953,0.18078153438230088,0.30289139358489287
151674,3,R9,kmeans,9,3635,0.36478679504814304,0.15061068170556663,0.26008629045663356,0.39449793672627237,0.1799657748796763,0.2994256458858394
151674,3,R9,gmm,0,3635,0.3774415405777166,0.17566317691205968,0.27224617203482615,0.4079779917469051,0.20977338097562917,0.31460728772268465
151674,3,R9,gmm,1,3635,0.36148555708390645,0.14854964086760888,0.2501613817480554,0.3917469050894085,0.17654316268305248,0.28683701826147134
151674,3,R9,gmm,2,3635,0.3565337001375516,0.14899194440760674,0.2584893426647752,0.3889958734525447,0.1811098396402194,0.30313890157387824
151674,3,R9,gmm,3,3635,0.37936726272352134,0.17678502252583056,0.27221096793965793,0.4088033012379642,0.21145540505812208,0.3154037994186264
151674,3,R9,gmm,4,3635,0.3634112792297111,0.15146240732118874,0.2591424224947934,0.3917469050894085,0.1812433337599213,0.2999128013964962
151674,3,R9,gmm,5,3635,0.3603851444291609,0.15063225938801306,0.25803273168340424,0.3859697386519945,0.17953852790567879,0.29853144934894116
151674,3,R9,gmm,6,3635,0.37936726272352134,0.1766077640148057,0.2717071954350209,0.4090784044016506,0.2112109288678939,0.3150549045299421
151674,3,R9,gmm,7,3635,0.3713892709766162,0.15769233936387853,0.2609596260217397,0.39669876203576343,0.18593706138218152,0.30265857885960573
151674,3,R9,gmm,8,3635,0.3667125171939477,0.1530264378120058,0.25939270914020457,0.39312242090784044,0.18064623234135488,0.298326240369061
151674,3,R9,gmm,9,3635,0.36891334250343877,0.15690244698463995,0.26087826382419943,0.3936726272352132,0.18464496359887836,0.30169556444597356
151674,3,R9,leiden,0,3635,0.4888583218707015,0.2070123826642013,0.2947918476575282,0.5097661623108666,0.22982780681843237,0.3182176944084365
151674,3,R9,leiden,1,3635,0.49160935350756535,0.2121800475915121,0.2951791378623847,0.522971114167813,0.2462016461646429,0.3317997548852645
151674,3,R9,leiden,2,3635,0.48528198074277856,0.2053663334032261,0.29546910040710184,0.5083906464924347,0.22993331797744207,0.3206887813917324
151674,3,R9,leiden,3,3635,0.47400275103163686,0.19883642402002386,0.2919176998594751,0.504264099037139,0.2338434166723575,0.3299249678888387
151674,3,R9,leiden,4,3635,0.40110041265474555,0.17298541358703579,0.27864250963304726,0.41155433287482807,0.18556370274553546,0.3009766230127167
151674,3,R9,leiden,5,3635,0.4811554332874828,0.1892093306651608,0.2858357602163504,0.5034387895460798,0.2081579117137578,0.3072856021167513
151674,3,R9,leiden,6,3635,0.478404401650619,0.20331165555164743,0.2890492533176107,0.508665749656121,0.23553981543901104,0.3237789787201953
151674,3,R9,leiden,7,3635,0.4762035763411279,0.2005054606056855,0.28795444763771744,0.5075653370013755,0.2336008221267676,0.3239076772816735
151674,3,R9,leiden,8,3635,0.4825309491059147,0.20828413755816091,0.2918201166952614,0.5097661623108666,0.23925065946718174,0.32511468210301236
151674,3,R9,leiden,9,3635,0.469050894085282,0.19140467954500578,0.2928792119329227,0.4830811554332875,0.20589933399799093,0.31759951724934443
151674,3,R10,kmeans,0,3635,0.37909215955983494,0.15427295536038887,0.2604559137375321,0.4121045392022008,0.1867055876321655,0.29910395638905807
151674,3,R10,kmeans,1,3635,0.3796423658872077,0.15640010983232416,0.2630512046761854,0.4088033012379642,0.186711247732492,0.300099678614467
151674,3,R10,kmeans,2,3635,0.35433287482806053,0.1483616720399666,0.2574374428858545,0.37909215955983494,0.1782910130732899,0.30602621383222844
151674,3,R10,kmeans,3,3635,0.3771664374140303,0.15510766095648426,0.2629084024046623,0.4140302613480055,0.18791016128815088,0.3024433220245589
151674,3,R10,kmeans,4,3635,0.37854195323246215,0.15446103479424697,0.2613000452612336,0.4123796423658872,0.18757266679786289,0.30076961750495446
151674,3,R10,kmeans,5,3635,0.38294360385144427,0.1573834586357556,0.2645192570547066,0.41430536451169186,0.18729784021343976,0.30171187387952175
151674,3,R10,kmeans,6,3635,0.381292984869326,0.1547412071994263,0.2634716444707358,0.4137551581843191,0.18699369951490555,0.3032859926335349
151674,3,R10,kmeans,7,3635,0.3782668500687758,0.15425708528762072,0.2604907922799824,0.41292984869326,0.18674867052248328,0.29950540872240927
151674,3,R10,kmeans,8,3635,0.38046767537826687,0.15639421077956006,0.26347700942142877,0.41320495185694633,0.1884240858916133,0.30226663396792663
151674,3,R10,kmeans,9,3635,0.3499312242090784,0.14979591772346448,0.25966336733631074,0.371939477303989,0.17738477935687877,0.3019955491728867
151674,3,R10,gmm,0,3635,0.3455295735900963,0.1427173211713603,0.2215562206490252,0.3738651994497937,0.17098331308512082,0.25234688083965684
151674,3,R10,gmm,1,3635,0.3452544704264099,0.14222723702572126,0.221064665036567,0.3735900962861073,0.1702506173971348,0.2513961843751884
151674,3,R10,gmm,2,3635,0.3386519944979367,0.136364162778323,0.20594266139171447,0.3705639614855571,0.16960263170608947,0.23944673065798214
151674,3,R10,gmm,3,3635,0.3419532324621733,0.14033764159644743,0.21145858565628256,0.36478679504814304,0.17103013730704214,0.2428637613685651
151674,3,R10,gmm,4,3635,0.34167812929848695,0.14012329754173813,0.21169884567246353,0.36451169188445665,0.17100317740423565,0.24307446796478155
151674,3,R10,gmm,5,3635,0.3386519944979367,0.1363458238873545,0.20583593653539797,0.3705639614855571,0.1695928658303992,0.2393236326798887
151674,3,R10,gmm,6,3635,0.34085281980742776,0.14937126729011357,0.2281158826459919,0.3639614855570839,0.18029666009351428,0.26176073330376143
151674,3,R10,gmm,7,3635,0.3738651994497937,0.15420558308048135,0.2353850837697868,0.4170563961485557,0.18959491002656337,0.27925289053017976
151674,3,R10,gmm,8,3635,0.3455295735900963,0.1427173211713603,0.22155622064902522,0.3738651994497937,0.17098331308512082,0.2523468808396569
151674,3,R10,gmm,9,3635,0.34167812929848695,0.1400406265071809,0.21128103272555449,0.36478679504814304,0.17087713577329697,0.2426565543590667
151674,3,R10,leiden,0,3635,0.4718019257221458,0.20709430882100602,0.31330052939846176,0.49436038514442915,0.22965071221005026,0.3401637535499052
151674,3,R10,leiden,1,3635,0.4968363136176066,0.19963438498704908,0.2980382331849577,0.5221458046767538,0.22810184204169412,0.32744721260100773
151674,3,R10,leiden,2,3635,0.4497936726272352,0.2039398747606436,0.29897844226347015,0.4731774415405777,0.22929742233023262,0.3268664912942551
151674,3,R10,leiden,3,3635,0.42916093535075656,0.18939156917080985,0.31154930536752123,0.450343878954608,0.2132288829620609,0.3453380692917495
151674,3,R10,leiden,4,3635,0.510866574965612,0.21682268518139905,0.2899396650405156,0.5262723521320495,0.2345692123116512,0.3107173390029617
151674,3,R10,leiden,5,3635,0.45639614855570837,0.20631638284674989,0.3021631435418895,0.4759284731774415,0.2269418981585873,0.32765285305851577
151674,3,R10,leiden,6,3635,0.4817056396148556,0.19220702222675,0.2832244654057137,0.4998624484181568,0.20826752186428396,0.3034425138556457
151674,3,R10,leiden,7,3635,0.49463548830811555,0.21145929902118765,0.29829364594255425,0.5174690508940852,0.23370081536991164,0.3221292464607057
151674,3,R10,leiden,8,3635,0.4574965612104539,0.19222497584584905,0.306517731752815,0.49133425034387895,0.22369743656247443,0.3431290730405481
151674,3,R10,leiden,9,3635,0.4297111416781293,0.17692638724121965,0.283144126813075,0.45364511691884457,0.1964427024008425,0.3081623753051792
151674,3,R11,kmeans,0,3635,0.37854195323246215,0.15497407278685965,0.2615850793906992,0.41320495185694633,0.1873490535399044,0.3012084765218704
151674,3,R11,kmeans,1,3635,0.3810178817056396,0.15596016242218574,0.2636891526590943,0.41348005502063273,0.18649564089571005,0.3015478908446781
151674,3,R11,kmeans,2,3635,0.38679504814305365,0.15706125072075033,0.2642902289902066,0.4156808803301238,0.18807387770986997,0.3001651636376061
151674,3,R11,kmeans,3,3635,0.35130674002751033,0.1479309611028238,0.25662983222489,0.37579092159559835,0.17707092244419181,0.3032384060998788
151674,3,R11,kmeans,4,3635,0.38651994497936726,0.15801711477749067,0.26490285204646513,0.41485557083906466,0.1883783980579017,0.30118396738599273
151674,3,R11,kmeans,5,3635,0.38349381017881706,0.1574789433674207,0.26402335304656926,0.41320495185694633,0.18711643834088443,0.3016029246228703
151674,3,R11,kmeans,6,3635,0.3796423658872077,0.1562021452794154,0.26439161933671645,0.4159559834938102,0.18974602725424888,0.30481116777302875
151674,3,R11,kmeans,7,3635,0.3779917469050894,0.15433325747051,0.26069910740727587,0.41182943603851446,0.18656639142308137,0.2994674622277471
151674,3,R11,kmeans,8,3635,0.35405777166437413,0.14813524441457201,0.25680123780888897,0.3766162310866575,0.17719304017382623,0.30313624704788944
151674,3,R11,kmeans,9,3635,0.349656121045392,0.14997348349941314,0.25985537656376356,0.3741403026134801,0.17833552585903142,0.30345005654926616
151674,3,R11,gmm,0,3635,0.3430536451169188,0.134858429329094,0.2176881118769367,0.36836313617606603,0.1741389991619248,0.27833284621127985
151674,3,R11,gmm,1,3635,0.3353507565337001,0.11241779283428047,0.18336295339816322,0.36808803301237963,0.14227195686743718,0.21974923587365017
151674,3,R11,gmm,2,3635,0.3471801925722146,0.12940091653337468,0.221520161613173,0.38376891334250346,0.16427212311497505,0.2651229415526309
151674,3,R11,gmm,3,3635,0.3471801925722146,0.12991327251247034,0.2225064838451639,0.38211829436038514,0.16462078299152708,0.2655645911760808
151674,3,R11,gmm,4,3635,0.3425034387895461,0.1318533800060632,0.21701664973719448,0.3675378266850069,0.16762004412252246,0.26834853481080867
151674,3,R11,gmm,5,3635,0.36148555708390645,0.12087597964981975,0.22881977685537516,0.39009628610729025,0.15684894667787447,0.2808047520974491
151674,3,R11,gmm,6,3635,0.353232462173315,0.1346670825173935,0.21703130252665648,0.3799174690508941,0.17142507550036662,0.267489582953238
151674,3,R11,gmm,7,3635,0.34800550206327374,0.12968658627938123,0.22184784791185222,0.384869325997249,0.16462417578440902,0.26522987359752725
151674,3,R11,gmm,8,3635,0.3460797799174691,0.12962907627872153,0.2222577024887734,0.3799174690508941,0.16428945008709492,0.26573423540789076
151674,3,R11,gmm,9,3635,0.356808803301238,0.13253918353040095,0.22064773839968094,0.3917469050894085,0.16949415679951368,0.26824448670531775
151674,3,R11,leiden,0,3635,0.42063273727647865,0.18964116777713488,0.2990085976544755,0.43246217331499315,0.2052880586856111,0.3232986962422094
151674,3,R11,leiden,1,3635,0.4473177441540578,0.20343338868726044,0.2977140343923421,0.46685006877579094,0.22279312277583438,0.32151444343999735
151674,3,R11,leiden,2,3635,0.4792297111416781,0.2147327002607961,0.3047403224512477,0.5059147180192572,0.24502766196454126,0.33995040156700357
151674,3,R11,leiden,3,3635,0.47125171939477306,0.1850444729581967,0.28119243153114143,0.49188445667125175,0.20380386846093201,0.30243505578332874
151674,3,R11,leiden,4,3635,0.45226960110041264,0.2047167956802521,0.3002647036601175,0.4797799174690509,0.23541306344268054,0.3326498640146911
151674,3,R11,leiden,5,3635,0.47042640990371387,0.1776056986053169,0.27380420165957914,0.489958734525447,0.1944221628065242,0.2929897031138108
151674,3,R11,leiden,6,3635,0.47042640990371387,0.1964056540010872,0.3053633923868729,0.4921595598349381,0.21956984396145346,0.33176361558978046
151674,3,R11,leiden,7,3635,0.4723521320495186,0.20516526445923147,0.28784426336320557,0.49931224209078406,0.23663762652886594,0.3201909539691652
151674,3,R11,leiden,8,3635,0.46795048143053647,0.220596208226241,0.30907123963468086,0.4896836313617607,0.24159806772022513,0.335855104930193
151674,3,R11,leiden,9,3635,0.47372764786795046,0.19443400301470012,0.2935073203993566,0.4960110041265475,0.21813691692637252,0.32045064056248795
151675,3,R1,kmeans,0,3566,0.34688726864834546,0.1398728665619558,0.23843269882973717,0.3976444195176669,0.18730421387875745,0.28721582714851
151675,3,R1,kmeans,1,3566,0.3881099270891755,0.17298086003862415,0.22927463932397701,0.4467190128996074,0.24477076846726575,0.29901941938418336
151675,3,R1,kmeans,2,3566,0.3477285473920359,0.15771030495471053,0.22390778938947192,0.38642736960179475,0.21730656158656333,0.27942157369540316
151675,3,R1,kmeans,3,3566,0.36988222097588336,0.16393826909927525,0.23945968900538983,0.410263600673023,0.22550165475524672,0.2992460907203669
151675,3,R1,kmeans,4,3566,0.37044307347167693,0.16531763112818296,0.224600852851128,0.4195176668536175,0.22681031313562894,0.2787846141896362
151675,3,R1,kmeans,5,3566,0.3667975322490185,0.16010529867897472,0.2263089954890043,0.4282108805384184,0.22632762303641288,0.2875332361576578
151675,3,R1,kmeans,6,3566,0.37212563095905776,0.16106703122762478,0.22189516056604283,0.425967470555244,0.22508068932256584,0.2820127978975487
151675,3,R1,kmeans,7,3566,0.35530005608524956,0.14802500122728945,0.21779404708661534,0.40745933819405494,0.21041048175497015,0.2726722806696147
151675,3,R1,kmeans,8,3566,0.357543466068424,0.15272895329290223,0.21177093186542822,0.410263600673023,0.21305034881337137,0.2658716057637484
151675,3,R1,kmeans,9,3566,0.34436343241727424,0.1440141876108558,0.23659107463304488,0.40297251822770613,0.1933061458488933,0.2882838614846548
151675,3,R1,gmm,0,3566,0.3485698261357263,0.14519105767535398,0.19931366814466023,0.39820527201346045,0.19972253885291538,0.24416131564758312
151675,3,R1,gmm,1,3566,0.34127874369040945,0.13017685921302363,0.1875490037955896,0.3965227145260796,0.18764861716497278,0.24957952564258398
151675,3,R1,gmm,2,3566,0.31744251261918116,0.12863715905379486,0.20304399280161173,0.34240044868199665,0.15264544152979137,0.23567548774926528
151675,3,R1,gmm,3,3566,0.38951205832865954,0.1579500449319334,0.21504768880899128,0.4548513740886147,0.22241298435193768,0.30082033668407904
151675,3,R1,gmm,4,3566,0.35614133482894,0.14773177422301284,0.19757714636011728,0.41839596186203026,0.21577881092444212,0.2560821384175626
151675,3,R1,gmm,5,3566,0.35193494111048795,0.13588025154936573,0.20055531271962593,0.4038137969713965,0.18863282678837234,0.2600961070633001
151675,3,R1,gmm,6,3566,0.3384744812114414,0.1278815899842359,0.20336786259587664,0.38979248457655635,0.16931208834487615,0.2527018949330179
151675,3,R1,gmm,7,3566,0.35333707234997197,0.14158461767186808,0.23831404573148432,0.39343802579921483,0.17735005794723843,0.2936621844652713
151675,3,R1,gmm,8,3566,0.3662366797532249,0.15622268451091115,0.20574154033460224,0.4097027481772294,0.21014360958154948,0.25570358647106517
151675,3,R1,gmm,9,3566,0.3345485137408861,0.13680557001424226,0.213494148673903,0.3822209758833427,0.18550281759668721,0.27198603887118383
151675,3,R1,leiden,0,3566,0.34099831744251263,0.11016373504917606,0.15586147329581237,0.39119461581604037,0.17036813966616865,0.23731454349649797
151675,3,R1,leiden,1,3566,0.33987661245092543,0.10683270759270913,0.1585529376188662,0.38502523836231073,0.16067975775304494,0.22916827485660513
151675,3,R1,leiden,2,3566,0.3320246775098149,0.10799110948113319,0.1549181758288933,0.3796971396522715,0.16253562391657508,0.22913981260486901
151675,3,R1,leiden,3,3566,0.339035333707235,0.10664874104213808,0.15841818198766128,0.3867077958496915,0.16253837994911075,0.2316673017300911
151675,3,R1,leiden,4,3566,0.3309029725182277,0.10424269949167335,0.1540833944055059,0.376051598429613,0.15929999135356954,0.22962442116848902
151675,3,R1,leiden,5,3566,0.33426808749298936,0.10721739416283244,0.15941773964740802,0.3763320246775098,0.16136814621037945,0.2332904222400321
151675,3,R1,leiden,6,3566,0.3381940549635446,0.10937362944064194,0.16201041667225344,0.3833426808749299,0.16887184766728916,0.23786265989692887
151675,3,R1,leiden,7,3566,0.32192933258553,0.10242530961520822,0.1486185939742926,0.3642736960179473,0.15309624776450506,0.22175557834950152
151675,3,R1,leiden,8,3566,0.3415591699383062,0.10643149258318581,0.15710754708220545,0.3833426808749299,0.16040135709127487,0.2281317768193653
151675,3,R1,leiden,9,3566,0.3452047111609647,0.11292706816939412,0.16242751303942923,0.38839035333707234,0.17109857293986855,0.23722104271928432
151675,3,R2,kmeans,0,3566,0.27089175546831185,0.09331859591517153,0.1457337231286024,0.2947279865395401,0.11672469088953666,0.17227433531181172
151675,3,R2,kmeans,1,3566,0.27089175546831185,0.09331859591517153,0.1457337231286024,0.2947279865395401,0.11672469088953666,0.17227433531181177
151675,3,R2,kmeans,2,3566,0.27089175546831185,0.09331859591517153,0.14573372312860236,0.2947279865395401,0.11672469088953666,0.17227433531181172
151675,3,R2,kmeans,3,3566,0.27089175546831185,0.09331859591517153,0.1457337231286024,0.2947279865395401,0.11672469088953666,0.17227433531181177
151675,3,R2,kmeans,4,3566,0.27089175546831185,0.09331859591517153,0.14573372312860236,0.2947279865395401,0.11672469088953666,0.17227433531181174
151675,3,R2,kmeans,5,3566,0.27089175546831185,0.09331859591517153,0.1457337231286024,0.2947279865395401,0.11672469088953666,0.17227433531181174
151675,3,R2,kmeans,6,3566,0.27089175546831185,0.09331859591517153,0.1457337231286024,0.2947279865395401,0.11672469088953666,0.17227433531181177
151675,3,R2,kmeans,7,3566,0.27089175546831185,0.09331859591517153,0.14573372312860236,0.2947279865395401,0.11672469088953666,0.17227433531181174
151675,3,R2,kmeans,8,3566,0.27089175546831185,0.09331859591517153,0.1457337231286024,0.2947279865395401,0.11672469088953666,0.17227433531181177
151675,3,R2,kmeans,9,3566,0.27089175546831185,0.09331859591517153,0.14573372312860236,0.2947279865395401,0.11672469088953666,0.17227433531181172
151675,3,R2,gmm,0,3566,0.2652832305103758,0.08615698361774415,0.1444202205000445,0.2893998878295008,0.10594744864037677,0.16876607150593734
151675,3,R2,gmm,1,3566,0.2669657879977566,0.08635336064037426,0.14428344906846408,0.2930454290521593,0.10657740330749754,0.1689815237085172
151675,3,R2,gmm,2,3566,0.26500280426247896,0.08616689021540923,0.14443983940583133,0.28883903533370725,0.10596035675804784,0.16879484956413865
151675,3,R2,gmm,3,3566,0.26500280426247896,0.08616689021540923,0.14443983940583133,0.28883903533370725,0.10596035675804784,0.16879484956413865
151675,3,R2,gmm,4,3566,0.26500280426247896,0.08616689021540923,0.14443983940583133,0.28883903533370725,0.10596035675804784,0.16879484956413862
151675,3,R2,gmm,5,3566,0.266404935501963,0.08645149909242802,0.14433729051531813,0.29220415030846886,0.10662752784951521,0.1689922016821249
151675,3,R2,gmm,6,3566,0.26500280426247896,0.08616689021540923,0.14443983940583133,0.28883903533370725,0.10596035675804784,0.16879484956413865
151675,3,R2,gmm,7,3566,0.26612450925406617,0.08646332372455595,0.14437441021730485,0.29136287156477847,0.1066273139524336,0.1689869267175641
151675,3,R2,gmm,8,3566,0.2652832305103758,0.08614662373003124,0.14440971078599077,0.2893998878295008,0.10594744864037677,0.16876607150593734
151675,3,R2,gmm,9,3566,0.26500280426247896,0.08616689021540923,0.14443983940583133,0.28883903533370725,0.10596035675804784,0.16879484956413862
151675,3,R2,leiden,0,3566,0.26612450925406617,0.08449587103155952,0.14323629752740497,0.2854739203589456,0.10283445293826433,0.16840392427555834
151675,3,R2,leiden,1,3566,0.29977565900168257,0.09800195688772309,0.146226630036655,0.33735277621985416,0.13407311856529797,0.18169374271239996
151675,3,R2,leiden,2,3566,0.24340998317442514,0.07824558432445694,0.14031801516113812,0.26360067302299495,0.095387078208384,0.16104953204290057
151675,3,R2,leiden,3,3566,0.2610768367919237,0.08202778898056688,0.14230762493925372,0.28238923163208074,0.099584774901601,0.16759575572310506
151675,3,R2,leiden,4,3566,0.2610768367919237,0.08199894982636173,0.14229295882672632,0.28238923163208074,0.09954976541426852,0.16782897774309638
151675,3,R2,leiden,5,3566,0.25322490185081326,0.07173162451529112,0.14343076769464005,0.27341559169938306,0.0849020005486286,0.16764947838832456
151675,3,R2,leiden,6,3566,0.27565900168255747,0.08914270868204421,0.14080809538101333,0.3140773976444195,0.12151942891023979,0.17218248031664138
151675,3,R2,leiden,7,3566,0.29977565900168257,0.09766959217357586,0.14676012141856334,0.3477285473920359,0.13395544435489828,0.18683394599238373
151675,3,R2,leiden,8,3566,0.2408861469433539,0.07418436942678673,0.13883094537846186,0.26472237801458215,0.09030952250357543,0.1593909886838507
151675,3,R2,leiden,9,3566,0.26388109927089176,0.08024759343586178,0.14350416611308725,0.28911946158160406,0.09819778828957074,0.1685268373670296
151675,3,R3,kmeans,0,3566,0.2882781828379136,0.0571060297092091,0.12650529100725663,0.3104318564217611,0.07518397104279083,0.14991043021284328
151675,3,R3,kmeans,1,3566,0.2955692652832305,0.05950461398075537,0.12821585815476197,0.3238923163208076,0.08167125404307754,0.1563706517982228
151675,3,R3,kmeans,2,3566,0.2930454290521593,0.05780332046132868,0.12752477738535517,0.31744251261918116,0.07648576031796661,0.15152089358013612
151675,3,R3,kmeans,3,3566,0.28968031407739764,0.057609986986631875,0.12701076549141505,0.3126752664049355,0.07752493505598423,0.1533587569499229
151675,3,R3,kmeans,4,3566,0.28883903533370725,0.05699725027620871,0.12665518590077904,0.3107122826696579,0.0750139837160107,0.14962148775703432
151675,3,R3,kmeans,5,3566,0.2882781828379136,0.05703797961287793,0.12664390355683733,0.3104318564217611,0.07523700952468436,0.15008299696994842
151675,3,R3,kmeans,6,3566,0.28883903533370725,0.05699725027620871,0.12665518590077904,0.3107122826696579,0.0750139837160107,0.14962148775703435
151675,3,R3,kmeans,7,3566,0.2879977565900168,0.056716022494935736,0.12527625732583217,0.3109927089175547,0.07706989588031318,0.15193958513145467
151675,3,R3,kmeans,8,3566,0.2879977565900168,0.05680802453647958,0.12644411668849753,0.3095905776780707,0.07462396560554918,0.14923913069347036
151675,3,R3,kmeans,9,3566,0.2882781828379136,0.05731257674242469,0.12512325171528677,0.3118339876612451,0.07869213108138065,0.15177593783798135
151675,3,R3,gmm,0,3566,0.3592260235558048,0.11539905860638361,0.22519840322504725,0.37941671340437466,0.1335339940974903,0.2517500892804617
151675,3,R3,gmm,1,3566,0.3592260235558048,0.11539905860638361,0.2251984032250473,0.37941671340437466,0.1335339940974903,0.2517500892804617
151675,3,R3,gmm,2,3566,0.3592260235558048,0.11550112268562686,0.22521452977495468,0.37941671340437466,0.1335339940974903,0.2517500892804616
151675,3,R3,gmm,3,3566,0.3070667414469994,0.08949590774729003,0.17499363660084719,0.32333146382501404,0.10427345963217238,0.19961143896060818
151675,3,R3,gmm,4,3566,0.35894559730790804,0.11539210043387559,0.22533644890930815,0.37941671340437466,0.1335339940974903,0.2517500892804616
151675,3,R3,gmm,5,3566,0.35894559730790804,0.11520928508028555,0.22508441359730985,0.37941671340437466,0.1335339940974903,0.2517500892804617
151675,3,R3,gmm,6,3566,0.3583847448121144,0.11489666913174704,0.22520225024617543,0.37885586090858103,0.13306203229259725,0.25135123723586217
151675,3,R3,gmm,7,3566,0.35894559730790804,0.11520928508028555,0.22508441359730993,0.37941671340437466,0.1335339940974903,0.2517500892804617
151675,3,R3,gmm,8,3566,0.30874929893438025,0.09000270391979251,0.17496083463121406,0.32445316881660125,0.10490885721576658,0.19922830832627764
151675,3,R3,gmm,9,3566,0.33651149747616377,0.10629125207894193,0.17294046920463685,0.3536174985978688,0.12975167937636753,0.20262099133529898
151675,3,R3,leiden,0,3566,0.3115535614133483,0.06278340134666749,0.13565089739030237,0.3297812675266405,0.08230276254590736,0.16773892626914672
151675,3,R3,leiden,1,3566,0.29977565900168257,0.062369079284310784,0.11740520436763076,0.31127313516545146,0.07290002557418372,0.13310914216070796
151675,3,R3,leiden,2,3566,0.3261357263039821,0.0716109129018693,0.13686125802632307,0.35277621985417834,0.09893492158058131,0.16874918235686978
151675,3,R3,leiden,3,3566,0.3334268087492989,0.08152892147789345,0.14496676489010357,0.36259113853056646,0.11437856924919748,0.1763106884095763
151675,3,R3,leiden,4,3566,0.29865395401009537,0.057490795230920946,0.11770426492404265,0.3224901850813236,0.07802750592858503,0.14218708137925562
151675,3,R3,leiden,5,3566,0.3317442512619181,0.06227187666231826,0.11746221418018839,0.3491306786315199,0.07707896704332007,0.14379002777436561
151675,3,R3,leiden,6,3566,0.2871564778463264,0.044571498358360995,0.09767771574912008,0.29725182277061135,0.055131583148403274,0.11549455513243356
151675,3,R3,leiden,7,3566,0.2950084127874369,0.059425347132872446,0.12422064210091098,0.3059450364554122,0.06724118949025096,0.1436290679175489
151675,3,R3,leiden,8,3566,0.32641615255187884,0.07780336420476419,0.13185499760285144,0.3592260235558048,0.10682246190161064,0.1625831314590284
151675,3,R3,leiden,9,3566,0.3440830061693775,0.07939523822016752,0.14547754347034036,0.3676388109927089,0.10268907866750208,0.17139636998178476
151675,3,R4,kmeans,0,3566,0.32557487380818845,0.10363010270889807,0.17782116593563832,0.3681996634885025,0.14183484752709521,0.23113271546128322
151675,3,R4,kmeans,1,3566,0.32557487380818845,0.10361443020591664,0.17799811254330533,0.36735838474481214,0.14119954166370807,0.23093350126641712
151675,3,R4,kmeans,2,3566,0.3286595625350533,0.10290939425878595,0.17619608560697694,0.3735277621985418,0.14234181934633336,0.2273519434195766
151675,3,R4,kmeans,3,3566,0.32809871003925967,0.10337595320697422,0.1776373452121276,0.37324733595064497,0.14187746348660557,0.22877846929490206
151675,3,R4,kmeans,4,3566,0.3210880538418396,0.10260900701816289,0.17586082056422564,0.35305664610207516,0.13521353640459022,0.22288414257237804
151675,3,R4,kmeans,5,3566,0.32669657879977565,0.10349896391753634,0.17783404030873792,0.37100392596747056,0.14162505736060563,0.22936694268430227
151675,3,R4,kmeans,6,3566,0.3250140213123948,0.1031151062680603,0.17689844013210987,0.3676388109927089,0.14114872406659373,0.22885625046470806
151675,3,R4,kmeans,7,3566,0.3261357263039821,0.10372048743653545,0.17815166173821573,0.3676388109927089,0.1411990279791014,0.23066080716618143
151675,3,R4,kmeans,8,3566,0.32557487380818845,0.10363010270889807,0.17782116593563832,0.3681996634885025,0.14183484752709521,0.2311327154612832
151675,3,R4,kmeans,9,3566,0.32529444756029163,0.10342135617281926,0.17788706465078186,0.36876051598429616,0.1415551255084192,0.22950642349925512
151675,3,R4,gmm,0,3566,0.283510936623668,0.0975537811213518,0.1467406017048282,0.31856421761076836,0.1298007402793439,0.17848942275445986
151675,3,R4,gmm,1,3566,0.283510936623668,0.09760763109008,0.14698929503586775,0.3188446438586652,0.12962395602898527,0.17896193039055244
151675,3,R4,gmm,2,3566,0.2832305103757712,0.09761019049136853,0.14693940992470278,0.317722938867078,0.12942780128471412,0.17844438688887068
151675,3,R4,gmm,3,3566,0.2832305103757712,0.09766235947566089,0.14700859054180473,0.31800336511497473,0.1296988241423235,0.17891427238093363
151675,3,R4,gmm,4,3566,0.28407178911946157,0.0977147028345883,0.1468249296872018,0.31968592260235557,0.13023745554269647,0.17874779212788175
151675,3,R4,gmm,5,3566,0.28238923163208074,0.10042413201610638,0.14597075074880328,0.3118339876612451,0.1308443323258843,0.1802075820862846
151675,3,R4,gmm,6,3566,0.2798653954010095,0.0987687792499811,0.14469374404580043,0.3022994952327538,0.12878780463994924,0.17941508543163806
151675,3,R4,gmm,7,3566,0.2795849691531127,0.09844982050428497,0.1454690109081764,0.30033651149747614,0.12781098923300926,0.17933653735591895
151675,3,R4,gmm,8,3566,0.27930454290521595,0.09967593582032523,0.14674893283924278,0.30762759394279304,0.13043902231492058,0.1797817968345786
151675,3,R4,gmm,9,3566,0.2832305103757712,0.09761019049136853,0.1469394099247028,0.317722938867078,0.12942780128471412,0.17844438688887068
151675,3,R4,leiden,0,3566,0.35614133482894,0.1262669041682159,0.1872823602686038,0.39904655075715084,0.17586232385235015,0.2359411674693952
151675,3,R4,leiden,1,3566,0.3132361189007291,0.10649865011241354,0.18771160180702418,0.35221536735838477,0.14088174527672978,0.23242791391588635
151675,3,R4,leiden,2,3566,0.31800336511497473,0.10954802369281247,0.1941935468905751,0.3572630398205272,0.14467849577340808,0.24181111257818663
151675,3,R4,leiden,3,3566,0.30061693774537296,0.09732364180473235,0.18211059422621462,0.32557487380818845,0.12327612572389947,0.2177245982510515
151675,3,R4,leiden,4,3566,0.34464385866517105,0.11794984999580785,0.18947180205548306,0.3858665171060011,0.16995191049681282,0.23904420018654077
151675,3,R4,leiden,5,3566,0.2989343802579921,0.09939647825347127,0.17664130882132642,0.3283791362871565,0.12484288609638924,0.2126769813499944
151675,3,R4,leiden,6,3566,0.340437464946719,0.12697322002631162,0.1936706397419583,0.37941671340437466,0.1766361173100069,0.2426440152670996
151675,3,R4,leiden,7,3566,0.32333146382501404,0.10543937903665478,0.18212641736333662,0.3510936623667975,0.1404014638782892,0.22812763828181684
151675,3,R4,leiden,8,3566,0.3463264161525519,0.12111843851077644,0.19225201748395965,0.3928771733034212,0.16967477911438517,0.24291897562271686
151675,3,R4,leiden,9,3566,0.32473359506449806,0.11280312622983917,0.18789256477500904,0.35277621985417834,0.14385735564201835,0.2277388617792374
151675,3,R5,kmeans,0,3566,0.3606281547952888,0.14216951901382305,0.20560147637017054,0.4049355019629837,0.2131744542838862,0.2856577739830955
151675,3,R5,kmeans,1,3566,0.35333707234997197,0.1373143089136361,0.2054198030978814,0.39091418956814356,0.20506903932786769,0.2807934522129004
151675,3,R5,kmeans,2,3566,0.36034772854739205,0.14173925572610271,0.2052680715992687,0.4046550757150869,0.21265352014351427,0.28507724054772626
151675,3,R5,kmeans,3,3566,0.3606281547952888,0.14064594982598966,0.20618222833078823,0.40521592821088054,0.21178638282167517,0.2844515838972692
151675,3,R5,kmeans,4,3566,0.35782389231632084,0.1383130320040318,0.20647031485085468,0.3965227145260796,0.20739082897295807,0.28313611353582224
151675,3,R5,kmeans,5,3566,0.35305664610207516,0.13724955186548912,0.20537490256342208,0.39035333707235,0.2049826320545508,0.28078015117969085
151675,3,R5,kmeans,6,3566,0.36090858104318563,0.1401870867830985,0.20609227413979395,0.4046550757150869,0.20995346146654198,0.28306863972459806
151675,3,R5,kmeans,7,3566,0.357543466068424,0.13856788773814124,0.2067447165310068,0.3954010095344924,0.20708113073673892,0.28308119081830485
151675,3,R5,kmeans,8,3566,0.36090858104318563,0.14219946537709302,0.20561266106058837,0.4049355019629837,0.2131744542838862,0.2856577739830955
151675,3,R5,kmeans,9,3566,0.3496915311273135,0.1358788220852891,0.20405472149851625,0.391755468311834,0.19993407225715257,0.27281647186838043
151675,3,R5,gmm,0,3566,0.266404935501963,0.08663049758014281,0.14492993866891551,0.2916432978126753,0.1064299765866867,0.16956070137789225
151675,3,R5,gmm,1,3566,0.26948962422882783,0.08748591737815258,0.1457592747465771,0.2964105440269209,0.10773624610608995,0.17069010216864394
151675,3,R5,gmm,2,3566,0.26948962422882783,0.08740444474248055,0.14571819209994652,0.2966909702748177,0.10738764592715991,0.17054626305704138
151675,3,R5,gmm,3,3566,0.26948962422882783,0.08740444474248055,0.1457181920999465,0.2966909702748177,0.10738764592715991,0.17054626305704135
151675,3,R5,gmm,4,3566,0.266404935501963,0.08653648233443309,0.1448758020077975,0.29192372406057204,0.10610789752054287,0.16943814730945175
151675,3,R5,gmm,5,3566,0.26948962422882783,0.08740444474248055,0.1457181920999465,0.2966909702748177,0.10738764592715991,0.17054626305704135
151675,3,R5,gmm,6,3566,0.26584408300616935,0.08628444098345313,0.14540172053306344,0.28968031407739764,0.10537413267868256,0.16943551083781663
151675,3,R5,gmm,7,3566,0.266404935501963,0.08663049758014281,0.14492993866891551,0.2916432978126753,0.1064299765866867,0.16956070137789225
151675,3,R5,gmm,8,3566,0.26948962422882783,0.08740444474248055,0.1457181920999465,0.2966909702748177,0.10738764592715991,0.17054626305704138
151675,3,R5,gmm,9,3566,0.26948962422882783,0.08740444474248055,0.1457181920999465,0.2966909702748177,0.10738764592715991,0.17054626305704138
151675,3,R5,leiden,0,3566,0.3839035333707235,0.14168357343123636,0.21075443168824443,0.4380257992148065,0.20998220816477428,0.2753750178226282
151675,3,R5,leiden,1,3566,0.39680314077397644,0.1540559972997646,0.20166196830957864,0.44223219293325855,0.21277221808711552,0.26384578574086903
151675,3,R5,leiden,2,3566,0.3766124509254066,0.14750822861646135,0.2095644363579247,0.42288278182837913,0.21319319295207878,0.26984779011027443
151675,3,R5,leiden,3,3566,0.3667975322490185,0.1407139927108921,0.20327934508801876,0.41475042063937184,0.20475511090469922,0.2646600460350506
151675,3,R5,leiden,4,3566,0.37044307347167693,0.14320939444308756,0.20987733500248676,0.3951205832865956,0.19462110773775232,0.2642156577065438
151675,3,R5,leiden,5,3566,0.32557487380818845,0.11355858910924199,0.19773640437140377,0.34127874369040945,0.13786102966649896,0.23079576670430643
151675,3,R5,leiden,6,3566,0.3236118900729108,0.12199150204349599,0.20769062909258226,0.35305664610207516,0.15223398946833605,0.24420122810671305
151675,3,R5,leiden,7,3566,0.38166012338754907,0.14356840374634303,0.2234453795072805,0.4262478968031408,0.2079581444662843,0.29273500941293884
151675,3,R5,leiden,8,3566,0.3785754346606842,0.14809409646243743,0.20784194366926526,0.40886146943353896,0.2068004318202011,0.27017109627403474
151675,3,R5,leiden,9,3566,0.4007291082445317,0.16107499146841325,0.22487572161434016,0.43522153673583847,0.22485442414469323,0.2919192704018607
151675,3,R6,kmeans,0,3566,0.3606281547952888,0.14216951901382305,0.20560147637017054,0.4049355019629837,0.2131744542838862,0.2856577739830955
151675,3,R6,kmeans,1,3566,0.35333707234997197,0.1372954060067867,0.2054158662099542,0.39091418956814356,0.20507780981102783,0.28079799487788
151675,3,R6,kmeans,2,3566,0.3536174985978688,0.13748819657739828,0.20560483836941007,0.3914750420639372,0.20538903045826284,0.2815764663965082
151675,3,R6,kmeans,3,3566,0.3606281547952888,0.14064594982598966,0.20618222833078823,0.40521592821088054,0.21178638282167517,0.2844515838972692
151675,3,R6,kmeans,4,3566,0.35333707234997197,0.13729902698734758,0.20540109826165567,0.39091418956814356,0.205039892715443,0.2808008447973911
151675,3,R6,kmeans,5,3566,0.35305664610207516,0.1372308691503085,0.2053711411265343,0.39035333707235,0.20499210553674782,0.28078533101539366
151675,3,R6,kmeans,6,3566,0.36090858104318563,0.1401870867830985,0.20609227413979395,0.4046550757150869,0.20995346146654198,0.28306863972459806
151675,3,R6,kmeans,7,3566,0.3606281547952888,0.14216951901382305,0.20560147637017054,0.4049355019629837,0.2131744542838862,0.28565777398309544
151675,3,R6,kmeans,8,3566,0.36090858104318563,0.14219946537709302,0.20561266106058837,0.4049355019629837,0.2131744542838862,0.2856577739830955
151675,3,R6,kmeans,9,3566,0.3482893998878295,0.13370046234820449,0.20201626481683843,0.3906337633202468,0.20036055054799354,0.27299175878189114
151675,3,R6,gmm,0,3566,0.3653954010095345,0.11373532573273494,0.19617648895810608,0.39568143578238923,0.1444715327496735,0.234897655819275
151675,3,R6,gmm,1,3566,0.34492428491306787,0.12081666615695755,0.21659379208578555,0.36988222097588336,0.16338902446323397,0.2823861315463966
151675,3,R6,gmm,2,3566,0.34548513740886144,0.11675839157877767,0.21120531968624678,0.36848008973639934,0.15797938281329232,0.27221636107095554
151675,3,R6,gmm,3,3566,0.34352215367358385,0.12117268505981149,0.21767211843405643,0.3665171060011217,0.16307451704087708,0.2826859395289382
151675,3,R6,gmm,4,3566,0.3752103196859226,0.11297184517913456,0.20608178962363477,0.40409422321929334,0.14553814331655202,0.2550533273330465
151675,3,R6,gmm,5,3566,0.3401570386988222,0.12181669985425715,0.21833957343821767,0.3670779584969153,0.16394779574080284,0.28276183408809313
151675,3,R6,gmm,6,3566,0.36203028603477283,0.11550642869946191,0.20117731594402052,0.39343802579921483,0.14742148775461264,0.24347993988444136
151675,3,R6,gmm,7,3566,0.3763320246775098,0.11064147508631487,0.2028606371533289,0.4071789119461582,0.14336862028346725,0.2513426424255479
151675,3,R6,gmm,8,3566,0.3581043185642176,0.13289857783488718,0.22113360548291414,0.3892316320807628,0.18237823209987836,0.2917477684814053
151675,3,R6,gmm,9,3566,0.3572630398205272,0.1343138749015498,0.22218341946246242,0.3869882220975883,0.18216503620387922,0.2915931540653161
151675,3,R6,leiden,0,3566,0.3749298934380258,0.15019316482863507,0.20028488185566423,0.4226023555804823,0.2119522947855885,0.2638415254164318
151675,3,R6,leiden,1,3566,0.39624228827818286,0.15387579019386807,0.2213995021008162,0.4402692091979809,0.21990094670928706,0.29536227755957095
151675,3,R6,leiden,2,3566,0.3738081884464386,0.14573699322129857,0.20737179500359865,0.4127874369040942,0.21668105319869205,0.28030685469459315
151675,3,R6,leiden,3,3566,0.3976444195176669,0.15655124973886758,0.2140152324851639,0.43241727425687043,0.20927860995198913,0.27571769844685196
151675,3,R6,leiden,4,3566,0.3810992708917555,0.14988512299882895,0.21361025298184796,0.42091979809310154,0.2205564569859053,0.2858782362025179
151675,3,R6,leiden,5,3566,0.38642736960179475,0.14122739932308617,0.21153209517001734,0.4212002243409983,0.19533863146254193,0.26902738049007835
151675,3,R6,leiden,6,3566,0.39568143578238923,0.1622985350034346,0.21827535508954984,0.4298934380257992,0.2175765929328806,0.2834718078093519
151675,3,R6,leiden,7,3566,0.38726864834548513,0.14381773994110542,0.21138510802537583,0.43157599551318004,0.21178479119104815,0.2804437988648617
151675,3,R6,leiden,8,3566,0.3906337633202468,0.16403710769649074,0.2157143988228803,0.4164329781267527,0.21980902445418796,0.2756111125431612
151675,3,R6,leiden,9,3566,0.4111048794167134,0.17508880177930547,0.2280580355758515,0.4542905215928211,0.23720878890273658,0.29744024411656594
151675,3,R7,kmeans,0,3566,0.3025799214806506,0.09578997028568567,0.16672479495960488,0.34492428491306787,0.12166162029832012,0.2046797174739758
151675,3,R7,kmeans,1,3566,0.302019068984857,0.09518340329585483,0.16652830267054125,0.34380257992148067,0.12091212376685728,0.20481593766388534
151675,3,R7,kmeans,2,3566,0.3025799214806506,0.09578997028568567,0.16672479495960488,0.34492428491306787,0.12166162029832012,0.20467971747397581
151675,3,R7,kmeans,3,3566,0.302019068984857,0.09513344918801248,0.16614409045335501,0.34380257992148067,0.12091282529182613,0.20467155149797775
151675,3,R7,kmeans,4,3566,0.3025799214806506,0.09578997028568567,0.16672479495960488,0.34492428491306787,0.12166162029832012,0.20467971747397581
151675,3,R7,kmeans,5,3566,0.302019068984857,0.09513344918801248,0.16614409045335501,0.34380257992148067,0.12091282529182613,0.20467155149797775
151675,3,R7,kmeans,6,3566,0.302019068984857,0.09513344918801248,0.166144090453355,0.34380257992148067,0.12091282529182613,0.20467155149797775
151675,3,R7,kmeans,7,3566,0.302019068984857,0.09513344918801248,0.166144090453355,0.34380257992148067,0.12091282529182613,0.20467155149797775
151675,3,R7,kmeans,8,3566,0.302019068984857,0.09513344918801248,0.166144090453355,0.34380257992148067,0.12091282529182613,0.20467155149797775
151675,3,R7,kmeans,9,3566,0.302019068984857,0.09513344918801248,0.166144090453355,0.34380257992148067,0.12091282529182613,0.20467155149797772
151675,3,R7,gmm,0,3566,0.30061693774537296,0.0994237853076596,0.16170453623506423,0.34324172742568704,0.13682963094032255,0.19992414703159678
151675,3,R7,gmm,1,3566,0.30061693774537296,0.09913169319637778,0.16133341403488766,0.34352215367358385,0.13646707515504647,0.1995728705587464
151675,3,R7,gmm,2,3566,0.30061693774537296,0.09956187835418713,0.16171003451981023,0.34240044868199665,0.13631856204842077,0.19919321427094555
151675,3,R7,gmm,3,3566,0.30061693774537296,0.09913169319637778,0.1613334140348877,0.34352215367358385,0.13646707515504647,0.19957287055874637
151675,3,R7,gmm,4,3566,0.30061693774537296,0.09956187835418713,0.16171003451981025,0.34240044868199665,0.13631856204842077,0.19919321427094555
151675,3,R7,gmm,5,3566,0.30061693774537296,0.0994237853076596,0.16170453623506426,0.34324172742568704,0.13682963094032255,0.19992414703159678
151675,3,R7,gmm,6,3566,0.30061693774537296,0.0994237853076596,0.16170453623506423,0.34324172742568704,0.13682963094032255,0.19992414703159675
151675,3,R7,gmm,7,3566,0.30061693774537296,0.0994237853076596,0.16170453623506423,0.34324172742568704,0.13682963094032255,0.19992414703159678
151675,3,R7,gmm,8,3566,0.30061693774537296,0.09913169319637778,0.16133341403488768,0.34352215367358385,0.13646707515504647,0.19957287055874637
151675,3,R7,gmm,9,3566,0.2927650028042625,0.09724996117581712,0.16100644751508733,0.32529444756029163,0.1281513438088044,0.19561243621667587
151675,3,R7,leiden,0,3566,0.3008973639932698,0.09049055196458487,0.16160078158722793,0.34941110487941673,0.12563160907566853,0.20816278494801704
151675,3,R7,leiden,1,3566,0.3037016264722378,0.1062254216256883,0.14742083467945702,0.34352215367358385,0.1606950538405987,0.19827695119629762
151675,3,R7,leiden,2,3566,0.30538418395961864,0.10881506679253605,0.15849175199627927,0.35417835109366236,0.16560865081686918,0.20450348013105904
151675,3,R7,leiden,3,3566,0.3008973639932698,0.09585396479671407,0.16138505459777472,0.3440830061693775,0.1267173078698032,0.2000609609120438
151675,3,R7,leiden,4,3566,0.30762759394279304,0.09959939516289973,0.16030159107994912,0.3581043185642176,0.1451683192312949,0.20624412211395773
151675,3,R7,leiden,5,3566,0.27902411665731913,0.09136966417119285,0.15500512698816496,0.3222097588334268,0.13254437031112007,0.19170673100550242
151675,3,R7,leiden,6,3566,0.3126752664049355,0.09428228259221544,0.16174005496864657,0.3595064498037016,0.14067236848008668,0.21398662978190158
151675,3,R7,leiden,7,3566,0.2860347728547392,0.08619132108701358,0.15929231484188658,0.33146382501402133,0.12344531309355362,0.19462211366831286
151675,3,R7,leiden,8,3566,0.28771733034212005,0.08909845251646267,0.1582115723025084,0.31940549635445875,0.11430463268913466,0.19584909637717618
151675,3,R7,leiden,9,3566,0.29921480650588894,0.09646082326994014,0.16119119842162422,0.3510936623667975,0.14967598207814298,0.21432310137186217
151675,3,R8,kmeans,0,3566,0.36146943353897926,0.1286867831449683,0.17531141464444677,0.39035333707235,0.16148851247787502,0.20967908753978937
151675,3,R8,kmeans,1,3566,0.3586651710600112,0.1286792840862355,0.1795430547939859,0.3853056646102075,0.16051943443187341,0.21216713405660173
151675,3,R8,kmeans,2,3566,0.3583847448121144,0.12847355488998868,0.1792465609968254,0.3858665171060011,0.15921613487606132,0.21194453090306434
151675,3,R8,kmeans,3,3566,0.35782389231632084,0.12845846165294397,0.17656820169950993,0.38726864834548513,0.16150193290616044,0.21039801345091372
151675,3,R8,kmeans,4,3566,0.3586651710600112,0.12895854559783607,0.1797776322805436,0.3847448121144139,0.16045655562016034,0.21244225833988806
151675,3,R8,kmeans,5,3566,0.35894559730790804,0.12848731109712036,0.17860130797322538,0.38726864834548513,0.15979874592327184,0.21128496211878078
151675,3,R8,kmeans,6,3566,0.36848008973639934,0.12648425686343875,0.18080223784424834,0.4035333707234997,0.1581151314107956,0.21697077903331402
151675,3,R8,kmeans,7,3566,0.3583847448121144,0.12700646079719455,0.1779782544674863,0.3892316320807628,0.1582647722079357,0.21082164693777541
151675,3,R8,kmeans,8,3566,0.36034772854739205,0.1290316734800854,0.17707594663202122,0.38726864834548513,0.16166675797794236,0.2112261938445865
151675,3,R8,kmeans,9,3566,0.3572630398205272,0.12702621995427898,0.1783229419714054,0.3858665171060011,0.1574503039179901,0.21071993022175517
151675,3,R8,gmm,0,3566,0.3031407739764442,0.09187436181863,0.1679995332412376,0.3216489063376332,0.10739067979877634,0.18917246506331736
151675,3,R8,gmm,1,3566,0.31632080762759396,0.08718296052741735,0.16907564761200025,0.34268087492989346,0.10598727922500564,0.19292008537195654
151675,3,R8,gmm,2,3566,0.3037016264722378,0.0929166878620338,0.16877047494620095,0.32305103757711723,0.10996462772217006,0.19102967547890154
151675,3,R8,gmm,3,3566,0.303421200224341,0.09223180340737822,0.16864058695244896,0.32305103757711723,0.10782750992504067,0.1898662345522298
151675,3,R8,gmm,4,3566,0.3039820527201346,0.09295973406949472,0.16868283366519823,0.3222097588334268,0.11014339712373473,0.1913983330083566
151675,3,R8,gmm,5,3566,0.303421200224341,0.09269560748285699,0.16847615156701423,0.3224901850813236,0.10978754793061307,0.19100121816804574
151675,3,R8,gmm,6,3566,0.32669657879977565,0.08781162589349142,0.17510429985481157,0.36174985978687607,0.11202306053689418,0.2048171658987005
151675,3,R8,gmm,7,3566,0.3037016264722378,0.09274397207692528,0.1686978796426715,0.32305103757711723,0.10937532159809239,0.19044361490916617
151675,3,R8,gmm,8,3566,0.3095905776780707,0.08677906838297722,0.1690387529948894,0.33763320246775097,0.11214252579663411,0.19896197933535176
151675,3,R8,gmm,9,3566,0.31716208637128435,0.0865754403029369,0.17250438752365618,0.3395961862030286,0.10602028223761402,0.198013270521826
151675,3,R8,leiden,0,3566,0.38642736960179475,0.15095071271425867,0.21217434508943112,0.42428491306786315,0.19004797418652125,0.2564009750796431
151675,3,R8,leiden,1,3566,0.3867077958496915,0.1386455174246291,0.1967581064251958,0.4119461581604038,0.17920839362832194,0.24735328431427192
151675,3,R8,leiden,2,3566,0.33286595625350535,0.11429882008820146,0.18931770338097131,0.36371284352215366,0.14090852662233389,0.22131431925544573
151675,3,R8,leiden,3,3566,0.3853056646102075,0.16211886879659476,0.21414707174296485,0.40661805945036456,0.19155051531628972,0.2449166242658746
151675,3,R8,leiden,4,3566,0.3724060572069546,0.1414296160665678,0.19429018506942963,0.3976444195176669,0.18140169332938236,0.23631781937671945
151675,3,R8,leiden,5,3566,0.39568143578238923,0.15590527554508526,0.22463807388131457,0.4307347167694896,0.1956130449412141,0.2668503398757271
151675,3,R8,leiden,6,3566,0.3724060572069546,0.13120704959022667,0.17775303286392713,0.4035333707234997,0.16423025756000043,0.21511327767481392
151675,3,R8,leiden,7,3566,0.374649467190129,0.13055475355254353,0.1859041446871192,0.40773976444195176,0.16704179497466615,0.22637855195708287
151675,3,R8,leiden,8,3566,0.38726864834548513,0.1566589160409477,0.21396459351073221,0.43353897924845763,0.19767060925318433,0.25555646274692007
151675,3,R8,leiden,9,3566,0.41250701065619744,0.15623866267802372,0.23600317772082438,0.45316881660123387,0.19809446026103883,0.29228225013813613
151675,3,R9,kmeans,0,3566,0.32781828379136285,0.1203346238544691,0.2054432842751688,0.3757711721817162,0.16718640442961558,0.2526853120209295
151675,3,R9,kmeans,1,3566,0.3275378575434661,0.11995267250058021,0.20463653618895838,0.376051598429613,0.1669199998721407,0.2520133393720308
151675,3,R9,kmeans,2,3566,0.3275378575434661,0.12143867325535652,0.20570876705134383,0.3715647784632642,0.16762884016778382,0.25162052751921105
151675,3,R9,kmeans,3,3566,0.32445316881660125,0.1182842322065069,0.20271879706178367,0.37689287717330344,0.16685387045958672,0.25128367300090587
151675,3,R9,kmeans,4,3566,0.32669657879977565,0.11972797485059075,0.2039379322574013,0.3771733034212002,0.1689126528138245,0.25220719694124616
151675,3,R9,kmeans,5,3566,0.32697700504767246,0.11873863983931468,0.20157615276652588,0.3754907459338194,0.16644147206957657,0.24921467239880632
151675,3,R9,kmeans,6,3566,0.3289399887829501,0.11960480469807813,0.20338657468870092,0.37913628715647785,0.16823540108742668,0.2519963545676269
151675,3,R9,kmeans,7,3566,0.3283791362871565,0.12144166078279885,0.20617880919425677,0.37689287717330344,0.1689409146245226,0.2536191227290195
151675,3,R9,kmeans,8,3566,0.32697700504767246,0.12153222095025774,0.2069985244199916,0.3715647784632642,0.16804176407824756,0.2532654583983868
151675,3,R9,kmeans,9,3566,0.32809871003925967,0.12119981431732799,0.2056373680205782,0.37773415591699383,0.16973773209735132,0.2541344243517874
151675,3,R9,gmm,0,3566,0.32585530005608526,0.1285860509383749,0.2185337160274276,0.35389792484576554,0.15762002260083835,0.2569790268496611
151675,3,R9,gmm,1,3566,0.34688726864834546,0.12995326365724727,0.2284541007484274,0.3881099270891755,0.16963498079363162,0.2701056698055493
151675,3,R9,gmm,2,3566,0.32473359506449806,0.11604097520347195,0.20893957909392843,0.3679192372406057,0.1536296770276257,0.24921544783464863
151675,3,R9,gmm,3,3566,0.3224901850813236,0.11535147878246256,0.2082444206803387,0.3639932697700505,0.1516302434586173,0.24705322873860064
151675,3,R9,gmm,4,3566,0.30987100392596745,0.11078186520148048,0.20283633846151658,0.33651149747616377,0.14180548089840053,0.23914638160946952
151675,3,R9,gmm,5,3566,0.3115535614133483,0.11245544361551434,0.2016564923950687,0.35165451486259114,0.1474316135000803,0.2394323845112114
151675,3,R9,gmm,6,3566,0.32922041503084687,0.1265878651765015,0.217940416688209,0.3586651710600112,0.15475302092144025,0.2534896869479037
151675,3,R9,gmm,7,3566,0.31856421761076836,0.12131656102825907,0.20381950089492523,0.3581043185642176,0.16203380116959198,0.24558894688316366
151675,3,R9,gmm,8,3566,0.32922041503084687,0.12635452401364747,0.21750757939561036,0.35782389231632084,0.15438761849999905,0.25331924024320285
151675,3,R9,gmm,9,3566,0.32557487380818845,0.11593591781013811,0.21005370267981532,0.36932136848008973,0.15308517775327726,0.24825629115014572
151675,3,R9,leiden,0,3566,0.36371284352215366,0.14644563218854145,0.2144056350264937,0.4085810431856422,0.1988376926685118,0.26466727611082924
151675,3,R9,leiden,1,3566,0.37212563095905776,0.14991688953133528,0.21547172725519578,0.4178351093662367,0.20604210488384048,0.26411251009062897
151675,3,R9,leiden,2,3566,0.37801458216489064,0.15610192256813663,0.23812782972524846,0.4332585530005609,0.22847513397276253,0.30886833100165756
151675,3,R9,leiden,3,3566,0.35614133482894,0.13833322519611885,0.23274854106430495,0.38754907459338195,0.17774325089666812,0.2705470385528897
151675,3,R9,leiden,4,3566,0.40886146943353896,0.16713537871094364,0.24992775795627606,0.47083567021873246,0.2469638328531039,0.33585770873877563
151675,3,R9,leiden,5,3566,0.38642736960179475,0.16588620470585191,0.2440183502050213,0.43494111048794165,0.23316155267325817,0.31798429079693635
151675,3,R9,leiden,6,3566,0.38979248457655635,0.1561411865367197,0.23768326284288593,0.44363432417274257,0.2287941832445988,0.31178240263579626
151675,3,R9,leiden,7,3566,0.3976444195176669,0.16213950421794246,0.2421578816051806,0.4584969153112731,0.23929841114470665,0.3172609621319777
151675,3,R9,leiden,8,3566,0.38951205832865954,0.1580759075847946,0.2383369932945156,0.44840157038698825,0.2391224750134689,0.31868138853890143
151675,3,R9,leiden,9,3566,0.38726864834548513,0.14547794670508954,0.2273937198714549,0.430173864273696,0.2027969090116027,0.2885628167687852
151675,3,R10,kmeans,0,3566,0.32669657879977565,0.11910978799129669,0.21314552714544446,0.3550196298373528,0.15408656086420502,0.25513611031883093
151675,3,R10,kmeans,1,3566,0.3331463825014021,0.12264542852344189,0.2089858285855244,0.36960179472798654,0.16265471079085975,0.25428206726356783
151675,3,R10,kmeans,2,3566,0.3297812675266405,0.11866956313746305,0.2025806528795495,0.3667975322490185,0.1548285136182988,0.24553343623063942
151675,3,R10,kmeans,3,3566,0.33286595625350535,0.12306464072998878,0.2106526362900927,0.3662366797532249,0.1625748212550813,0.2559620022270888
151675,3,R10,kmeans,4,3566,0.33510936623667975,0.12145709675518246,0.20607676924294338,0.3724060572069546,0.16061626485068956,0.25052064579586786
151675,3,R10,kmeans,5,3566,0.3334268087492989,0.12196802579853046,0.20925689511639792,0.36735838474481214,0.15894768821229854,0.254146540396122
151675,3,R10,kmeans,6,3566,0.3283791362871565,0.12177909214310634,0.21165228715836668,0.3595064498037016,0.15979213608804183,0.25798869558029136
151675,3,R10,kmeans,7,3566,0.32417274256870443,0.1198767399692587,0.2132879965504582,0.35221536735838477,0.15342655268982203,0.25317073689366404
151675,3,R10,kmeans,8,3566,0.3286595625350533,0.11979362543319805,0.21340637366672202,0.3597868760515984,0.15811338841065006,0.2570824640235198
151675,3,R10,kmeans,9,3566,0.3311833987661245,0.12021165716994203,0.20434988760888081,0.3712843522153674,0.16031938430035123,0.2494522708575906
151675,3,R10,gmm,0,3566,0.32305103757711723,0.11068681029168301,0.17328428540707244,0.3670779584969153,0.14759202377728686,0.21056006643548833
151675,3,R10,gmm,1,3566,0.32697700504767246,0.12075894752602863,0.2082983265282933,0.3701626472237802,0.16433546459417034,0.24886550746060604
151675,3,R10,gmm,2,3566,0.30734716769489623,0.10440296837923743,0.1690971522502208,0.35305664610207516,0.14628524181161626,0.20970315635069353
151675,3,R10,gmm,3,3566,0.31015143017386426,0.10679513698804573,0.17242436224534433,0.3510936623667975,0.14474667763465188,0.21210170678907286
151675,3,R10,gmm,4,3566,0.3135165451486259,0.10631645370958306,0.17181630152436947,0.357543466068424,0.14713384457324244,0.214335401716767
151675,3,R10,gmm,5,3566,0.32697700504767246,0.12085399779320515,0.2084626090267625,0.3701626472237802,0.16447034008700442,0.24910539909317359
151675,3,R10,gmm,6,3566,0.31491867638810994,0.10537311680461782,0.16894327392859376,0.36483454851374086,0.14746225849834707,0.21550729942272578
151675,3,R10,gmm,7,3566,0.31015143017386426,0.10769441826968171,0.17345517102853752,0.35221536735838477,0.14656540156528475,0.21299772190265948
151675,3,R10,gmm,8,3566,0.31015143017386426,0.10769441826968171,0.17345517102853752,0.35221536735838477,0.14656540156528475,0.21299772190265953
151675,3,R10,gmm,9,3566,0.3275378575434661,0.12170130592267,0.20987555407958763,0.36876051598429616,0.1649331015703876,0.250575124330599
151675,3,R10,leiden,0,3566,0.38025799214806505,0.14912593595154336,0.23447804381914578,0.4355019629837353,0.21251260758925808,0.2962157786221082
151675,3,R10,leiden,1,3566,0.3740886146943354,0.15288767388404603,0.22952351044831745,0.411665731912507,0.20566587283267662,0.28349523542283794
151675,3,R10,leiden,2,3566,0.3712843522153674,0.15229172177945596,0.2320492902522377,0.4226023555804823,0.21681540580656453,0.2927226941567752
151675,3,R10,leiden,3,3566,0.3738081884464386,0.14636287293932046,0.2076263236700766,0.42091979809310154,0.2033384920064088,0.25647451758705525
151675,3,R10,leiden,4,3566,0.35614133482894,0.12806595967297937,0.22931195732391768,0.40521592821088054,0.16741960025551134,0.2661910297880998
151675,3,R10,leiden,5,3566,0.354739203589456,0.1487086548724859,0.23658326951481173,0.3906337633202468,0.21048069350583012,0.2966997787059814
151675,3,R10,leiden,6,3566,0.33735277621985416,0.13947895549794173,0.21440406293822373,0.3810992708917555,0.19810855967096166,0.2674487629925708
151675,3,R10,leiden,7,3566,0.3839035333707235,0.1455768751614329,0.23261608692361155,0.4296130117779024,0.20770785511332288,0.29518206114877144
151675,3,R10,leiden,8,3566,0.3810992708917555,0.14748370075681494,0.22052532532832952,0.4310151430173864,0.20507885768456047,0.26855481053500535
151675,3,R10,leiden,9,3566,0.3766124509254066,0.14975323109437227,0.22664849781490295,0.42652832305103755,0.20981667463135864,0.28692436932732895
151675,3,R11,kmeans,0,3566,0.3320246775098149,0.12163378074193767,0.21239352740126174,0.36118900729108244,0.15538291099543397,0.25341843321269103
151675,3,R11,kmeans,1,3566,0.3306225462703309,0.12109504580685138,0.208548981842567,0.36231071228266964,0.1568809423111401,0.2521254289241709
151675,3,R11,kmeans,2,3566,0.3275378575434661,0.11959783575920915,0.21038902882915414,0.3550196298373528,0.15232154291420857,0.2504283538876431
151675,3,R11,kmeans,3,3566,0.3317442512619181,0.12001331220880036,0.20405776842066184,0.37296690970274815,0.1607686980600129,0.25024554788886094
151675,3,R11,kmeans,4,3566,0.3303421200224341,0.11944268569317,0.20419562064758068,0.3679192372406057,0.1563680040376805,0.24790303550838091
151675,3,R11,kmeans,5,3566,0.3295008412787437,0.11935575684813629,0.20408950806111487,0.3662366797532249,0.15545129976912472,0.2473595022645802
151675,3,R11,kmeans,6,3566,0.3297812675266405,0.11954337232687907,0.206392329786218,0.3656758272574313,0.15529532933990056,0.24896543701190832
151675,3,R11,kmeans,7,3566,0.3295008412787437,0.1195353893555273,0.2106891256045282,0.36118900729108244,0.15708673791357303,0.2551483029903151
151675,3,R11,kmeans,8,3566,0.3295008412787437,0.11877708900501252,0.2032438376032785,0.3653954010095345,0.15593020813976202,0.2474248129617429
151675,3,R11,kmeans,9,3566,0.32922041503084687,0.1200876234845296,0.21125663574312284,0.36034772854739205,0.1567868029013437,0.25496373931647665
151675,3,R11,gmm,0,3566,0.2893998878295008,0.07200234360171781,0.16055292752800246,0.3045429052159282,0.09053084524777306,0.18843092177077933
151675,3,R11,gmm,1,3566,0.2619181155356141,0.07424072192956425,0.15200199720205482,0.28407178911946157,0.08976112179827651,0.1770180550402849
151675,3,R11,gmm,2,3566,0.2641615255187886,0.07429537544296225,0.15144012465958914,0.284913067863152,0.08884596639107345,0.17607711355928746
151675,3,R11,gmm,3,3566,0.26219854178351093,0.06795761714580188,0.14491993953937668,0.28407178911946157,0.08779227158739766,0.1736076360536759
151675,3,R11,gmm,4,3566,0.26247896803140774,0.04789629255298464,0.1112871924659287,0.28407178911946157,0.05795453324321349,0.13112987765572443
151675,3,R11,gmm,5,3566,0.2795849691531127,0.07560541938521077,0.1569400675539487,0.30173864273696016,0.09358669269774557,0.1864986450647202
151675,3,R11,gmm,6,3566,0.2546270330902973,0.057472317665628506,0.12711095692887453,0.2675266404935502,0.06843174194996424,0.14534148098442742
151675,3,R11,gmm,7,3566,0.284913067863152,0.07656462066044743,0.1634163146992552,0.304823331463825,0.09724164254581316,0.19550455113615503
151675,3,R11,gmm,8,3566,0.2607964105440269,0.06841445541344783,0.14673792442826186,0.2767807066741447,0.0863613157647959,0.1753361977484108
151675,3,R11,gmm,9,3566,0.2770611329220415,0.07284538010038069,0.16162102141556864,0.283510936623668,0.08848164156561454,0.18617327587622218
151675,3,R11,leiden,0,3566,0.38726864834548513,0.1492949754103833,0.22972845528951036,0.4377453729669097,0.2129452786420174,0.2912084353063478
151675,3,R11,leiden,1,3566,0.3822209758833427,0.14324482363197943,0.21542086982985165,0.428771733034212,0.20508722947158212,0.2739781061147617
151675,3,R11,leiden,2,3566,0.3836231071228267,0.1383002980076803,0.22092985820270003,0.43634324172742567,0.20370040767736355,0.30572789623027197
151675,3,R11,leiden,3,3566,0.36876051598429616,0.14389669761096777,0.206458743168489,0.41503084688726866,0.20261409708013448,0.2538345490584783
151675,3,R11,leiden,4,3566,0.3844643858665171,0.1499195466134004,0.22982483464186015,0.4366236679753225,0.22057699854073015,0.30966993433862505
151675,3,R11,leiden,5,3566,0.38754907459338195,0.14419918953878486,0.2188862090091387,0.4394279304542905,0.20576688922582068,0.301879679800405
151675,3,R11,leiden,6,3566,0.38278182837913627,0.1537112810018761,0.23561115618292608,0.4355019629837353,0.21196777076964013,0.2908426843073442
151675,3,R11,leiden,7,3566,0.3892316320807628,0.1518458651588868,0.22625141938292356,0.43381940549635445,0.20989112080767752,0.29245740928319075
151675,3,R11,leiden,8,3566,0.35165451486259114,0.12419028406629963,0.20534811776274342,0.38979248457655635,0.1616592207087172,0.25196205784932707
151675,3,R11,leiden,9,3566,0.3639932697700505,0.15146713148550522,0.2337951612520264,0.4010095344924285,0.2118665915791215,0.2937830168996949
151676,3,R1,kmeans,0,3431,0.29350043719032354,0.10981474994536153,0.19946528349888135,0.3217720781113378,0.13232842816464652,0.23015167229123312
151676,3,R1,kmeans,1,3431,0.3427572136403381,0.13836461474632142,0.19007498845738552,0.38122996211017196,0.1884999074005811,0.23919420587675785
151676,3,R1,kmeans,2,3431,0.3159428737977266,0.11619564371190859,0.194897160345099,0.3535412416205188,0.151233367588429,0.23239117577378712
151676,3,R1,kmeans,3,3431,0.34742057709122703,0.13969512062187028,0.18797348686136053,0.38997376858058874,0.19543575996770104,0.24133098397900188
151676,3,R1,kmeans,4,3431,0.3471291168755465,0.1399965818362525,0.19084923997951722,0.38705916642378313,0.19318568550126458,0.24457076401379127
151676,3,R1,kmeans,5,3431,0.334887787816963,0.12851041639641694,0.18378425712632399,0.36753133197318566,0.1689576984735471,0.22044444805887883
151676,3,R1,kmeans,6,3431,0.32935004371903237,0.13739364669684803,0.18553096388903312,0.36753133197318566,0.18611462425016223,0.23317641663659738
151676,3,R1,kmeans,7,3431,0.2993296415039347,0.10558188143582817,0.1889518566785829,0.3316817254444768,0.1332539427158443,0.22391820699880396
151676,3,R1,kmeans,8,3431,0.34421451471874087,0.14821405575617264,0.19615669639080244,0.37714951909064415,0.19663370428898794,0.2459528755853194
151676,3,R1,kmeans,9,3431,0.3182745555231711,0.11498636950568757,0.1947106748173509,0.3561643835616438,0.15090364676573137,0.2294213182372455
151676,3,R1,gmm,0,3431,0.37044593412999127,0.14295893584452682,0.19976362542281145,0.4266977557563393,0.20303229112975424,0.2739633033136186
151676,3,R1,gmm,1,3431,0.30982220926843484,0.09861705949340331,0.18822906980917345,0.3526668609734771,0.13355384477005622,0.2311583764223402
151676,3,R1,gmm,2,3431,0.3354707082483241,0.143700239839024,0.18759422091012748,0.37569221801224134,0.19753592116108062,0.23944681839614934
151676,3,R1,gmm,3,3431,0.27513844360244827,0.09690839122453322,0.18948280262895487,0.29466627805304574,0.12416593355467749,0.22534501779588004
151676,3,R1,gmm,4,3431,0.3273098222092684,0.11934863467031749,0.18303349444708916,0.38735062663946374,0.17404470039885633,0.24176075684231524
151676,3,R1,gmm,5,3431,0.30836490819003204,0.09537211351672749,0.19077920812220178,0.3480034975225882,0.12639585797434194,0.23055475319774074
151676,3,R1,gmm,6,3431,0.3316817254444768,0.14158967631912295,0.19178019812276528,0.38735062663946374,0.20188004959357697,0.25330624239071314
151676,3,R1,gmm,7,3431,0.3453803555814631,0.13674874630457295,0.19507782024975784,0.39959195569804723,0.20011594227149546,0.26146353835890873
151676,3,R1,gmm,8,3431,0.3608277470125328,0.14055379368310444,0.19640383748855628,0.41474788691343634,0.20366228047167495,0.2688560074303003
151676,3,R1,gmm,9,3431,0.33721946954240745,0.11822530066407141,0.16350388214046851,0.3841445642669776,0.16608085734442762,0.21062525800167803
151676,3,R1,leiden,0,3431,0.313028271640921,0.07738622175772959,0.11612360034685883,0.3561643835616438,0.11715891708802495,0.1767918952040533
151676,3,R1,leiden,1,3431,0.31885747595453223,0.073842729330588,0.11583239229102302,0.35587292334596327,0.1116680356141882,0.17547348136791524
151676,3,R1,leiden,2,3431,0.31769163509181,0.07344169086447855,0.11282381559969527,0.3576216846400466,0.1149152001137556,0.17339614671341308
151676,3,R1,leiden,3,3431,0.32235499854269895,0.07619119978188205,0.11762327699111759,0.3617021276595745,0.11844589880413081,0.18368257249278944
151676,3,R1,leiden,4,3431,0.31535995336636546,0.07587241795589934,0.11474239850045319,0.35383270183619936,0.11580556900362626,0.17770039444727145
151676,3,R1,leiden,5,3431,0.3238122996211017,0.0788419895539816,0.12361117266687258,0.36840571262022737,0.1215939564310293,0.18741423072464908
151676,3,R1,leiden,6,3431,0.3150684931506849,0.07822984012610364,0.11644256597106935,0.35587292334596327,0.1171262387697517,0.17659608201184465
151676,3,R1,leiden,7,3431,0.3159428737977266,0.07612081679830313,0.11892088104978872,0.3541241620518799,0.11484887386199696,0.1781794776299051
151676,3,R1,leiden,8,3431,0.3144855727193238,0.0751948837389096,0.11726646928487348,0.3549985426989216,0.11302826436614108,0.17652420135614436
151676,3,R1,leiden,9,3431,0.31419411250364326,0.07356082126347771,0.1109454046592948,0.35733022442436607,0.11292198138672592,0.1758709481693805
151676,3,R2,kmeans,0,3431,0.23695715534829495,0.05996559400737711,0.09935023889567722,0.24424366074030895,0.07035159632596798,0.11197891528429436
151676,3,R2,kmeans,1,3431,0.2366656951326144,0.059923934957199075,0.0993471951893449,0.24424366074030895,0.070328387639791,0.1119990684153258
151676,3,R2,kmeans,2,3431,0.23637423491693385,0.060048791909924716,0.09971031269828334,0.24803264354415622,0.07134563128194356,0.1137144310987356
151676,3,R2,kmeans,3,3431,0.2366656951326144,0.059923934957199075,0.09934719518934489,0.24424366074030895,0.070328387639791,0.11199906841532578
151676,3,R2,kmeans,4,3431,0.2366656951326144,0.059923934957199075,0.09934719518934487,0.24424366074030895,0.070328387639791,0.1119990684153258
151676,3,R2,kmeans,5,3431,0.2366656951326144,0.059923934957199075,0.09934719518934487,0.24424366074030895,0.070328387639791,0.1119990684153258
151676,3,R2,kmeans,6,3431,0.2366656951326144,0.059923934957199075,0.09934719518934487,0.24424366074030895,0.070328387639791,0.1119990684153258
151676,3,R2,kmeans,7,3431,0.23724861556397553,0.05977054966370292,0.09947195014304278,0.2483241037598368,0.07030698352903693,0.1124073627054435
151676,3,R2,kmeans,8,3431,0.2366656951326144,0.059923934957199075,0.09934719518934487,0.24424366074030895,0.070328387639791,0.1119990684153258
151676,3,R2,kmeans,9,3431,0.23724861556397553,0.06007617138633412,0.09944788921416994,0.24948994462255902,0.07174359499697118,0.11408048218285867
151676,3,R2,gmm,0,3431,0.2430778198775867,0.059414828469407724,0.10140402285543125,0.25648498979889245,0.06837593544807662,0.11297973613574397
151676,3,R2,gmm,1,3431,0.2430778198775867,0.059606256836647956,0.10150092253196041,0.2582337510929758,0.06931954505584971,0.11359798189248224
151676,3,R2,gmm,2,3431,0.2430778198775867,0.05938547519863882,0.1013650990589516,0.25648498979889245,0.0682951725270723,0.11287461199518745
151676,3,R2,gmm,3,3431,0.24132905858350334,0.059613470095654666,0.10142227886890695,0.2556106091518508,0.06958847869954762,0.11400132584979948
151676,3,R2,gmm,4,3431,0.2430778198775867,0.05938547519863882,0.10136509905895161,0.25648498979889245,0.0682951725270723,0.11287461199518746
151676,3,R2,gmm,5,3431,0.2430778198775867,0.05938547519863882,0.1013650990589516,0.25648498979889245,0.0682951725270723,0.11287461199518745
151676,3,R2,gmm,6,3431,0.24132905858350334,0.05916395435555192,0.10116789751391983,0.2532789274264063,0.06793066996990232,0.11251758930799982
151676,3,R2,gmm,7,3431,0.24132905858350334,0.05959880006597147,0.1013997872940242,0.2553191489361702,0.06957103654341142,0.11397639597386183
151676,3,R2,gmm,8,3431,0.2424948994462256,0.05940286925995481,0.10137834058545496,0.2556106091518508,0.06834768288657461,0.1129277811917408
151676,3,R2,gmm,9,3431,0.2430778198775867,0.05938547519863882,0.1013650990589516,0.25648498979889245,0.0682951725270723,0.11287461199518745
151676,3,R2,leiden,0,3431,0.2331681725444477,0.05258652054874324,0.0997280413019632,0.25094724570096183,0.06080085811817129,0.1116324220309942
151676,3,R2,leiden,1,3431,0.2387059166423783,0.05535387124043379,0.09956200200998956,0.2506557854852813,0.06306277023089348,0.11078451601451815
151676,3,R2,leiden,2,3431,0.22325852521130865,0.05340573252101307,0.09720186975049445,0.24045467793646166,0.06243912914619574,0.10714326466319228
151676,3,R2,leiden,3,3431,0.23754007577965608,0.056891440810310244,0.09943581256048421,0.25648498979889245,0.06754933542707653,0.11338648656443773
151676,3,R2,leiden,4,3431,0.2346254736228505,0.05215452708208586,0.09808852226319942,0.24803264354415622,0.06026347635545995,0.10821167652258114
151676,3,R2,leiden,5,3431,0.2387059166423783,0.054943066459531655,0.09942115078085023,0.2518216263480035,0.06305911970678672,0.11132695303080796
151676,3,R2,leiden,6,3431,0.23345963276012824,0.05573303549891178,0.09988324146006641,0.25298746721072574,0.06687388131869872,0.11287676027327222
151676,3,R2,leiden,7,3431,0.22529874672107258,0.05747997353131581,0.09907791514548532,0.2381229962110172,0.06928051419232427,0.1088875793482487
151676,3,R2,leiden,8,3431,0.2215097639172253,0.0530102485587223,0.09905280831414354,0.23608277470125327,0.0598044546308559,0.10892086519057412
151676,3,R2,leiden,9,3431,0.2366656951326144,0.054680530472874286,0.10027695938168786,0.2465753424657534,0.06286364352772339,0.11315274237162268
151676,3,R3,kmeans,0,3431,0.2815505683474206,0.05641964679716743,0.10863102190363716,0.288545613523754,0.06420042640007009,0.12393331682920529
151676,3,R3,kmeans,1,3431,0.28184202856310114,0.0561336040889425,0.10860853839603574,0.288545613523754,0.0638787074589319,0.12342442121341717
151676,3,R3,kmeans,2,3431,0.28125910813174004,0.05623499928956677,0.10806308751020877,0.28679685222967066,0.0639777516604012,0.12295052698440159
151676,3,R3,kmeans,3,3431,0.28125910813174004,0.05623499928956677,0.1080630875102088,0.28679685222967066,0.0639777516604012,0.1229505269844016
151676,3,R3,kmeans,4,3431,0.28125910813174004,0.05623499928956677,0.10806308751020877,0.28679685222967066,0.0639777516604012,0.1229505269844016
151676,3,R3,kmeans,5,3431,0.2821334887787817,0.05612345546545726,0.10794924944236274,0.28679685222967066,0.06381483017155178,0.12245543575821592
151676,3,R3,kmeans,6,3431,0.28125910813174004,0.05623499928956677,0.1080630875102088,0.28679685222967066,0.0639777516604012,0.12295052698440163
151676,3,R3,kmeans,7,3431,0.2821334887787817,0.05612345546545726,0.10794924944236274,0.28679685222967066,0.06381483017155178,0.12245543575821592
151676,3,R3,kmeans,8,3431,0.28125910813174004,0.05623499928956677,0.10806308751020877,0.28679685222967066,0.0639777516604012,0.1229505269844016
151676,3,R3,kmeans,9,3431,0.28125910813174004,0.05623499928956677,0.1080630875102088,0.28679685222967066,0.0639777516604012,0.1229505269844016
151676,3,R3,gmm,0,3431,0.33372194695424073,0.09460941080947242,0.14678031712084394,0.3602448265811717,0.11681176892053964,0.18249126305121788
151676,3,R3,gmm,1,3431,0.3439230545030603,0.11034159534238883,0.1673679686572329,0.3759836782279219,0.13609593932389827,0.20615273268167614
151676,3,R3,gmm,2,3431,0.3334304867385602,0.09600191629227997,0.14576764504782005,0.35995336636549113,0.11772556815236797,0.18023993883482875
151676,3,R3,gmm,3,3431,0.3354707082483241,0.09592936538040267,0.14777411813355457,0.3637423491693384,0.1190050494780641,0.183407628975039
151676,3,R3,gmm,4,3431,0.35091809967939375,0.11533539404776535,0.17232116467352784,0.3780238997376858,0.13874159964376687,0.2054293699189052
151676,3,R3,gmm,5,3431,0.3334304867385602,0.09600191629227997,0.14576764504782003,0.35995336636549113,0.11772556815236797,0.1802399388348288
151676,3,R3,gmm,6,3431,0.3334304867385602,0.09600191629227997,0.14576764504782005,0.35995336636549113,0.11772556815236797,0.1802399388348288
151676,3,R3,gmm,7,3431,0.3334304867385602,0.09600191629227997,0.14576764504782003,0.35995336636549113,0.11772556815236797,0.1802399388348288
151676,3,R3,gmm,8,3431,0.3334304867385602,0.09455230488751838,0.14654320718099303,0.3614106674438939,0.11693573254616764,0.18140048021562516
151676,3,R3,gmm,9,3431,0.3334304867385602,0.09600191629227997,0.14576764504782005,0.35995336636549113,0.11772556815236797,0.1802399388348288
151676,3,R3,leiden,0,3431,0.3066161468959487,0.07793321808735017,0.14720325012501168,0.3211891576799767,0.08552178784524819,0.15668700099302774
151676,3,R3,leiden,1,3431,0.2917516758962402,0.08848078121705145,0.15931480342544485,0.2993296415039347,0.10026470273850634,0.17538713699058683
151676,3,R3,leiden,2,3431,0.31477703293500436,0.08944858983208406,0.15581306008994947,0.32293791897406005,0.10056745786568293,0.17279613815683115
151676,3,R3,leiden,3,3431,0.3171087146604489,0.08397626271428679,0.15276780805995438,0.3319731856601574,0.09376164750857639,0.1658066941850414
151676,3,R3,leiden,4,3431,0.3045759253861848,0.08326306850289375,0.14993004985650674,0.30632468668026813,0.08878224393898658,0.15804296675665874
151676,3,R3,leiden,5,3431,0.310405129699796,0.08308011196977706,0.15660059667970244,0.32439522005246285,0.09473538443468978,0.17748940810684538
151676,3,R3,leiden,6,3431,0.30865636840571264,0.08594359309806505,0.15160922946712319,0.3217720781113378,0.09709546915332264,0.16663569404759537
151676,3,R3,leiden,7,3431,0.2891285339551151,0.09150817765067684,0.1663253997529402,0.2917516758962402,0.10324704506194354,0.18517932427013056
151676,3,R3,leiden,8,3431,0.320314777032935,0.08877652468344106,0.14790273446031477,0.3334304867385602,0.09585096301125146,0.15775742532346618
151676,3,R3,leiden,9,3431,0.29845526085689306,0.08724333388894666,0.15845730459489826,0.3165257942290877,0.09763316515243095,0.17456481593923223
151676,3,R4,kmeans,0,3431,0.29612357913144854,0.093370488471015,0.1453938213773916,0.33459632760128244,0.12369775965935853,0.18836596156338278
151676,3,R4,kmeans,1,3431,0.29612357913144854,0.09346193458582952,0.14542864879565665,0.33459632760128244,0.12380492560321402,0.18838049386270053
151676,3,R4,kmeans,2,3431,0.2978723404255319,0.09366540472260305,0.14515553318121122,0.3354707082483241,0.12379678420890063,0.18814701076437743
151676,3,R4,kmeans,3,3431,0.29612357913144854,0.0934325281218441,0.1457542094867924,0.33372194695424073,0.12341083317765668,0.18870125790887637
151676,3,R4,kmeans,4,3431,0.29554065870008744,0.09336335277822476,0.14556938747617792,0.33459632760128244,0.12393205174912166,0.1887408221117129
151676,3,R4,kmeans,5,3431,0.295832118915768,0.09337572929794352,0.14537272620257205,0.3343048673856019,0.12367512397689652,0.18826932937699484
151676,3,R4,kmeans,6,3431,0.29758088020985135,0.09338719991430255,0.14502889495733406,0.33605362867968525,0.12397911336719658,0.1885499451560803
151676,3,R4,kmeans,7,3431,0.29758088020985135,0.09346841315238805,0.1448561764942885,0.33605362867968525,0.12403762794468877,0.18835889549273038
151676,3,R4,kmeans,8,3431,0.29612357913144854,0.093370488471015,0.14539382137739168,0.33459632760128244,0.12369775965935853,0.18836596156338276
151676,3,R4,kmeans,9,3431,0.295832118915768,0.09337572929794352,0.14537272620257202,0.3343048673856019,0.12367512397689652,0.18826932937699487
151676,3,R4,gmm,0,3431,0.24366074030894783,0.06195453949685452,0.11056792882760465,0.26202273389682307,0.07692786893445265,0.12666308724247613
151676,3,R4,gmm,1,3431,0.25502768872048964,0.06957473808680464,0.11871085080267306,0.2771786651122122,0.08636900873571451,0.13839490986210276
151676,3,R4,gmm,2,3431,0.2526960069950452,0.06921865545076474,0.1181915263988866,0.2768872048965316,0.08633789600990058,0.1382622120928333
151676,3,R4,gmm,3,3431,0.24803264354415622,0.06634682600895564,0.10849357663402229,0.25852521130865636,0.07824367081915497,0.12609150985414758
151676,3,R4,gmm,4,3431,0.2526960069950452,0.06921865545076474,0.11819152639888657,0.2768872048965316,0.08633789600990058,0.1382622120928333
151676,3,R4,gmm,5,3431,0.25590206936753135,0.06791561321633427,0.10757355968031813,0.2690177790731565,0.08237475196736414,0.1258487533451418
151676,3,R4,gmm,6,3431,0.25648498979889245,0.0678612562112194,0.10739335571602834,0.26960069950451765,0.08241733099810046,0.12570522089330582
151676,3,R4,gmm,7,3431,0.2556106091518508,0.07025536722168468,0.11915883846163,0.27834450597493443,0.0875545462453088,0.13981666861181272
151676,3,R4,gmm,8,3431,0.25590206936753135,0.06783092403440033,0.10741565880683707,0.2693092392888371,0.08243778030530868,0.12575198080621197
151676,3,R4,gmm,9,3431,0.24744972311279512,0.06626171304427037,0.10848144298212185,0.25735937044593415,0.07797579646992567,0.12603290954589944
151676,3,R4,leiden,0,3431,0.3191489361702128,0.09992483685281392,0.1530119185007847,0.3491693383853104,0.12610923574541077,0.1881720331374332
151676,3,R4,leiden,1,3431,0.33809385018944915,0.10661329105792232,0.16148611968102478,0.3628679685222967,0.1332071363886292,0.20557631340609894
151676,3,R4,leiden,2,3431,0.3378023899737686,0.1035936556377661,0.1525588190314956,0.36898863305158847,0.13605223565245816,0.19358142554497085
151676,3,R4,leiden,3,3431,0.3319731856601574,0.10310953045961989,0.156177354473637,0.3541241620518799,0.12997925272538804,0.19806198845029238
151676,3,R4,leiden,4,3431,0.3191489361702128,0.1002878108486365,0.1594701667469151,0.3564558437773244,0.1266040831593345,0.19458671083646528
151676,3,R4,leiden,5,3431,0.3424657534246575,0.10456086781468318,0.15468623206619067,0.37423491693383854,0.13677344859026727,0.19253825625527365
151676,3,R4,leiden,6,3431,0.320314777032935,0.10146650612253719,0.1626253542131696,0.35091809967939375,0.12405369385336153,0.19555342097533762
151676,3,R4,leiden,7,3431,0.32497814048382395,0.10243832942971066,0.15582346259782887,0.35849606528708833,0.134506560167842,0.20054908650628733
151676,3,R4,leiden,8,3431,0.34946079860099094,0.10747392494775593,0.16303490975125493,0.3803555814631303,0.14239125452367024,0.2106946811158234
151676,3,R4,leiden,9,3431,0.3179830953074905,0.10031992725142827,0.1459896094096954,0.3456718157971437,0.12538850631960297,0.1759294689570683
151676,3,R5,kmeans,0,3431,0.3002040221509764,0.07920485789863982,0.14494884402498068,0.32497814048382395,0.10127598271250303,0.1766800736694076
151676,3,R5,kmeans,1,3431,0.29903818128825416,0.07874759424549269,0.14458488346511889,0.3226464587583795,0.1004905175238354,0.17578812473186495
151676,3,R5,kmeans,2,3431,0.29845526085689306,0.07912719695340156,0.14514567753571903,0.32235499854269895,0.10102421893601538,0.1765778066812548
151676,3,R5,kmeans,3,3431,0.30049548236665696,0.07942035514378745,0.1450417197697115,0.32497814048382395,0.10122678715587474,0.1764832045127154
151676,3,R5,kmeans,4,3431,0.30049548236665696,0.07942035514378745,0.1450417197697115,0.32497814048382395,0.10122678715587474,0.17648320451271537
151676,3,R5,kmeans,5,3431,0.30049548236665696,0.07942035514378745,0.1450417197697115,0.32497814048382395,0.10122678715587474,0.1764832045127154
151676,3,R5,kmeans,6,3431,0.29903818128825416,0.07865672265072607,0.1443624883581102,0.3226464587583795,0.10067572818754848,0.17608707361252943
151676,3,R5,kmeans,7,3431,0.29903818128825416,0.07903641416075784,0.14475872607067408,0.3238122996211017,0.10109990154020063,0.17643262483174427
151676,3,R5,kmeans,8,3431,0.30049548236665696,0.07942035514378745,0.1450417197697115,0.32497814048382395,0.10122678715587474,0.17648320451271535
151676,3,R5,kmeans,9,3431,0.30049548236665696,0.07942035514378745,0.1450417197697115,0.32497814048382395,0.10122678715587474,0.17648320451271537
151676,3,R5,gmm,0,3431,0.2430778198775867,0.05965016160951414,0.10163856747905044,0.25706791023025355,0.06843251243029182,0.11261588072541402
151676,3,R5,gmm,1,3431,0.24336928009326728,0.05969072986274207,0.10163408525417571,0.2576508306616147,0.06869017341060765,0.11269538573086012
151676,3,R5,gmm,2,3431,0.24424366074030895,0.06097990841169573,0.10210272819479638,0.25735937044593415,0.07046860300301051,0.11375756072907892
151676,3,R5,gmm,3,3431,0.24511804138735063,0.06106251664312687,0.1023661336444385,0.2561935295832119,0.07033768843524453,0.11397358526640003
151676,3,R5,gmm,4,3431,0.24278635966190615,0.06046178341395059,0.10215386280447433,0.25386184785776744,0.06967102637297135,0.11371607534468413
151676,3,R5,gmm,5,3431,0.2430778198775867,0.05939341272464969,0.10191054382844406,0.2561935295832119,0.06897539427965035,0.11348965899374246
151676,3,R5,gmm,6,3431,0.24336928009326728,0.05970439426044291,0.10166739061175162,0.25794229087729525,0.06871428456099492,0.11274736192750556
151676,3,R5,gmm,7,3431,0.24511804138735063,0.06103784578338967,0.10240779765285665,0.2561935295832119,0.07012787455896248,0.11371536021932781
151676,3,R5,gmm,8,3431,0.24336928009326728,0.05969072986274207,0.10163408525417572,0.2576508306616147,0.06869017341060765,0.11269538573086012
151676,3,R5,gmm,9,3431,0.24336928009326728,0.05970439426044291,0.10166739061175163,0.25794229087729525,0.06871428456099492,0.11274736192750553
151676,3,R5,leiden,0,3431,0.330224424366074,0.09619989851422979,0.1633360777659259,0.34013407169921306,0.11857534020806636,0.1899399965638702
151676,3,R5,leiden,1,3431,0.3308073447974352,0.10039201570563196,0.17048084408012576,0.3453803555814631,0.12373978991151872,0.2048962863961367
151676,3,R5,leiden,2,3431,0.29466627805304574,0.08122922326962081,0.15425886494725424,0.313028271640921,0.10226353112961155,0.18750540950530892
151676,3,R5,leiden,3,3431,0.3354707082483241,0.1024935421036452,0.15915990124888027,0.35441562226756046,0.12920901231464962,0.18909643723957428
151676,3,R5,leiden,4,3431,0.32789274264062956,0.09433981351298946,0.16530275783830212,0.352083940542116,0.12141113473385665,0.19690509426571584
151676,3,R5,leiden,5,3431,0.295832118915768,0.08493681360262023,0.14255967917640908,0.32235499854269895,0.10986824642488893,0.17119847271882382
151676,3,R5,leiden,6,3431,0.33255610609151853,0.10028086379912703,0.1637638316782858,0.35470708248324107,0.1305881211600394,0.19755981050732394
151676,3,R5,leiden,7,3431,0.32352083940542115,0.09448792741193815,0.1624706213818895,0.3439230545030603,0.12356780669277564,0.19638047484343665
151676,3,R5,leiden,8,3431,0.3042844651705042,0.09245890136918962,0.16273288311843023,0.327601282424949,0.11112772695934467,0.1999081603059889
151676,3,R5,leiden,9,3431,0.3354707082483241,0.10386409343099408,0.1662095011945617,0.3608277470125328,0.1356109976699265,0.20008779281612665
151676,3,R6,kmeans,0,3431,0.3002040221509764,0.07920485789863982,0.14494884402498068,0.32497814048382395,0.10127598271250303,0.1766800736694076
151676,3,R6,kmeans,1,3431,0.3002040221509764,0.07920485789863982,0.14494884402498065,0.32497814048382395,0.10127598271250303,0.1766800736694076
151676,3,R6,kmeans,2,3431,0.3002040221509764,0.07920485789863982,0.14494884402498068,0.32497814048382395,0.10127598271250303,0.1766800736694076
151676,3,R6,kmeans,3,3431,0.30049548236665696,0.07942035514378745,0.1450417197697115,0.32497814048382395,0.10122678715587474,0.1764832045127154
151676,3,R6,kmeans,4,3431,0.3002040221509764,0.07920485789863982,0.1449488440249807,0.32497814048382395,0.10127598271250303,0.17668007366940766
151676,3,R6,kmeans,5,3431,0.3002040221509764,0.07920485789863982,0.14494884402498073,0.32497814048382395,0.10127598271250303,0.17668007366940763
151676,3,R6,kmeans,6,3431,0.30049548236665696,0.07942632400781978,0.1451620250065653,0.32556106091518505,0.10214407232263346,0.17757397674965525
151676,3,R6,kmeans,7,3431,0.2999125619352958,0.07919293976854709,0.1449475799347777,0.32439522005246285,0.1010408933829061,0.17642808858143014
151676,3,R6,kmeans,8,3431,0.30049548236665696,0.07942035514378745,0.1450417197697115,0.32497814048382395,0.10122678715587474,0.17648320451271535
151676,3,R6,kmeans,9,3431,0.30049548236665696,0.07942035514378745,0.1450417197697115,0.32497814048382395,0.10122678715587474,0.17648320451271537
151676,3,R6,gmm,0,3431,0.3439230545030603,0.10372636656051756,0.17876781425436591,0.3549985426989216,0.11910268642643308,0.20130366096329966
151676,3,R6,gmm,1,3431,0.3439230545030603,0.10372636656051756,0.17876781425436597,0.3549985426989216,0.11910268642643308,0.20130366096329966
151676,3,R6,gmm,2,3431,0.3427572136403381,0.11434344645884117,0.18636201412185616,0.3587875255027689,0.12958343421479465,0.21063951460545732
151676,3,R6,gmm,3,3431,0.34421451471874087,0.11498758702365411,0.18028483690957892,0.36840571262022737,0.14042857000958758,0.21776834598768097
151676,3,R6,gmm,4,3431,0.3657825706791023,0.12962241890286857,0.18157247031439067,0.3940542116001166,0.1579324272812016,0.22337869358532986
151676,3,R6,gmm,5,3431,0.3480034975225882,0.11806573792112127,0.18195330379729804,0.3716117749927135,0.14415592689239712,0.2228043322174071
151676,3,R6,gmm,6,3431,0.34304867385601867,0.10405805420194666,0.1806588230590585,0.3541241620518799,0.12080030569975515,0.20453639737256382
151676,3,R6,gmm,7,3431,0.34887787816962984,0.11221349822011267,0.18507329004033377,0.35849606528708833,0.12705920341612628,0.210275182066106
151676,3,R6,gmm,8,3431,0.3439230545030603,0.10372636656051756,0.17876781425436594,0.3549985426989216,0.11910268642643308,0.2013036609632996
151676,3,R6,gmm,9,3431,0.3439230545030603,0.10372636656051756,0.17876781425436594,0.3549985426989216,0.11910268642643308,0.20130366096329966
151676,3,R6,leiden,0,3431,0.3273098222092684,0.10331736301659271,0.1653994444521671,0.3500437190323521,0.13619932175511437,0.2007545519079526
151676,3,R6,leiden,1,3431,0.3165257942290877,0.08652156063115135,0.1471863253496107,0.3491693383853104,0.11055162748826985,0.1780012450589347
151676,3,R6,leiden,2,3431,0.33663654911104635,0.10614151950554787,0.16918023881346547,0.3541241620518799,0.13525004610450694,0.20112131440829004
151676,3,R6,leiden,3,3431,0.32235499854269895,0.08959100921787096,0.15785872684103286,0.33955115126785196,0.10530258173502102,0.18673795071280613
151676,3,R6,leiden,4,3431,0.32235499854269895,0.0864056515426822,0.15458971809801814,0.33721946954240745,0.10674358730001822,0.1861725542889604
151676,3,R6,leiden,5,3431,0.32585252113086566,0.0969741595637406,0.16231218062563216,0.3485864179539493,0.1266091288108842,0.19820794107481238
151676,3,R6,leiden,6,3431,0.3165257942290877,0.09341800914526015,0.15183239331807688,0.3343048673856019,0.11638123997965036,0.17765025332967427
151676,3,R6,leiden,7,3431,0.32789274264062956,0.09735215092337433,0.1590461543951176,0.34946079860099094,0.12650666061402763,0.19262503217010812
151676,3,R6,leiden,8,3431,0.33605362867968525,0.10745224662643445,0.17388405975652943,0.35587292334596327,0.13861615610413155,0.21331391967229726
151676,3,R6,leiden,9,3431,0.32993296415039347,0.09980964185859889,0.16758746029650887,0.34946079860099094,0.1277018605804887,0.1971355753797742
151676,3,R7,kmeans,0,3431,0.2704750801515593,0.07466984558564023,0.13177505574367393,0.3045759253861848,0.09644870398206652,0.16011760731090324
151676,3,R7,kmeans,1,3431,0.27018361993587875,0.07464668357830732,0.13189785405344898,0.3037015447391431,0.09605816750403678,0.16025034582753842
151676,3,R7,kmeans,2,3431,0.2725153016613232,0.07706826138477692,0.13298651889996904,0.3060332264645876,0.1012723244589785,0.16295573634250757
151676,3,R7,kmeans,3,3431,0.2690177790731565,0.07476832547286945,0.13035638679874484,0.29845526085689306,0.09601404717541016,0.15953647663793746
151676,3,R7,kmeans,4,3431,0.26960069950451765,0.07383186176917522,0.1299874657717268,0.3022442436607403,0.09490469514040141,0.15730961483662914
151676,3,R7,kmeans,5,3431,0.26960069950451765,0.07432535499410682,0.13019181569455138,0.3013698630136986,0.09495894864799916,0.15784558132832055
151676,3,R7,kmeans,6,3431,0.2704750801515593,0.07466984558564023,0.13177505574367393,0.3045759253861848,0.09644870398206652,0.16011760731090324
151676,3,R7,kmeans,7,3431,0.27018361993587875,0.07464668357830732,0.13189785405344895,0.3037015447391431,0.09605816750403678,0.16025034582753842
151676,3,R7,kmeans,8,3431,0.2684348586417954,0.07398640333126487,0.13078289150582492,0.30049548236665696,0.09442601734230187,0.15792741920187675
151676,3,R7,kmeans,9,3431,0.271349460798601,0.07500987349272291,0.13151751283113608,0.3060332264645876,0.09743241586783259,0.15988931074876703
151676,3,R7,gmm,0,3431,0.2780530457592539,0.07906049683405088,0.12383013926875129,0.3246866802681434,0.11820286507522484,0.1598179121042247
151676,3,R7,gmm,1,3431,0.2774701253278927,0.07883569024132775,0.12313744965449,0.32789274264062956,0.12066135576575496,0.16223681515903127
151676,3,R7,gmm,2,3431,0.2774701253278927,0.07883569024132775,0.12313744965449,0.32789274264062956,0.12066135576575496,0.1622368151590313
151676,3,R7,gmm,3,3431,0.2774701253278927,0.07883569024132775,0.12313744965449003,0.32789274264062956,0.12066135576575496,0.1622368151590313
151676,3,R7,gmm,4,3431,0.27834450597493443,0.07896080117674377,0.12228272707859514,0.3281842028563101,0.11993720289761685,0.15951472821747004
151676,3,R7,gmm,5,3431,0.2774701253278927,0.07883569024132775,0.12313744965448999,0.32789274264062956,0.12066135576575496,0.16223681515903127
151676,3,R7,gmm,6,3431,0.2774701253278927,0.07883569024132775,0.12313744965449003,0.32789274264062956,0.12066135576575496,0.16223681515903127
151676,3,R7,gmm,7,3431,0.2780530457592539,0.07906049683405088,0.12383013926875128,0.3246866802681434,0.11820286507522484,0.15981791210422472
151676,3,R7,gmm,8,3431,0.2774701253278927,0.07883569024132775,0.12313744965449003,0.32789274264062956,0.12066135576575496,0.16223681515903127
151676,3,R7,gmm,9,3431,0.2774701253278927,0.07883569024132775,0.12313744965449001,0.32789274264062956,0.12066135576575496,0.1622368151590313
151676,3,R7,leiden,0,3431,0.2771786651122122,0.07832440220838943,0.12978956580514403,0.31331973185660156,0.11046134071293634,0.1671375650366148
151676,3,R7,leiden,1,3431,0.2500728650539201,0.06886486000066984,0.12503853840035914,0.2800932672690178,0.09606631072764063,0.1557810598803994
151676,3,R7,leiden,2,3431,0.2489070241911979,0.06699433863604225,0.11738765595012787,0.27455552317108717,0.08660358826852835,0.14580755762484604
151676,3,R7,leiden,3,3431,0.256776450014573,0.07489021644592218,0.11232962255023202,0.2908772952491985,0.10895970252524695,0.14149314395277043
151676,3,R7,leiden,4,3431,0.24774118332847567,0.06693168298032756,0.12728638073941784,0.26960069950451765,0.08545611247719412,0.1497367377441275
151676,3,R7,leiden,5,3431,0.24744972311279512,0.06782973425392004,0.12561094414037247,0.2728067618770038,0.08972986535988504,0.1530455569940756
151676,3,R7,leiden,6,3431,0.26143981346546197,0.06495159969786155,0.12393408835081168,0.2841737102885456,0.08437859045415604,0.15074009135390626
151676,3,R7,leiden,7,3431,0.271349460798601,0.06790797765729174,0.12704439863919686,0.30107840279801806,0.09871621252116579,0.16207353274844055
151676,3,R7,leiden,8,3431,0.25852521130865636,0.06926985082342069,0.1255947422117693,0.2923345963276013,0.09710407737262221,0.15555404904127537
151676,3,R7,leiden,9,3431,0.23958029728941999,0.06568568514070901,0.12300316231259349,0.2669775575633926,0.08465120581365163,0.14757939143248267
151676,3,R8,kmeans,0,3431,0.3506266394637132,0.13275069814420337,0.20596401322209248,0.3754007577965608,0.1560891400891459,0.23502926974394525
151676,3,R8,kmeans,1,3431,0.3506266394637132,0.13164307286614607,0.2056235549877938,0.37685805887496354,0.1565787637602394,0.23646572401972582
151676,3,R8,kmeans,2,3431,0.34946079860099094,0.13163017053594656,0.20489330099127168,0.3745263771495191,0.15495001436528266,0.2342892097889635
151676,3,R8,kmeans,3,3431,0.3506266394637132,0.13225173565008244,0.20559131421809432,0.376566598659283,0.15688041834108182,0.2365564709202439
151676,3,R8,kmeans,4,3431,0.35033517924803265,0.1319246116046992,0.20527431480935263,0.3751092975808802,0.15706885520328936,0.23721305704606999
151676,3,R8,kmeans,5,3431,0.35091809967939375,0.13200460076654805,0.20546878734018495,0.37773243952200525,0.15733490874791203,0.2370350772548978
151676,3,R8,kmeans,6,3431,0.3506266394637132,0.1320065401138647,0.20546511127210074,0.37685805887496354,0.15709740821883386,0.23673906143609463
151676,3,R8,kmeans,7,3431,0.3500437190323521,0.1316249931448434,0.2048571768307673,0.37481783736519964,0.15605588430982234,0.23543724142091776
151676,3,R8,kmeans,8,3431,0.34975225881667155,0.13161745876855552,0.20498303640440846,0.3751092975808802,0.156662650916736,0.23597656117406585
151676,3,R8,kmeans,9,3431,0.3491693383853104,0.13177929976737765,0.20519231585796105,0.3745263771495191,0.15517899513338757,0.23471006794079158
151676,3,R8,gmm,0,3431,0.34946079860099094,0.12867533839373585,0.20415685944579903,0.3649081900320606,0.15153467867120357,0.2297578692982683
151676,3,R8,gmm,1,3431,0.34975225881667155,0.12860284162056054,0.20407420946496324,0.3649081900320606,0.15141780549837253,0.22963568389162273
151676,3,R8,gmm,2,3431,0.34975225881667155,0.1287962731376727,0.20437999515860275,0.36549111046342175,0.15174891850487962,0.23028733085377087
151676,3,R8,gmm,3,3431,0.3485864179539493,0.1282970351743911,0.20389731323976298,0.36403380938501895,0.15091407952318872,0.22937267262848657
151676,3,R8,gmm,4,3431,0.3485864179539493,0.1292163124242945,0.2062993081545336,0.36257650830661614,0.1496930195510701,0.23090032424221207
151676,3,R8,gmm,5,3431,0.34742057709122703,0.12830373508067947,0.2045910015681602,0.3617021276595745,0.14878464376317357,0.22932710917447574
151676,3,R8,gmm,6,3431,0.3485864179539493,0.1282970351743911,0.20389731323976298,0.36403380938501895,0.15091407952318872,0.2293726726284866
151676,3,R8,gmm,7,3431,0.36345088895365785,0.13193700995511712,0.20895265286611314,0.3867677062081026,0.15419833275768455,0.2353001765636205
151676,3,R8,gmm,8,3431,0.3477120373069076,0.12897624690901094,0.20636910235204584,0.3617021276595745,0.1491936752725482,0.23063910085900138
151676,3,R8,gmm,9,3431,0.3485864179539493,0.1282970351743911,0.203897313239763,0.36403380938501895,0.15091407952318872,0.22937267262848662
151676,3,R8,leiden,0,3431,0.37423491693383854,0.14877923047231287,0.2289257973049226,0.39055668901194984,0.16507904461091427,0.2551811338002988
151676,3,R8,leiden,1,3431,0.3649081900320606,0.14431313402265478,0.2262683272316663,0.38268726318857477,0.16159898040853474,0.24536765194386287
151676,3,R8,leiden,2,3431,0.40163217720781114,0.15374978061593686,0.23551474714418585,0.4234916933838531,0.17203964349425457,0.2569793860330338
151676,3,R8,leiden,3,3431,0.3515010201107549,0.14806945697405602,0.2349614466102294,0.38122996211017196,0.1690914419388004,0.2570137467657806
151676,3,R8,leiden,4,3431,0.37627513844360244,0.14503446509648246,0.2293393002816635,0.3917225298746721,0.1618577802876283,0.25102318796627987
151676,3,R8,leiden,5,3431,0.38735062663946374,0.14648621147456978,0.22971642180688417,0.4033809385018945,0.16064168882097943,0.2479323357895935
151676,3,R8,leiden,6,3431,0.3471291168755465,0.13922432318302103,0.22287469236787802,0.36257650830661614,0.15622318447663794,0.24412594360469955
151676,3,R8,leiden,7,3431,0.3433401340716992,0.1462432590245774,0.22602154542826675,0.36315942873797724,0.16255171348456843,0.24855767169176052
151676,3,R8,leiden,8,3431,0.38122996211017196,0.1481050634748292,0.2401750531782364,0.4039638589332556,0.16931940000229007,0.2672696316966442
151676,3,R8,leiden,9,3431,0.36811425240454676,0.15289041282115404,0.23710118059897076,0.38589332556106093,0.16898633079837208,0.262540252764219
151676,3,R9,kmeans,0,3431,0.32643544156222676,0.12424327243111546,0.20322086660119476,0.3485864179539493,0.15728664786213367,0.2429991675272342
151676,3,R9,kmeans,1,3431,0.32789274264062956,0.12338878891967667,0.20147751020042307,0.3506266394637132,0.1581347418568542,0.24323483052756537
151676,3,R9,kmeans,2,3431,0.32701836199358786,0.12374060830248396,0.20113149853412735,0.34887787816962984,0.15851347377619665,0.24277081741738527
151676,3,R9,kmeans,3,3431,0.32789274264062956,0.12403666192601173,0.20127159904638717,0.35033517924803265,0.15882667164398442,0.24324401539022117
151676,3,R9,kmeans,4,3431,0.3261439813465462,0.12321319279001858,0.20084309869949038,0.352083940542116,0.15793839259628295,0.24306670258369717
151676,3,R9,kmeans,5,3431,0.3267269017779073,0.12333909124970625,0.20045517971925875,0.3480034975225882,0.15790726223687734,0.24193940529020247
151676,3,R9,kmeans,6,3431,0.32847566307199066,0.1231801235544159,0.2006953733941184,0.352083940542116,0.1583398359832058,0.24307130881487624
151676,3,R9,kmeans,7,3431,0.34363159428737977,0.13731386404389087,0.19305464588286536,0.373943456718158,0.18845480916940477,0.25048515970460283
151676,3,R9,kmeans,8,3431,0.3273098222092684,0.12345968940823843,0.20117799517140425,0.3491693383853104,0.15760178936480143,0.24285770846669016
151676,3,R9,kmeans,9,3431,0.3281842028563101,0.12657711244954217,0.20000666063847486,0.3587875255027689,0.1673635641413295,0.24361830320082425
151676,3,R9,gmm,0,3431,0.30166132322937916,0.11005191060722798,0.20495174529154517,0.3171087146604489,0.1317318966692108,0.23920545037896157
151676,3,R9,gmm,1,3431,0.3383853104051297,0.1295849641517109,0.20139502425123423,0.3710288545613524,0.17353797512075192,0.24715148417783372
151676,3,R9,gmm,2,3431,0.33809385018944915,0.129380398032466,0.20125278374953243,0.37219469542407463,0.17352205959121314,0.2470521311583
151676,3,R9,gmm,3,3431,0.3048673856018653,0.11543058137630123,0.2121197812623457,0.32352083940542115,0.1368838546421818,0.2532805657062393
151676,3,R9,gmm,4,3431,0.32701836199358786,0.12404052527501705,0.20557597402567698,0.35383270183619936,0.1557989978899861,0.24335405478082858
151676,3,R9,gmm,5,3431,0.3383853104051297,0.1294360912037196,0.20120129201940085,0.3713203147770329,0.17339272891721427,0.24687904539501587
151676,3,R9,gmm,6,3431,0.3383853104051297,0.12880774309211301,0.20038378637469018,0.3719032352083941,0.17323295538745456,0.24656461972703525
151676,3,R9,gmm,7,3431,0.3389682308364908,0.13739907652083164,0.20406927524522173,0.37044593412999127,0.1792219702921889,0.24523743759166583
151676,3,R9,gmm,8,3431,0.3424657534246575,0.13568407826679432,0.2016397479505435,0.369280093267269,0.1830845947138679,0.2516945401580387
151676,3,R9,gmm,9,3431,0.34975225881667155,0.13099977638174418,0.20125811229072105,0.3745263771495191,0.16942947228841704,0.24259123480389538
151676,3,R9,leiden,0,3431,0.3710288545613524,0.14643606888901606,0.2132651410904501,0.3876420868551443,0.16722771723058064,0.24323687927167678
151676,3,R9,leiden,1,3431,0.3844360244826581,0.1442371022420479,0.21623845050272347,0.3960944331098805,0.16266044443039077,0.24527423706250587
151676,3,R9,leiden,2,3431,0.33517924803264354,0.13518304158419148,0.21122762456250885,0.34887787816962984,0.15942827381532626,0.24966646554083083
151676,3,R9,leiden,3,3431,0.33576216846400464,0.13562355547478896,0.21123164956564372,0.35587292334596327,0.15851359597129266,0.2446416257624913
151676,3,R9,leiden,4,3431,0.33867677062081025,0.13579853379624543,0.20901980107709453,0.3549985426989216,0.15587736352437234,0.23577799465686375
151676,3,R9,leiden,5,3431,0.3663654911104634,0.13738011819361498,0.21453272983167665,0.38181288254153306,0.15770208132649693,0.2484255838406324
151676,3,R9,leiden,6,3431,0.33313902652287963,0.1355245094972544,0.20821781606927614,0.3471291168755465,0.1553667557281919,0.2401345084664697
151676,3,R9,leiden,7,3431,0.3465461964441854,0.13203921550941872,0.21343116626903585,0.3649081900320606,0.1518573208898605,0.24209480330242814
151676,3,R9,leiden,8,3431,0.37044593412999127,0.13850917575709737,0.21465856548328272,0.38327018361993587,0.1607880543526718,0.2479688135376672
151676,3,R9,leiden,9,3431,0.37336053628679683,0.14200322111704466,0.22020095378071197,0.3829787234042553,0.16522082641782768,0.25952376367564306
151676,3,R10,kmeans,0,3431,0.3150684931506849,0.11262960523968948,0.17169127312449745,0.352083940542116,0.16455897359693633,0.22566422792632154
151676,3,R10,kmeans,1,3431,0.31565141358204607,0.11291423197809784,0.1718630995582046,0.3549985426989216,0.1646500644318633,0.2259030559598164
151676,3,R10,kmeans,2,3431,0.31623433401340717,0.11292729150485865,0.1727376707654335,0.3500437190323521,0.1650710274577154,0.22749712074492784
151676,3,R10,kmeans,3,3431,0.31565141358204607,0.11295275294424693,0.17194585184574468,0.352083940542116,0.16521975123087765,0.22693277234525566
151676,3,R10,kmeans,4,3431,0.31535995336636546,0.11226720808019965,0.17120320193326705,0.3506266394637132,0.16404106269839103,0.22579305308253036
151676,3,R10,kmeans,5,3431,0.3159428737977266,0.1125077956697549,0.17189675863446502,0.35033517924803265,0.16373311224623752,0.22570448752825556
151676,3,R10,kmeans,6,3431,0.3165257942290877,0.11239615206466132,0.17192800850970125,0.3512095598950743,0.16300225008387384,0.22565373321166765
151676,3,R10,kmeans,7,3431,0.31623433401340717,0.11303437905166144,0.17201427925807136,0.35470708248324107,0.16512852846596082,0.22592326694114997
151676,3,R10,kmeans,8,3431,0.31535995336636546,0.11266071977708492,0.17200538232848273,0.3541241620518799,0.16440535060036338,0.22644956508883637
151676,3,R10,kmeans,9,3431,0.31477703293500436,0.11226412940847469,0.1712774117307545,0.35383270183619936,0.16272538397245284,0.22421261152569696
151676,3,R10,gmm,0,3431,0.29554065870008744,0.09677958662492535,0.14812399194432474,0.344797435150102,0.14234528556324647,0.19325120724104852
151676,3,R10,gmm,1,3431,0.29350043719032354,0.09704829076622284,0.14851212917758888,0.34071699213057416,0.14189252634944466,0.19298234081946467
151676,3,R10,gmm,2,3431,0.29350043719032354,0.09687015747793534,0.14836273357334476,0.3412999125619353,0.14124987389714203,0.1929207678794934
151676,3,R10,gmm,3,3431,0.2952491984844069,0.09700494597215062,0.14837120208147359,0.3427572136403381,0.1418896903756859,0.19299571703185758
151676,3,R10,gmm,4,3431,0.29466627805304574,0.09694180606094123,0.1483545877217353,0.3418828329932964,0.14179689109217772,0.1929452212773547
151676,3,R10,gmm,5,3431,0.29350043719032354,0.09651918094048127,0.14870195489142884,0.3412999125619353,0.14076928488389823,0.19295848999872678
151676,3,R10,gmm,6,3431,0.29495773826872634,0.0955705403846085,0.14633396721215966,0.3445059749344215,0.13867435083464408,0.18733748121555208
151676,3,R10,gmm,7,3431,0.2937918974060041,0.09685565257181003,0.14813364737222962,0.3418828329932964,0.14134439958093192,0.192489860393095
151676,3,R10,gmm,8,3431,0.2952491984844069,0.09540499353062536,0.14598504460445047,0.3450888953657826,0.1385117050309925,0.18688560889650468
151676,3,R10,gmm,9,3431,0.29466627805304574,0.09685571282650869,0.14832237002135606,0.3427572136403381,0.14196198613052494,0.1935344185623634
151676,3,R10,leiden,0,3431,0.3456718157971437,0.1453469324223303,0.22530856388752465,0.36898863305158847,0.170055067110222,0.26134211301958443
151676,3,R10,leiden,1,3431,0.34363159428737977,0.1426192162405261,0.22122982327376123,0.35966190614981053,0.16989005208843508,0.25814286451408774
151676,3,R10,leiden,2,3431,0.34596327601282423,0.13714352112703154,0.22191775693058063,0.35441562226756046,0.15785734582427205,0.25599837067895076
151676,3,R10,leiden,3,3431,0.34625473622850483,0.1450979289623201,0.2225238570724934,0.3602448265811717,0.1687094117526877,0.25841784122828665
151676,3,R10,leiden,4,3431,0.3445059749344215,0.1394084206305999,0.21877930995039885,0.35966190614981053,0.16373643981213082,0.2501972859030395
151676,3,R10,leiden,5,3431,0.3246866802681434,0.13794667132730984,0.21408038215916173,0.3453803555814631,0.16374419353218195,0.25479504919636203
151676,3,R10,leiden,6,3431,0.3378023899737686,0.13692506526660006,0.2190532622537147,0.3526668609734771,0.16260538341758524,0.252149313612247
151676,3,R10,leiden,7,3431,0.3651996502477412,0.14204286239205263,0.2167518555242826,0.3867677062081026,0.16694005401157558,0.25678693746205133
151676,3,R10,leiden,8,3431,0.35033517924803265,0.15442611342528398,0.22672243578185902,0.38181288254153306,0.1820586546149935,0.2677743401893381
151676,3,R10,leiden,9,3431,0.3378023899737686,0.13453296365619866,0.21970005461437309,0.35179248032643545,0.1581166777862422,0.2535942574891274
151676,3,R11,kmeans,0,3431,0.3159428737977266,0.11240857608515445,0.17129716776257006,0.35470708248324107,0.1636229716314325,0.22538841150157
151676,3,R11,kmeans,1,3431,0.31535995336636546,0.11237997813736408,0.17213175375393855,0.35091809967939375,0.16537844046333927,0.22751199486129184
151676,3,R11,kmeans,2,3431,0.3165257942290877,0.11293925276960225,0.17310292401488833,0.3515010201107549,0.16550454860958808,0.22909607840757565
151676,3,R11,kmeans,3,3431,0.31535995336636546,0.11266241338810161,0.1713949261903957,0.3535412416205188,0.16357564957249604,0.22449618423730486
151676,3,R11,kmeans,4,3431,0.31477703293500436,0.11259266762476722,0.17169179040503532,0.35529000291460217,0.16346949888434648,0.22513487341813532
151676,3,R11,kmeans,5,3431,0.3150684931506849,0.11232232237021414,0.17149323544595124,0.3515010201107549,0.1642179363429341,0.22545963896749804
151676,3,R11,kmeans,6,3431,0.31535995336636546,0.11025657826510295,0.17269109645101466,0.35907898571844943,0.15748997480068938,0.22344833654264465
151676,3,R11,kmeans,7,3431,0.31535995336636546,0.11285705698420238,0.17247880155444964,0.3515010201107549,0.16419415637730786,0.22588932756946087
151676,3,R11,kmeans,8,3431,0.3165257942290877,0.11292114350695064,0.1727440058632233,0.3500437190323521,0.164687271538087,0.2272129474429815
151676,3,R11,kmeans,9,3431,0.31565141358204607,0.11236678172394453,0.17124434000203126,0.35383270183619936,0.16293444859337056,0.22413172565751824
151676,3,R11,gmm,0,3431,0.3267269017779073,0.08604188689886186,0.16569774266573184,0.36898863305158847,0.12495767941347832,0.21041514849992948
151676,3,R11,gmm,1,3431,0.3182745555231711,0.0854583835164658,0.16159276938441228,0.3506266394637132,0.1151144053100187,0.2006335323829592
151676,3,R11,gmm,2,3431,0.32789274264062956,0.08746100332559087,0.16745275595160627,0.37423491693383854,0.1287872644615588,0.2137571572431321
151676,3,R11,gmm,3,3431,0.31944039638589333,0.07930019124520729,0.16028941887695153,0.3453803555814631,0.10559562838445063,0.19448378550538906
151676,3,R11,gmm,4,3431,0.32789274264062956,0.08861397479818825,0.16784225318618112,0.37481783736519964,0.1299034238344224,0.21441567005640413
151676,3,R11,gmm,5,3431,0.3273098222092684,0.08788128390059767,0.16735403479434963,0.37365199650247743,0.1291284475368223,0.21345462111743238
151676,3,R11,gmm,6,3431,0.30778198775867094,0.08394210554298902,0.15683423090621862,0.32905858350335176,0.10745167076293666,0.18672728299002653
151676,3,R11,gmm,7,3431,0.3185660157388516,0.09096899740863637,0.17623866345545908,0.3637423491693384,0.13021588491250072,0.22428653871975532
151676,3,R11,gmm,8,3431,0.3287671232876712,0.08892962626911845,0.16871794090863457,0.376566598659283,0.1313433713709814,0.21570561116920872
151676,3,R11,gmm,9,3431,0.3296415039347129,0.0948824480003793,0.1774676176261623,0.3710288545613524,0.13062790446952552,0.22243615334694525
151676,3,R11,leiden,0,3431,0.3316817254444768,0.13682027362260787,0.22695133996138656,0.35849606528708833,0.16201208019225538,0.27029794320186595
151676,3,R11,leiden,1,3431,0.3535412416205188,0.1379059695920628,0.2208981941524258,0.3745263771495191,0.16395843490447154,0.25605770111778275
151676,3,R11,leiden,2,3431,0.3526668609734771,0.1410417179782978,0.21906820875765884,0.3686971728359079,0.1603596419150591,0.24953276612804579
151676,3,R11,leiden,3,3431,0.36607403089478285,0.14712155427594267,0.22322089287911015,0.3815214223258525,0.17089147496909673,0.2603311870569343
151676,3,R11,leiden,4,3431,0.3657825706791023,0.14527351822984233,0.2204928239768534,0.3835616438356164,0.1668942185357689,0.25525539409664
151676,3,R11,leiden,5,3431,0.35441562226756046,0.1454748575901508,0.2209950627735637,0.37423491693383854,0.16710081448317904,0.25405737708461607
151676,3,R11,leiden,6,3431,0.3800641212474497,0.14088943109738536,0.22709715994527552,0.39143106965899155,0.1669074802345402,0.27014917587149145
151676,3,R11,leiden,7,3431,0.36315942873797724,0.14327225553588005,0.21349393659125865,0.3780238997376858,0.1636324278357056,0.24593407145096344
151676,3,R11,leiden,8,3431,0.35937044593413,0.14731755405839364,0.2262484070108338,0.37365199650247743,0.1753272046657994,0.2629500619317227
151676,3,R11,leiden,9,3431,0.3561643835616438,0.13672622096777065,0.21844610905102008,0.3686971728359079,0.15407819630439099,0.24655733404880573
